p_noshow,p_denial,appointment_value,noshow_loss,denial_loss,total_expected_loss,risk_score,risk_tier
0.6044,0.277,2223.58,1343.88,243.7,1587.58,71.4,HIGH
0.4318,0.277,2223.58,960.24,349.98,1310.21,58.9,MODERATE
0.4359,0.277,2223.58,969.26,347.48,1316.73,59.2,MODERATE
0.5417,0.277,2223.58,1204.41,282.34,1486.74,66.9,HIGH
0.5428,0.277,2223.58,1206.95,281.63,1488.58,66.9,HIGH
0.4542,0.277,2223.58,1009.97,336.2,1346.17,60.5,MODERATE
0.4833,0.277,2223.58,1074.74,318.26,1393.0,62.6,MODERATE
0.4466,0.277,2223.58,992.96,340.91,1333.88,60.0,MODERATE
0.4664,0.277,2223.58,1037.14,328.67,1365.81,61.4,MODERATE
0.4612,0.277,2223.58,1025.47,331.91,1357.38,61.0,MODERATE
0.2431,0.277,2223.58,540.48,466.26,1006.74,45.3,LOW
0.5896,0.277,2223.58,1310.98,252.81,1563.79,70.3,HIGH
0.6814,0.277,2223.58,1515.22,196.23,1711.45,77.0,CRITICAL
0.5685,0.277,2223.58,1264.1,265.8,1529.9,68.8,HIGH
0.3442,0.277,2223.58,765.33,403.97,1169.3,52.6,LOW
0.4181,0.277,2223.58,929.67,358.45,1288.11,57.9,MODERATE
0.5084,0.277,2223.58,1130.51,302.81,1433.32,64.5,MODERATE
0.5517,0.277,2223.58,1226.69,276.16,1502.85,67.6,HIGH
0.5257,0.277,2223.58,1168.95,292.16,1461.11,65.7,HIGH
0.5519,0.277,2223.58,1227.26,276.0,1503.27,67.6,HIGH
0.4782,0.277,2223.58,1063.42,321.39,1384.81,62.3,MODERATE
0.6703,0.277,2223.58,1490.42,203.1,1693.52,76.2,CRITICAL
0.5851,0.277,2223.58,1300.92,255.6,1556.52,70.0,HIGH
0.4007,0.277,2223.58,891.07,369.14,1260.21,56.7,MODERATE
0.5023,0.277,2223.58,1116.83,306.6,1423.43,64.0,MODERATE
0.4366,0.277,2223.58,970.8,347.05,1317.85,59.3,MODERATE
0.5989,0.277,2223.58,1331.7,247.07,1578.78,71.0,HIGH
0.2671,0.277,2223.58,593.91,451.46,1045.37,47.0,LOW
0.3687,0.277,2223.58,819.77,388.89,1208.66,54.4,LOW
0.4877,0.277,2223.58,1084.49,315.56,1400.04,63.0,MODERATE
0.3888,0.277,2223.58,864.44,376.51,1240.96,55.8,MODERATE
0.55,0.277,2223.58,1223.05,277.17,1500.22,67.5,HIGH
0.442,0.277,2223.58,982.78,343.73,1326.51,59.7,MODERATE
0.5385,0.277,2223.58,1197.49,284.25,1481.74,66.6,HIGH
0.6138,0.277,2223.58,1364.73,237.92,1602.65,72.1,CRITICAL
0.5971,0.277,2223.58,1327.68,248.19,1575.87,70.9,HIGH
0.6415,0.277,2223.58,1426.47,220.82,1647.29,74.1,CRITICAL
0.4944,0.277,2223.58,1099.36,311.44,1410.8,63.4,MODERATE
0.3182,0.277,2223.58,707.53,419.98,1127.51,50.7,LOW
0.5563,0.277,2223.58,1236.97,273.32,1510.28,67.9,HIGH
0.6973,0.277,2223.58,1550.53,186.45,1736.98,78.1,CRITICAL
0.4401,0.277,2223.58,978.7,344.86,1323.57,59.5,MODERATE
0.3835,0.277,2223.58,852.83,379.73,1232.56,55.4,MODERATE
0.6208,0.277,2223.58,1380.38,233.59,1613.97,72.6,CRITICAL
0.3115,0.277,2223.58,692.64,424.11,1116.75,50.2,LOW
0.3935,0.277,2223.58,874.99,373.59,1248.59,56.2,MODERATE
0.4025,0.277,2223.58,894.97,368.06,1263.03,56.8,MODERATE
0.5192,0.277,2223.58,1154.55,296.15,1450.69,65.2,HIGH
0.4855,0.277,2223.58,1079.46,316.95,1396.41,62.8,MODERATE
0.3958,0.277,2223.58,880.11,372.17,1252.29,56.3,MODERATE
0.4469,0.277,2223.58,993.68,340.71,1334.39,60.0,MODERATE
0.5063,0.277,2223.58,1125.82,304.11,1429.93,64.3,MODERATE
0.3679,0.277,2223.58,817.96,389.39,1207.35,54.3,LOW
0.5653,0.277,2223.58,1256.99,267.77,1524.76,68.6,HIGH
0.4123,0.277,2223.58,916.83,362.0,1278.83,57.5,MODERATE
0.2854,0.277,2223.58,634.65,440.17,1074.82,48.3,LOW
0.5687,0.277,2223.58,1264.64,265.65,1530.29,68.8,HIGH
0.6101,0.277,2223.58,1356.6,240.17,1596.78,71.8,HIGH
0.5461,0.277,2223.58,1214.25,279.61,1493.86,67.2,HIGH
0.5656,0.277,2223.58,1257.57,267.61,1525.18,68.6,HIGH
0.5768,0.277,2223.58,1282.57,260.68,1543.25,69.4,HIGH
0.3895,0.277,2223.58,866.15,376.04,1242.19,55.9,MODERATE
0.4588,0.277,2223.58,1020.1,333.39,1353.5,60.9,MODERATE
0.4118,0.277,2223.58,915.62,362.34,1277.96,57.5,MODERATE
0.4717,0.277,2223.58,1048.92,325.41,1374.33,61.8,MODERATE
0.3205,0.277,2223.58,712.72,418.55,1131.26,50.9,LOW
0.6039,0.277,2223.58,1342.72,244.02,1586.74,71.4,HIGH
0.5454,0.277,2223.58,1212.74,280.03,1492.76,67.1,HIGH
0.5423,0.277,2223.58,1205.95,281.91,1487.86,66.9,HIGH
0.4459,0.277,2223.58,991.39,341.35,1332.74,59.9,MODERATE
0.5847,0.277,2223.58,1300.11,255.82,1555.94,70.0,HIGH
0.6031,0.277,2223.58,1340.97,244.51,1585.47,71.3,HIGH
0.4078,0.277,2223.58,906.68,364.81,1271.49,57.2,MODERATE
0.6115,0.277,2223.58,1359.73,239.31,1599.04,71.9,HIGH
0.4262,0.277,2223.58,947.58,353.48,1301.07,58.5,MODERATE
0.3922,0.277,2223.58,872.08,374.4,1246.48,56.1,MODERATE
0.4604,0.277,2223.58,1023.63,332.41,1356.05,61.0,MODERATE
0.6405,0.277,2223.58,1424.17,221.46,1645.62,74.0,CRITICAL
0.5649,0.277,2223.58,1256.03,268.03,1524.07,68.5,HIGH
0.4363,0.277,2223.58,970.13,347.24,1317.37,59.2,MODERATE
0.6725,0.277,2223.58,1495.25,201.77,1697.02,76.3,CRITICAL
0.335,0.277,2223.58,745.01,409.6,1154.61,51.9,LOW
0.5517,0.277,2223.58,1226.67,276.17,1502.84,67.6,HIGH
0.3982,0.277,2223.58,885.37,370.72,1256.08,56.5,MODERATE
0.3719,0.277,2223.58,826.86,386.93,1213.78,54.6,LOW
0.3334,0.277,2223.58,741.44,410.59,1152.03,51.8,LOW
0.4996,0.277,2223.58,1110.89,308.24,1419.13,63.8,MODERATE
0.389,0.277,2223.58,864.91,376.38,1241.3,55.8,MODERATE
0.4178,0.277,2223.58,928.98,358.63,1287.62,57.9,MODERATE
0.5298,0.277,2223.58,1178.02,289.65,1467.66,66.0,HIGH
0.6127,0.277,2223.58,1362.47,238.55,1601.02,72.0,CRITICAL
0.4133,0.277,2223.58,918.92,361.42,1280.34,57.6,MODERATE
0.5472,0.277,2223.58,1216.69,278.93,1495.63,67.3,HIGH
0.3847,0.277,2223.58,855.36,379.03,1234.39,55.5,MODERATE
0.3758,0.277,2223.58,835.52,384.53,1220.05,54.9,LOW
0.3356,0.277,2223.58,746.24,409.26,1155.5,52.0,LOW
0.4122,0.277,2223.58,916.6,362.07,1278.66,57.5,MODERATE
0.4544,0.277,2223.58,1010.37,336.09,1346.46,60.6,MODERATE
0.4938,0.277,2223.58,1098.06,311.8,1409.85,63.4,MODERATE
0.4286,0.277,2223.58,953.07,351.96,1305.03,58.7,MODERATE
0.5972,0.277,2223.58,1328.02,248.09,1576.11,70.9,HIGH
0.4411,0.277,2223.58,980.82,344.28,1325.09,59.6,MODERATE
0.4052,0.277,2223.58,901.0,366.39,1267.39,57.0,MODERATE
0.4225,0.277,2223.58,939.48,355.73,1295.21,58.2,MODERATE
0.4191,0.277,2223.58,932.01,357.8,1289.81,58.0,MODERATE
0.4867,0.277,2223.58,1082.28,316.17,1398.45,62.9,MODERATE
0.5464,0.277,2223.58,1215.07,279.38,1494.46,67.2,HIGH
0.5591,0.277,2223.58,1243.22,271.58,1514.8,68.1,HIGH
0.4518,0.277,2223.58,1004.71,337.66,1342.37,60.4,MODERATE
0.57,0.277,2223.58,1267.38,264.89,1532.27,68.9,HIGH
0.3804,0.277,2223.58,845.78,381.69,1227.46,55.2,MODERATE
0.4606,0.277,2223.58,1024.28,332.24,1356.52,61.0,MODERATE
0.4941,0.277,2223.58,1098.59,311.65,1410.24,63.4,MODERATE
0.6812,0.277,2223.58,1514.61,196.4,1711.01,76.9,CRITICAL
0.7248,0.277,2223.58,1611.65,169.52,1781.17,80.1,CRITICAL
0.4613,0.277,2223.58,1025.76,331.83,1357.59,61.1,MODERATE
0.4474,0.277,2223.58,994.8,340.4,1335.2,60.0,MODERATE
0.404,0.277,2223.58,898.34,367.13,1265.46,56.9,MODERATE
0.4938,0.277,2223.58,1097.93,311.83,1409.76,63.4,MODERATE
0.4391,0.277,2223.58,976.31,345.52,1321.83,59.4,MODERATE
0.6684,0.277,2223.58,1486.23,204.27,1690.49,76.0,CRITICAL
0.3556,0.277,2223.58,790.8,396.92,1187.71,53.4,LOW
0.4343,0.277,2223.58,965.62,348.49,1314.1,59.1,MODERATE
0.3302,0.277,2223.58,734.2,412.6,1146.79,51.6,LOW
0.5598,0.277,2223.58,1244.72,271.17,1515.89,68.2,HIGH
0.3888,0.277,2223.58,864.56,376.48,1241.04,55.8,MODERATE
0.4744,0.277,2223.58,1054.91,323.75,1378.66,62.0,MODERATE
0.4957,0.277,2223.58,1102.28,310.63,1412.91,63.5,MODERATE
0.4593,0.277,2223.58,1021.3,333.06,1354.36,60.9,MODERATE
0.5383,0.277,2223.58,1197.0,284.39,1481.39,66.6,HIGH
0.4276,0.277,2223.58,950.72,352.61,1303.33,58.6,MODERATE
0.4163,0.277,2223.58,925.64,359.56,1285.2,57.8,MODERATE
0.5663,0.277,2223.58,1259.31,267.13,1526.44,68.6,HIGH
0.5159,0.277,2223.58,1147.2,298.18,1445.38,65.0,HIGH
0.5677,0.277,2223.58,1262.27,266.31,1528.57,68.7,HIGH
0.5797,0.277,2223.58,1289.09,258.88,1547.97,69.6,HIGH
0.5275,0.277,2223.58,1172.88,291.07,1463.95,65.8,HIGH
0.4111,0.277,2223.58,914.05,362.77,1276.82,57.4,MODERATE
0.4086,0.277,2223.58,908.66,364.27,1272.92,57.2,MODERATE
0.4884,0.277,2223.58,1086.02,315.13,1401.15,63.0,MODERATE
0.4344,0.277,2223.58,965.88,348.41,1314.3,59.1,MODERATE
0.4179,0.277,2223.58,929.16,358.59,1287.75,57.9,MODERATE
0.6016,0.277,2223.58,1337.78,245.39,1583.17,71.2,HIGH
0.4994,0.277,2223.58,1110.52,308.35,1418.86,63.8,MODERATE
0.5818,0.277,2223.58,1293.61,257.63,1551.23,69.8,HIGH
0.5745,0.277,2223.58,1277.48,262.09,1539.57,69.2,HIGH
0.3781,0.277,2223.58,840.63,383.11,1223.74,55.0,MODERATE
0.2364,0.277,2223.58,525.59,470.38,995.98,44.8,LOW
0.5364,0.277,2223.58,1192.65,285.59,1478.25,66.5,HIGH
0.4558,0.277,2223.58,1013.51,335.22,1348.73,60.7,MODERATE
0.5239,0.277,2223.58,1165.04,293.24,1458.28,65.6,HIGH
0.5281,0.277,2223.58,1174.16,290.71,1464.88,65.9,HIGH
0.3899,0.277,2223.58,867.01,375.8,1242.81,55.9,MODERATE
0.5366,0.277,2223.58,1193.23,285.43,1478.66,66.5,HIGH
0.4319,0.277,2223.58,960.42,349.93,1310.35,58.9,MODERATE
0.4844,0.277,2223.58,1077.14,317.59,1394.73,62.7,MODERATE
0.5282,0.277,2223.58,1174.54,290.61,1465.15,65.9,HIGH
0.4457,0.277,2223.58,991.13,341.42,1332.55,59.9,MODERATE
0.5612,0.277,2223.58,1247.97,270.27,1518.24,68.3,HIGH
0.5351,0.277,2223.58,1189.9,286.35,1476.25,66.4,HIGH
0.6741,0.277,2223.58,1498.95,200.74,1699.69,76.4,CRITICAL
0.4592,0.277,2223.58,1021.13,333.11,1354.24,60.9,MODERATE
0.4837,0.277,2223.58,1075.49,318.05,1393.54,62.7,MODERATE
0.6146,0.277,2223.58,1366.5,237.43,1603.94,72.1,CRITICAL
0.4732,0.277,2223.58,1052.19,324.5,1376.69,61.9,MODERATE
0.5386,0.277,2223.58,1197.59,284.22,1481.82,66.6,HIGH
0.2144,0.277,2223.58,476.71,483.92,960.64,43.2,LOW
0.6014,0.277,2223.58,1337.19,245.55,1582.74,71.2,HIGH
0.4954,0.277,2223.58,1101.46,310.86,1412.31,63.5,MODERATE
0.4312,0.277,2223.58,958.86,350.36,1309.22,58.9,MODERATE
0.4767,0.277,2223.58,1059.87,322.38,1382.25,62.2,MODERATE
0.4743,0.277,2223.58,1054.72,323.8,1378.52,62.0,MODERATE
0.5347,0.277,2223.58,1188.96,286.62,1475.57,66.4,HIGH
0.5166,0.277,2223.58,1148.72,297.76,1446.49,65.1,HIGH
0.4427,0.277,2223.58,984.34,343.3,1327.64,59.7,MODERATE
0.4517,0.277,2223.58,1004.38,337.75,1342.13,60.4,MODERATE
0.4271,0.277,2223.58,949.63,352.91,1302.55,58.6,MODERATE
0.5169,0.277,2223.58,1149.35,297.59,1446.94,65.1,HIGH
0.5578,0.277,2223.58,1240.39,272.37,1512.76,68.0,HIGH
0.3214,0.277,2223.58,714.57,418.03,1132.6,50.9,LOW
0.5314,0.277,2223.58,1181.63,288.65,1470.28,66.1,HIGH
0.4695,0.277,2223.58,1044.02,326.77,1370.79,61.6,MODERATE
0.416,0.277,2223.58,925.07,359.72,1284.79,57.8,MODERATE
0.4188,0.277,2223.58,931.21,358.02,1289.23,58.0,MODERATE
0.5141,0.277,2223.58,1143.1,299.32,1442.42,64.9,MODERATE
0.4565,0.277,2223.58,1015.06,334.79,1349.85,60.7,MODERATE
0.6718,0.277,2223.58,1493.87,202.15,1696.02,76.3,CRITICAL
0.7377,0.277,2223.58,1640.39,161.56,1801.95,81.0,CRITICAL
0.5718,0.277,2223.58,1271.54,263.74,1535.28,69.0,HIGH
0.4884,0.277,2223.58,1085.99,315.14,1401.13,63.0,MODERATE
0.5454,0.277,2223.58,1212.74,280.03,1492.77,67.1,HIGH
0.3984,0.277,2223.58,885.94,370.56,1256.5,56.5,MODERATE
0.6258,0.277,2223.58,1391.54,230.5,1622.04,72.9,CRITICAL
0.4866,0.277,2223.58,1082.09,316.22,1398.31,62.9,MODERATE
0.455,0.277,2223.58,1011.81,335.69,1347.5,60.6,MODERATE
0.3865,0.277,2223.58,859.33,377.93,1237.26,55.6,MODERATE
0.6201,0.277,2223.58,1378.81,234.02,1612.83,72.5,CRITICAL
0.3997,0.277,2223.58,888.85,369.75,1258.61,56.6,MODERATE
0.4038,0.277,2223.58,897.93,367.24,1265.16,56.9,MODERATE
0.5071,0.277,2223.58,1127.67,303.59,1431.27,64.4,MODERATE
0.6153,0.277,2223.58,1368.17,236.97,1605.14,72.2,CRITICAL
0.4122,0.277,2223.58,916.56,362.08,1278.64,57.5,MODERATE
0.4943,0.277,2223.58,1099.03,311.53,1410.56,63.4,MODERATE
0.566,0.277,2223.58,1258.55,267.34,1525.89,68.6,HIGH
0.4962,0.277,2223.58,1103.32,310.34,1413.66,63.6,MODERATE
0.4187,0.277,2223.58,930.93,358.1,1289.02,58.0,MODERATE
0.6398,0.277,2223.58,1422.64,221.88,1644.52,74.0,CRITICAL
0.3734,0.277,2223.58,830.21,386.0,1216.21,54.7,LOW
0.4273,0.277,2223.58,950.07,352.79,1302.86,58.6,MODERATE
0.5147,0.277,2223.58,1144.51,298.93,1443.44,64.9,MODERATE
0.4285,0.277,2223.58,952.78,352.04,1304.82,58.7,MODERATE
0.4523,0.277,2223.58,1005.74,337.37,1343.11,60.4,MODERATE
0.4198,0.277,2223.58,933.54,357.37,1290.91,58.1,MODERATE
0.3775,0.277,2223.58,839.47,383.43,1222.9,55.0,LOW
0.6269,0.277,2223.58,1393.96,229.83,1623.79,73.0,CRITICAL
0.3009,0.277,2223.58,669.05,430.64,1099.7,49.5,LOW
0.4779,0.277,2223.58,1062.55,321.64,1384.18,62.3,MODERATE
0.3964,0.277,2223.58,881.47,371.8,1253.27,56.4,MODERATE
0.5983,0.277,2223.58,1330.29,247.46,1577.76,71.0,HIGH
0.4002,0.277,2223.58,889.89,369.47,1259.35,56.6,MODERATE
0.5177,0.277,2223.58,1151.04,297.12,1448.16,65.1,HIGH
0.4435,0.277,2223.58,986.16,342.8,1328.95,59.8,MODERATE
0.3891,0.277,2223.58,865.15,376.32,1241.47,55.8,MODERATE
0.556,0.277,2223.58,1236.3,273.5,1509.8,67.9,HIGH
0.3215,0.277,2223.58,714.87,417.95,1132.82,50.9,LOW
0.4106,0.277,2223.58,912.9,363.09,1275.99,57.4,MODERATE
0.409,0.277,2223.58,909.4,364.06,1273.46,57.3,MODERATE
0.6309,0.277,2223.58,1402.88,227.35,1630.24,73.3,CRITICAL
0.5573,0.277,2223.58,1239.17,272.71,1511.88,68.0,HIGH
0.6837,0.277,2223.58,1520.24,194.84,1715.08,77.1,CRITICAL
0.5678,0.277,2223.58,1262.61,266.21,1528.82,68.8,HIGH
0.3902,0.277,2223.58,867.67,375.62,1243.29,55.9,MODERATE
0.3736,0.277,2223.58,830.73,385.85,1216.58,54.7,LOW
0.5625,0.277,2223.58,1250.75,269.5,1520.24,68.4,HIGH
0.4518,0.277,2223.58,1004.67,337.67,1342.34,60.4,MODERATE
0.4245,0.277,2223.58,943.83,354.52,1298.35,58.4,MODERATE
0.4206,0.277,2223.58,935.17,356.92,1292.09,58.1,MODERATE
0.3531,0.277,2223.58,785.2,398.47,1183.67,53.2,LOW
0.4706,0.277,2223.58,1046.48,326.09,1372.56,61.7,MODERATE
0.4992,0.277,2223.58,1110.1,308.46,1418.56,63.8,MODERATE
0.4918,0.277,2223.58,1093.58,313.04,1406.62,63.3,MODERATE
0.5358,0.277,2223.58,1191.42,285.93,1477.35,66.4,HIGH
0.4952,0.277,2223.58,1101.16,310.94,1412.1,63.5,MODERATE
0.3202,0.277,2223.58,712.07,418.72,1130.8,50.9,LOW
0.6897,0.277,2223.58,1533.51,191.17,1724.67,77.6,CRITICAL
0.684,0.277,2223.58,1520.91,194.66,1715.56,77.2,CRITICAL
0.5906,0.277,2223.58,1313.33,252.16,1565.49,70.4,HIGH
0.4725,0.277,2223.58,1050.7,324.92,1375.62,61.9,MODERATE
0.6116,0.277,2223.58,1359.93,239.25,1599.18,71.9,HIGH
0.5765,0.277,2223.58,1281.82,260.89,1542.71,69.4,HIGH
0.5389,0.277,2223.58,1198.24,284.05,1482.28,66.7,HIGH
0.3839,0.277,2223.58,853.69,379.49,1233.18,55.5,MODERATE
0.4855,0.277,2223.58,1079.47,316.95,1396.42,62.8,MODERATE
0.6001,0.277,2223.58,1334.35,246.34,1580.69,71.1,HIGH
0.3273,0.277,2223.58,727.81,414.36,1142.18,51.4,LOW
0.6317,0.277,2223.58,1404.58,226.88,1631.46,73.4,CRITICAL
0.5968,0.277,2223.58,1327.14,248.34,1575.48,70.9,HIGH
0.5178,0.277,2223.58,1151.37,297.03,1448.4,65.1,HIGH
0.4054,0.277,2223.58,901.38,366.28,1267.66,57.0,MODERATE
0.4715,0.277,2223.58,1048.46,325.54,1374.0,61.8,MODERATE
0.4936,0.277,2223.58,1097.53,311.94,1409.47,63.4,MODERATE
0.4152,0.277,2223.58,923.15,360.25,1283.4,57.7,MODERATE
0.6913,0.277,2223.58,1537.06,190.18,1727.24,77.7,CRITICAL
0.4842,0.277,2223.58,1076.75,317.7,1394.45,62.7,MODERATE
0.6274,0.277,2223.58,1395.15,229.49,1624.65,73.1,CRITICAL
0.4145,0.277,2223.58,921.73,360.64,1282.38,57.7,MODERATE
0.5659,0.277,2223.58,1258.27,267.41,1525.68,68.6,HIGH
0.4593,0.277,2223.58,1021.21,333.09,1354.3,60.9,MODERATE
0.69,0.277,2223.58,1534.18,190.98,1725.16,77.6,CRITICAL
0.3858,0.277,2223.58,857.84,378.34,1236.18,55.6,MODERATE
0.2915,0.277,2223.58,648.2,436.42,1084.62,48.8,LOW
0.4396,0.277,2223.58,977.45,345.21,1322.66,59.5,MODERATE
0.4073,0.277,2223.58,905.62,365.11,1270.73,57.1,MODERATE
0.6168,0.277,2223.58,1371.53,236.04,1607.57,72.3,CRITICAL
0.5627,0.277,2223.58,1251.14,269.39,1520.53,68.4,HIGH
0.6026,0.277,2223.58,1339.9,244.8,1584.7,71.3,HIGH
0.4187,0.277,2223.58,930.93,358.1,1289.02,58.0,MODERATE
0.3128,0.277,2223.58,695.49,423.32,1118.81,50.3,LOW
0.4553,0.277,2223.58,1012.49,335.5,1347.99,60.6,MODERATE
0.5305,0.277,2223.58,1179.65,289.19,1468.84,66.1,HIGH
0.3713,0.277,2223.58,825.66,387.26,1212.92,54.5,LOW
0.5053,0.277,2223.58,1123.6,304.72,1428.33,64.2,MODERATE
0.4581,0.277,2223.58,1018.56,333.82,1352.38,60.8,MODERATE
0.5026,0.277,2223.58,1117.66,306.37,1424.03,64.0,MODERATE
0.6126,0.277,2223.58,1362.18,238.63,1600.81,72.0,HIGH
0.6279,0.277,2223.58,1396.23,229.2,1625.43,73.1,CRITICAL
0.2332,0.277,2223.58,518.56,472.33,990.89,44.6,LOW
0.3924,0.277,2223.58,872.48,374.29,1246.77,56.1,MODERATE
0.5528,0.277,2223.58,1229.1,275.5,1504.59,67.7,HIGH
0.609,0.277,2223.58,1354.27,240.82,1595.09,71.7,HIGH
0.5059,0.277,2223.58,1125.02,304.33,1429.34,64.3,MODERATE
0.4417,0.277,2223.58,982.08,343.93,1326.01,59.6,MODERATE
0.4381,0.277,2223.58,974.1,346.14,1320.24,59.4,MODERATE
0.4009,0.277,2223.58,891.49,369.02,1260.51,56.7,MODERATE
0.46,0.277,2223.58,1022.82,332.64,1355.46,61.0,MODERATE
0.5558,0.277,2223.58,1235.83,273.63,1509.46,67.9,HIGH
0.6065,0.277,2223.58,1348.54,242.41,1590.94,71.5,HIGH
0.3319,0.277,2223.58,737.9,411.57,1149.47,51.7,LOW
0.437,0.277,2223.58,971.64,346.82,1318.46,59.3,MODERATE
0.5224,0.277,2223.58,1161.61,294.19,1455.8,65.5,HIGH
0.4978,0.277,2223.58,1106.81,309.37,1416.18,63.7,MODERATE
0.5958,0.277,2223.58,1324.89,248.96,1573.85,70.8,HIGH
0.4788,0.277,2223.58,1064.67,321.05,1385.72,62.3,MODERATE
0.3782,0.277,2223.58,841.01,383.01,1224.01,55.0,MODERATE
0.5491,0.277,2223.58,1220.96,277.75,1498.71,67.4,HIGH
0.6263,0.277,2223.58,1392.57,230.21,1622.78,73.0,CRITICAL
0.5762,0.277,2223.58,1281.15,261.08,1542.22,69.4,HIGH
0.4296,0.277,2223.58,955.28,351.35,1306.63,58.8,MODERATE
0.4521,0.277,2223.58,1005.19,337.52,1342.72,60.4,MODERATE
0.5188,0.277,2223.58,1153.54,296.43,1449.97,65.2,HIGH
0.4414,0.277,2223.58,981.46,344.1,1325.56,59.6,MODERATE
0.5287,0.277,2223.58,1175.71,290.29,1466.0,65.9,HIGH
0.2823,0.277,2223.58,627.76,442.08,1069.84,48.1,LOW
0.4197,0.277,2223.58,933.28,357.45,1290.72,58.0,MODERATE
0.3369,0.277,2223.58,749.17,408.45,1157.61,52.1,LOW
0.4246,0.277,2223.58,944.22,354.41,1298.64,58.4,MODERATE
0.5917,0.277,2223.58,1315.6,251.53,1567.14,70.5,HIGH
0.489,0.277,2223.58,1087.42,314.74,1402.16,63.1,MODERATE
0.6126,0.277,2223.58,1362.21,238.62,1600.83,72.0,HIGH
0.4965,0.277,2223.58,1103.92,310.17,1414.09,63.6,MODERATE
0.5531,0.277,2223.58,1229.82,275.3,1505.11,67.7,HIGH
0.4546,0.277,2223.58,1010.74,335.99,1346.73,60.6,MODERATE
0.5451,0.277,2223.58,1212.11,280.2,1492.31,67.1,HIGH
0.5198,0.277,2223.58,1155.73,295.82,1451.55,65.3,HIGH
0.5619,0.277,2223.58,1249.32,269.89,1519.22,68.3,HIGH
0.4104,0.277,2223.58,912.6,363.17,1275.77,57.4,MODERATE
0.7155,0.277,2223.58,1590.97,175.25,1766.22,79.4,CRITICAL
0.3996,0.277,2223.58,888.48,369.86,1258.33,56.6,MODERATE
0.6414,0.277,2223.58,1426.3,220.87,1647.17,74.1,CRITICAL
0.3936,0.277,2223.58,875.18,373.54,1248.72,56.2,MODERATE
0.4162,0.277,2223.58,925.38,359.63,1285.01,57.8,MODERATE
0.6058,0.277,2223.58,1347.05,242.82,1589.87,71.5,HIGH
0.6307,0.277,2223.58,1402.42,227.48,1629.9,73.3,CRITICAL
0.4658,0.277,2223.58,1035.64,329.09,1364.73,61.4,MODERATE
0.5176,0.277,2223.58,1150.92,297.15,1448.07,65.1,HIGH
0.5,0.277,2223.58,1111.69,308.02,1419.71,63.8,MODERATE
0.3282,0.277,2223.58,729.84,413.8,1143.64,51.4,LOW
0.6079,0.277,2223.58,1351.66,241.54,1593.2,71.7,HIGH
0.3382,0.277,2223.58,752.1,407.63,1159.74,52.2,LOW
0.6241,0.277,2223.58,1387.66,231.57,1619.23,72.8,CRITICAL
0.4315,0.277,2223.58,959.48,350.19,1309.67,58.9,MODERATE
0.4619,0.277,2223.58,1027.12,331.45,1358.57,61.1,MODERATE
0.5645,0.277,2223.58,1255.11,268.29,1523.4,68.5,HIGH
0.5528,0.277,2223.58,1229.25,275.45,1504.71,67.7,HIGH
0.5735,0.277,2223.58,1275.32,262.69,1538.01,69.2,HIGH
0.4271,0.277,2223.58,949.69,352.9,1302.59,58.6,MODERATE
0.4241,0.277,2223.58,943.02,354.75,1297.77,58.4,MODERATE
0.3792,0.277,2223.58,843.13,382.42,1225.55,55.1,MODERATE
0.5612,0.277,2223.58,1247.94,270.28,1518.22,68.3,HIGH
0.38,0.277,2223.58,845.02,381.9,1226.91,55.2,MODERATE
0.5656,0.277,2223.58,1257.69,267.58,1525.27,68.6,HIGH
0.5806,0.277,2223.58,1291.05,258.33,1549.38,69.7,HIGH
0.4399,0.277,2223.58,978.24,344.99,1323.23,59.5,MODERATE
0.617,0.277,2223.58,1371.91,235.93,1607.84,72.3,CRITICAL
0.7137,0.277,2223.58,1586.96,176.36,1763.32,79.3,CRITICAL
0.5519,0.277,2223.58,1227.09,276.05,1503.14,67.6,HIGH
0.4001,0.277,2223.58,889.71,369.51,1259.22,56.6,MODERATE
0.5202,0.277,2223.58,1156.76,295.54,1452.29,65.3,HIGH
0.5979,0.277,2223.58,1329.53,247.67,1577.21,70.9,HIGH
0.5716,0.277,2223.58,1270.9,263.92,1534.81,69.0,HIGH
0.4699,0.277,2223.58,1044.92,326.52,1371.44,61.7,MODERATE
0.5232,0.277,2223.58,1163.35,293.71,1457.06,65.5,HIGH
0.3843,0.277,2223.58,854.46,379.28,1233.74,55.5,MODERATE
0.5767,0.277,2223.58,1282.44,260.72,1543.16,69.4,HIGH
0.6807,0.277,2223.58,1513.59,196.69,1710.27,76.9,CRITICAL
0.4006,0.277,2223.58,890.74,369.23,1259.97,56.7,MODERATE
0.3959,0.277,2223.58,880.32,372.12,1252.43,56.3,MODERATE
0.3407,0.277,2223.58,757.68,406.09,1163.77,52.3,LOW
0.5286,0.277,2223.58,1175.37,290.38,1465.75,65.9,HIGH
0.4439,0.277,2223.58,987.12,342.53,1329.65,59.8,MODERATE
0.5596,0.277,2223.58,1244.31,271.28,1515.59,68.2,HIGH
0.5893,0.277,2223.58,1310.42,252.97,1563.39,70.3,HIGH
0.655,0.277,2223.58,1456.43,212.52,1668.95,75.1,CRITICAL
0.3261,0.277,2223.58,725.04,415.13,1140.17,51.3,LOW
0.4751,0.277,2223.58,1056.36,323.35,1379.71,62.0,MODERATE
0.361,0.277,2223.58,802.81,393.59,1196.4,53.8,LOW
0.4073,0.277,2223.58,905.72,365.08,1270.8,57.2,MODERATE
0.6505,0.277,2223.58,1446.44,215.29,1661.73,74.7,CRITICAL
0.4406,0.277,2223.58,979.72,344.58,1324.3,59.6,MODERATE
0.4761,0.277,2223.58,1058.75,322.69,1381.44,62.1,MODERATE
0.482,0.277,2223.58,1071.66,319.11,1390.77,62.5,MODERATE
0.5815,0.277,2223.58,1293.01,257.79,1550.8,69.7,HIGH
0.4097,0.277,2223.58,911.03,363.61,1274.64,57.3,MODERATE
0.4197,0.277,2223.58,933.28,357.45,1290.72,58.0,MODERATE
0.4748,0.277,2223.58,1055.75,323.52,1379.27,62.0,MODERATE
0.5024,0.277,2223.58,1117.03,306.54,1423.57,64.0,MODERATE
0.3117,0.277,2223.58,693.17,423.96,1117.13,50.2,LOW
0.5903,0.277,2223.58,1312.48,252.4,1564.88,70.4,HIGH
0.5721,0.277,2223.58,1272.1,263.58,1535.68,69.1,HIGH
0.4932,0.277,2223.58,1096.56,312.21,1408.77,63.4,MODERATE
0.3932,0.277,2223.58,874.3,373.78,1248.08,56.1,MODERATE
0.5076,0.277,2223.58,1128.7,303.31,1432.01,64.4,MODERATE
0.5462,0.277,2223.58,1214.41,279.56,1493.98,67.2,HIGH
0.4252,0.277,2223.58,945.49,354.06,1299.55,58.4,MODERATE
0.547,0.277,2223.58,1216.26,279.05,1495.32,67.2,HIGH
0.4749,0.277,2223.58,1055.92,323.47,1379.39,62.0,MODERATE
0.4655,0.277,2223.58,1035.13,329.23,1364.36,61.4,MODERATE
0.5043,0.277,2223.58,1121.37,305.34,1426.71,64.2,MODERATE
0.2389,0.277,2223.58,531.26,468.82,1000.07,45.0,LOW
0.5225,0.277,2223.58,1161.86,294.12,1455.98,65.5,HIGH
0.6576,0.277,2223.58,1462.12,210.94,1673.06,75.2,CRITICAL
0.6206,0.277,2223.58,1379.86,233.73,1613.59,72.6,CRITICAL
0.5325,0.277,2223.58,1183.98,288.0,1471.97,66.2,HIGH
0.5324,0.277,2223.58,1183.9,288.02,1471.91,66.2,HIGH
0.4699,0.277,2223.58,1044.81,326.55,1371.36,61.7,MODERATE
0.4264,0.277,2223.58,948.17,353.32,1301.49,58.5,MODERATE
0.5728,0.277,2223.58,1273.61,263.16,1536.78,69.1,HIGH
0.5757,0.277,2223.58,1280.13,261.36,1541.49,69.3,HIGH
0.5745,0.277,2223.58,1277.54,262.08,1539.62,69.2,HIGH
0.5561,0.277,2223.58,1236.63,273.41,1510.04,67.9,HIGH
0.5906,0.277,2223.58,1313.23,252.19,1565.42,70.4,HIGH
0.6128,0.277,2223.58,1362.72,238.48,1601.2,72.0,CRITICAL
0.5339,0.277,2223.58,1187.16,287.11,1474.27,66.3,HIGH
0.6013,0.277,2223.58,1337.05,245.59,1582.64,71.2,HIGH
0.5041,0.277,2223.58,1120.91,305.47,1426.37,64.1,MODERATE
0.5204,0.277,2223.58,1157.08,295.45,1452.53,65.3,HIGH
0.6283,0.277,2223.58,1397.05,228.97,1626.02,73.1,CRITICAL
0.5426,0.277,2223.58,1206.44,281.77,1488.21,66.9,HIGH
0.5546,0.277,2223.58,1233.25,274.35,1507.6,67.8,HIGH
0.5205,0.277,2223.58,1157.41,295.35,1452.77,65.3,HIGH
0.6218,0.277,2223.58,1382.72,232.94,1615.66,72.7,CRITICAL
0.5718,0.277,2223.58,1271.51,263.75,1535.26,69.0,HIGH
0.5801,0.277,2223.58,1289.97,258.63,1548.6,69.6,HIGH
0.4729,0.277,2223.58,1051.6,324.67,1376.27,61.9,MODERATE
0.6383,0.277,2223.58,1419.29,222.81,1642.09,73.8,CRITICAL
0.3977,0.277,2223.58,884.4,370.99,1255.39,56.5,MODERATE
0.6599,0.277,2223.58,1467.43,209.47,1676.9,75.4,CRITICAL
0.6333,0.277,2223.58,1408.27,225.86,1634.13,73.5,CRITICAL
0.4722,0.277,2223.58,1050.06,325.09,1375.15,61.8,MODERATE
0.4965,0.277,2223.58,1104.03,310.14,1414.17,63.6,MODERATE
0.4014,0.277,2223.58,892.58,368.72,1261.3,56.7,MODERATE
0.4881,0.277,2223.58,1085.27,315.34,1400.61,63.0,MODERATE
0.6323,0.277,2223.58,1405.9,226.52,1632.42,73.4,CRITICAL
0.4808,0.277,2223.58,1069.01,319.85,1388.85,62.5,MODERATE
0.4744,0.277,2223.58,1054.83,323.77,1378.6,62.0,MODERATE
0.4873,0.277,2223.58,1083.56,315.81,1399.37,62.9,MODERATE
0.5221,0.277,2223.58,1160.93,294.38,1455.31,65.4,HIGH
0.3698,0.277,2223.58,822.18,388.22,1210.4,54.4,LOW
0.4936,0.277,2223.58,1097.6,311.92,1409.52,63.4,MODERATE
0.2306,0.277,2223.58,512.85,473.91,986.76,44.4,LOW
0.7287,0.277,2223.58,1620.34,167.11,1787.45,80.4,CRITICAL
0.4916,0.277,2223.58,1093.16,313.15,1406.31,63.2,MODERATE
0.426,0.277,2223.58,947.29,353.56,1300.86,58.5,MODERATE
0.3676,0.277,2223.58,817.34,389.56,1206.9,54.3,LOW
0.503,0.277,2223.58,1118.43,306.16,1424.58,64.1,MODERATE
0.3977,0.277,2223.58,884.28,371.02,1255.3,56.5,MODERATE
0.4882,0.277,2223.58,1085.59,315.25,1400.84,63.0,MODERATE
0.5489,0.277,2223.58,1220.61,277.85,1498.46,67.4,HIGH
0.6053,0.277,2223.58,1345.84,243.16,1589.0,71.5,HIGH
0.4079,0.277,2223.58,906.92,364.75,1271.67,57.2,MODERATE
0.5217,0.277,2223.58,1160.11,294.61,1454.72,65.4,HIGH
0.4656,0.277,2223.58,1035.29,329.18,1364.48,61.4,MODERATE
0.4682,0.277,2223.58,1041.14,327.56,1368.71,61.6,MODERATE
0.2432,0.277,2223.58,540.76,466.18,1006.94,45.3,LOW
0.4016,0.277,2223.58,892.88,368.64,1261.52,56.7,MODERATE
0.6054,0.277,2223.58,1346.18,243.06,1589.24,71.5,HIGH
0.6575,0.277,2223.58,1462.1,210.95,1673.05,75.2,CRITICAL
0.5062,0.277,2223.58,1125.6,304.17,1429.77,64.3,MODERATE
0.6693,0.277,2223.58,1488.29,203.69,1691.98,76.1,CRITICAL
0.5049,0.277,2223.58,1122.77,304.95,1427.72,64.2,MODERATE
0.4395,0.277,2223.58,977.21,345.28,1322.48,59.5,MODERATE
0.4676,0.277,2223.58,1039.75,327.95,1367.7,61.5,MODERATE
0.3987,0.277,2223.58,886.52,370.4,1256.92,56.5,MODERATE
0.4732,0.277,2223.58,1052.22,324.5,1376.72,61.9,MODERATE
0.2281,0.277,2223.58,507.27,475.46,982.73,44.2,LOW
0.4399,0.277,2223.58,978.05,345.04,1323.09,59.5,MODERATE
0.1626,0.277,2223.58,361.45,515.85,877.31,39.5,LOW
0.607,0.277,2223.58,1349.73,242.08,1591.81,71.6,HIGH
0.494,0.277,2223.58,1098.43,311.69,1410.13,63.4,MODERATE
0.5062,0.277,2223.58,1125.62,304.16,1429.78,64.3,MODERATE
0.4352,0.277,2223.58,967.81,347.88,1315.69,59.2,MODERATE
0.4399,0.277,2223.58,978.22,344.99,1323.22,59.5,MODERATE
0.4412,0.277,2223.58,981.06,344.21,1325.27,59.6,MODERATE
0.4562,0.277,2223.58,1014.3,335.0,1349.3,60.7,MODERATE
0.5871,0.277,2223.58,1305.39,254.36,1559.75,70.1,HIGH
0.453,0.277,2223.58,1007.21,336.96,1344.17,60.5,MODERATE
0.4799,0.277,2223.58,1067.15,320.36,1387.51,62.4,MODERATE
0.3784,0.277,2223.58,841.45,382.88,1224.33,55.1,MODERATE
0.3873,0.277,2223.58,861.23,377.4,1238.64,55.7,MODERATE
0.5238,0.277,2223.58,1164.7,293.34,1458.03,65.6,HIGH
0.5637,0.277,2223.58,1253.49,268.74,1522.23,68.5,HIGH
0.4206,0.277,2223.58,935.33,356.88,1292.21,58.1,MODERATE
0.4975,0.277,2223.58,1106.33,309.51,1415.84,63.7,MODERATE
0.5205,0.277,2223.58,1157.35,295.37,1452.72,65.3,HIGH
0.3396,0.277,2223.58,755.07,406.81,1161.88,52.3,LOW
0.5532,0.277,2223.58,1230.08,275.22,1505.3,67.7,HIGH
0.4448,0.277,2223.58,989.01,342.01,1331.02,59.9,MODERATE
0.7322,0.277,2223.58,1628.1,164.96,1793.06,80.6,CRITICAL
0.4614,0.277,2223.58,1026.02,331.75,1357.77,61.1,MODERATE
0.4598,0.277,2223.58,1022.5,332.73,1355.23,60.9,MODERATE
0.5886,0.277,2223.58,1308.78,253.42,1562.2,70.3,HIGH
0.4489,0.277,2223.58,998.17,339.47,1337.64,60.2,MODERATE
0.4632,0.277,2223.58,1029.87,330.69,1360.56,61.2,MODERATE
0.5308,0.277,2223.58,1180.33,289.01,1469.33,66.1,HIGH
0.2924,0.277,2223.58,650.18,435.87,1086.05,48.8,LOW
0.4059,0.277,2223.58,902.47,365.98,1268.45,57.0,MODERATE
0.6704,0.277,2223.58,1490.73,203.02,1693.75,76.2,CRITICAL
0.6267,0.277,2223.58,1393.41,229.98,1623.39,73.0,CRITICAL
0.607,0.277,2223.58,1349.71,242.08,1591.79,71.6,HIGH
0.5633,0.277,2223.58,1252.49,269.01,1521.51,68.4,HIGH
0.3174,0.277,2223.58,705.77,420.47,1126.24,50.6,LOW
0.3284,0.277,2223.58,730.19,413.71,1143.89,51.4,LOW
0.5514,0.277,2223.58,1226.17,276.31,1502.48,67.6,HIGH
0.3148,0.277,2223.58,700.03,422.06,1122.09,50.5,LOW
0.4626,0.277,2223.58,1028.62,331.03,1359.66,61.1,MODERATE
0.549,0.277,2223.58,1220.71,277.82,1498.53,67.4,HIGH
0.4395,0.277,2223.58,977.21,345.28,1322.48,59.5,MODERATE
0.4897,0.277,2223.58,1088.81,314.36,1403.17,63.1,MODERATE
0.596,0.277,2223.58,1325.36,248.83,1574.19,70.8,HIGH
0.476,0.277,2223.58,1058.4,322.78,1381.18,62.1,MODERATE
0.4485,0.277,2223.58,997.25,339.72,1336.98,60.1,MODERATE
0.3009,0.277,2223.58,669.09,430.63,1099.72,49.5,LOW
0.4914,0.277,2223.58,1092.77,313.26,1406.04,63.2,MODERATE
0.5819,0.277,2223.58,1293.82,257.57,1551.39,69.8,HIGH
0.3866,0.277,2223.58,859.58,377.86,1237.44,55.7,MODERATE
0.4214,0.277,2223.58,937.05,356.4,1293.45,58.2,MODERATE
0.5757,0.277,2223.58,1280.1,261.37,1541.47,69.3,HIGH
0.4136,0.277,2223.58,919.65,361.22,1280.87,57.6,MODERATE
0.5982,0.277,2223.58,1330.06,247.53,1577.59,70.9,HIGH
0.3443,0.277,2223.58,765.63,403.89,1169.52,52.6,LOW
0.3839,0.277,2223.58,853.57,379.53,1233.1,55.5,MODERATE
0.6704,0.277,2223.58,1490.66,203.04,1693.69,76.2,CRITICAL
0.3432,0.277,2223.58,763.22,404.56,1167.78,52.5,LOW
0.3955,0.277,2223.58,879.5,372.34,1251.85,56.3,MODERATE
0.3796,0.277,2223.58,843.97,382.19,1226.15,55.1,MODERATE
0.4506,0.277,2223.58,1002.02,338.4,1340.42,60.3,MODERATE
0.4129,0.277,2223.58,918.23,361.61,1279.84,57.6,MODERATE
0.487,0.277,2223.58,1082.91,315.99,1398.9,62.9,MODERATE
0.557,0.277,2223.58,1238.48,272.9,1511.37,68.0,HIGH
0.3434,0.277,2223.58,763.48,404.48,1167.96,52.5,LOW
0.3666,0.277,2223.58,815.22,390.15,1205.37,54.2,LOW
0.3988,0.277,2223.58,886.87,370.3,1257.17,56.5,MODERATE
0.5889,0.277,2223.58,1309.56,253.21,1562.76,70.3,HIGH
0.3942,0.277,2223.58,876.57,373.15,1249.73,56.2,MODERATE
0.466,0.277,2223.58,1036.17,328.94,1365.11,61.4,MODERATE
0.5424,0.277,2223.58,1205.98,281.9,1487.88,66.9,HIGH
0.4591,0.277,2223.58,1020.92,333.17,1354.08,60.9,MODERATE
0.5351,0.277,2223.58,1189.75,286.4,1476.15,66.4,HIGH
0.4213,0.277,2223.58,936.73,356.49,1293.22,58.2,MODERATE
0.4643,0.277,2223.58,1032.46,329.97,1362.43,61.3,MODERATE
0.4353,0.277,2223.58,967.93,347.85,1315.78,59.2,MODERATE
0.3902,0.277,2223.58,867.63,375.63,1243.26,55.9,MODERATE
0.452,0.277,2223.58,1005.08,337.56,1342.63,60.4,MODERATE
0.5343,0.277,2223.58,1188.04,286.87,1474.91,66.3,HIGH
0.6444,0.277,2223.58,1432.79,219.07,1651.86,74.3,CRITICAL
0.3848,0.277,2223.58,855.74,378.93,1234.66,55.5,MODERATE
0.3238,0.277,2223.58,720.02,416.52,1136.54,51.1,LOW
0.6194,0.277,2223.58,1377.39,234.41,1611.81,72.5,CRITICAL
0.3906,0.277,2223.58,868.57,375.37,1243.94,55.9,MODERATE
0.5357,0.277,2223.58,1191.08,286.03,1477.11,66.4,HIGH
0.5317,0.277,2223.58,1182.38,288.44,1470.82,66.1,HIGH
0.5184,0.277,2223.58,1152.72,296.66,1449.37,65.2,HIGH
0.4269,0.277,2223.58,949.33,353.0,1302.33,58.6,MODERATE
0.6202,0.277,2223.58,1379.16,233.93,1613.08,72.5,CRITICAL
0.6244,0.277,2223.58,1388.41,231.36,1619.78,72.8,CRITICAL
0.61,0.277,2223.58,1356.33,240.25,1596.58,71.8,HIGH
0.4442,0.277,2223.58,987.76,342.35,1330.11,59.8,MODERATE
0.5227,0.277,2223.58,1162.26,294.01,1456.27,65.5,HIGH
0.4614,0.277,2223.58,1025.86,331.8,1357.66,61.1,MODERATE
0.6035,0.277,2223.58,1342.02,244.21,1586.23,71.3,HIGH
0.4215,0.277,2223.58,937.35,356.32,1293.67,58.2,MODERATE
0.4511,0.277,2223.58,1003.0,338.13,1341.13,60.3,MODERATE
0.4657,0.277,2223.58,1035.48,329.13,1364.61,61.4,MODERATE
0.4515,0.277,2223.58,1004.03,337.84,1341.88,60.3,MODERATE
0.4795,0.277,2223.58,1066.16,320.63,1386.79,62.4,MODERATE
0.5541,0.277,2223.58,1232.13,274.66,1506.79,67.8,HIGH
0.416,0.277,2223.58,924.92,359.76,1284.68,57.8,MODERATE
0.4236,0.277,2223.58,941.96,355.04,1297.0,58.3,MODERATE
0.3633,0.277,2223.58,807.88,392.18,1200.06,54.0,LOW
0.5391,0.277,2223.58,1198.63,283.94,1482.57,66.7,HIGH
0.3643,0.277,2223.58,809.95,391.61,1201.56,54.0,LOW
0.3969,0.277,2223.58,882.59,371.49,1254.08,56.4,MODERATE
0.4685,0.277,2223.58,1041.74,327.4,1369.14,61.6,MODERATE
0.4691,0.277,2223.58,1042.99,327.05,1370.04,61.6,MODERATE
0.3908,0.277,2223.58,869.08,375.23,1244.31,56.0,MODERATE
0.5117,0.277,2223.58,1137.72,300.81,1438.53,64.7,MODERATE
0.6904,0.277,2223.58,1535.24,190.69,1725.93,77.6,CRITICAL
0.6638,0.277,2223.58,1475.94,207.11,1683.06,75.7,CRITICAL
0.6063,0.277,2223.58,1348.06,242.54,1590.6,71.5,HIGH
0.6025,0.277,2223.58,1339.63,244.88,1584.5,71.3,HIGH
0.3408,0.277,2223.58,757.87,406.04,1163.91,52.3,LOW
0.7326,0.277,2223.58,1628.97,164.72,1793.69,80.7,CRITICAL
0.4424,0.277,2223.58,983.6,343.5,1327.11,59.7,MODERATE
0.4145,0.277,2223.58,921.71,360.65,1282.36,57.7,MODERATE
0.3761,0.277,2223.58,836.22,384.33,1220.55,54.9,LOW
0.581,0.277,2223.58,1291.8,258.13,1549.93,69.7,HIGH
0.4872,0.277,2223.58,1083.37,315.87,1399.23,62.9,MODERATE
0.4344,0.277,2223.58,965.96,348.39,1314.35,59.1,MODERATE
0.7086,0.277,2223.58,1575.73,179.47,1755.2,78.9,CRITICAL
0.5631,0.277,2223.58,1252.04,269.14,1521.18,68.4,HIGH
0.4799,0.277,2223.58,1067.05,320.39,1387.44,62.4,MODERATE
0.5888,0.277,2223.58,1309.19,253.31,1562.5,70.3,HIGH
0.5315,0.277,2223.58,1181.92,288.57,1470.49,66.1,HIGH
0.36,0.277,2223.58,800.45,394.24,1194.69,53.7,LOW
0.5651,0.277,2223.58,1256.51,267.9,1524.41,68.6,HIGH
0.5935,0.277,2223.58,1319.63,250.42,1570.05,70.6,HIGH
0.5034,0.277,2223.58,1119.26,305.92,1425.18,64.1,MODERATE
0.5786,0.277,2223.58,1286.47,259.6,1546.07,69.5,HIGH
0.5208,0.277,2223.58,1158.07,295.17,1453.24,65.4,HIGH
0.4742,0.277,2223.58,1054.51,323.86,1378.37,62.0,MODERATE
0.3792,0.277,2223.58,843.25,382.38,1225.64,55.1,MODERATE
0.6904,0.277,2223.58,1535.23,190.69,1725.92,77.6,CRITICAL
0.5821,0.277,2223.58,1294.34,257.42,1551.76,69.8,HIGH
0.2934,0.277,2223.58,652.34,435.27,1087.62,48.9,LOW
0.409,0.277,2223.58,909.51,364.03,1273.54,57.3,MODERATE
0.5547,0.277,2223.58,1233.44,274.29,1507.73,67.8,HIGH
0.4991,0.277,2223.58,1109.87,308.53,1418.39,63.8,MODERATE
0.5173,0.277,2223.58,1150.2,297.35,1447.55,65.1,HIGH
0.6287,0.277,2223.58,1397.91,228.73,1626.64,73.2,CRITICAL
0.5613,0.277,2223.58,1247.99,270.26,1518.25,68.3,HIGH
0.5699,0.277,2223.58,1267.15,264.95,1532.11,68.9,HIGH
0.367,0.277,2223.58,816.14,389.89,1206.04,54.2,LOW
0.5331,0.277,2223.58,1185.48,287.58,1473.06,66.2,HIGH
0.3642,0.277,2223.58,809.74,391.67,1201.41,54.0,LOW
0.6037,0.277,2223.58,1342.28,244.14,1586.42,71.3,HIGH
0.3798,0.277,2223.58,844.48,382.05,1226.52,55.2,MODERATE
0.282,0.277,2223.58,627.09,442.27,1069.36,48.1,LOW
0.5844,0.277,2223.58,1299.43,256.01,1555.44,70.0,HIGH
0.5031,0.277,2223.58,1118.69,306.08,1424.78,64.1,MODERATE
0.5455,0.277,2223.58,1212.93,279.98,1492.9,67.1,HIGH
0.6488,0.277,2223.58,1442.58,216.36,1658.94,74.6,CRITICAL
0.4317,0.277,2223.58,959.85,350.08,1309.94,58.9,MODERATE
0.52,0.277,2223.58,1156.27,295.67,1451.94,65.3,HIGH
0.6028,0.277,2223.58,1340.28,244.7,1584.98,71.3,HIGH
0.5006,0.277,2223.58,1113.07,307.64,1420.71,63.9,MODERATE
0.5146,0.277,2223.58,1144.36,298.97,1443.33,64.9,MODERATE
0.4659,0.277,2223.58,1036.0,328.99,1364.99,61.4,MODERATE
0.3933,0.277,2223.58,874.64,373.69,1248.33,56.1,MODERATE
0.5287,0.277,2223.58,1175.6,290.32,1465.92,65.9,HIGH
0.407,0.277,2223.58,905.09,365.26,1270.34,57.1,MODERATE
0.4046,0.277,2223.58,899.75,366.73,1266.48,57.0,MODERATE
0.476,0.277,2223.58,1058.36,322.79,1381.15,62.1,MODERATE
0.6218,0.277,2223.58,1382.51,233.0,1615.51,72.7,CRITICAL
0.442,0.277,2223.58,982.77,343.74,1326.5,59.7,MODERATE
0.3766,0.277,2223.58,837.49,383.98,1221.47,54.9,LOW
0.3036,0.277,2223.58,675.12,428.96,1104.08,49.7,LOW
0.6445,0.277,2223.58,1433.15,218.97,1652.12,74.3,CRITICAL
0.4092,0.277,2223.58,909.82,363.94,1273.77,57.3,MODERATE
0.3515,0.277,2223.58,781.6,399.46,1181.07,53.1,LOW
0.4273,0.277,2223.58,950.22,352.75,1302.97,58.6,MODERATE
0.58,0.277,2223.58,1289.59,258.74,1548.33,69.6,HIGH
0.3466,0.277,2223.58,770.78,402.46,1173.24,52.8,LOW
0.7582,0.277,2223.58,1685.87,148.96,1834.83,82.5,CRITICAL
0.484,0.277,2223.58,1076.3,317.83,1394.12,62.7,MODERATE
0.5322,0.277,2223.58,1183.44,288.14,1471.59,66.2,HIGH
0.5487,0.277,2223.58,1220.04,278.0,1498.05,67.4,HIGH
0.3822,0.277,2223.58,849.82,380.56,1230.39,55.3,MODERATE
0.4742,0.277,2223.58,1054.4,323.89,1378.29,62.0,MODERATE
0.5375,0.277,2223.58,1195.12,284.91,1480.03,66.6,HIGH
0.3381,0.277,2223.58,751.72,407.74,1159.46,52.1,LOW
0.5421,0.277,2223.58,1205.37,282.07,1487.44,66.9,HIGH
0.4144,0.277,2223.58,921.45,360.72,1282.17,57.7,MODERATE
0.673,0.277,2223.58,1496.48,201.42,1697.91,76.4,CRITICAL
0.2942,0.277,2223.58,654.09,434.79,1088.88,49.0,LOW
0.4409,0.277,2223.58,980.42,344.38,1324.81,59.6,MODERATE
0.6807,0.277,2223.58,1513.67,196.66,1710.34,76.9,CRITICAL
0.2956,0.277,2223.58,657.2,433.93,1091.12,49.1,LOW
0.4235,0.277,2223.58,941.67,355.12,1296.79,58.3,MODERATE
0.5648,0.277,2223.58,1255.83,268.09,1523.92,68.5,HIGH
0.532,0.277,2223.58,1182.95,288.28,1471.23,66.2,HIGH
0.6162,0.277,2223.58,1370.21,236.41,1606.61,72.3,CRITICAL
0.3874,0.277,2223.58,861.46,377.34,1238.8,55.7,MODERATE
0.4939,0.277,2223.58,1098.31,311.73,1410.04,63.4,MODERATE
0.684,0.277,2223.58,1520.82,194.68,1715.5,77.2,CRITICAL
0.4284,0.277,2223.58,952.62,352.09,1304.71,58.7,MODERATE
0.4479,0.277,2223.58,995.86,340.11,1335.97,60.1,MODERATE
0.4989,0.277,2223.58,1109.4,308.66,1418.06,63.8,MODERATE
0.577,0.277,2223.58,1283.04,260.55,1543.59,69.4,HIGH
0.5788,0.277,2223.58,1286.96,259.47,1546.43,69.5,HIGH
0.657,0.277,2223.58,1460.89,211.28,1672.17,75.2,CRITICAL
0.5752,0.277,2223.58,1278.93,261.69,1540.62,69.3,HIGH
0.4691,0.277,2223.58,1043.14,327.01,1370.15,61.6,MODERATE
0.4793,0.277,2223.58,1065.81,320.73,1386.54,62.4,MODERATE
0.4843,0.277,2223.58,1076.98,317.64,1394.62,62.7,MODERATE
0.6216,0.277,2223.58,1382.13,233.1,1615.23,72.6,CRITICAL
0.4958,0.277,2223.58,1102.51,310.56,1413.07,63.5,MODERATE
0.7232,0.277,2223.58,1608.17,170.48,1778.66,80.0,CRITICAL
0.3923,0.277,2223.58,872.22,374.36,1246.58,56.1,MODERATE
0.4996,0.277,2223.58,1110.97,308.22,1419.19,63.8,MODERATE
0.5651,0.277,2223.58,1256.51,267.9,1524.41,68.6,HIGH
0.4714,0.277,2223.58,1048.19,325.61,1373.8,61.8,MODERATE
0.4084,0.277,2223.58,908.0,364.45,1272.45,57.2,MODERATE
0.439,0.277,2223.58,976.23,345.55,1321.78,59.4,MODERATE
0.4025,0.277,2223.58,895.08,368.03,1263.11,56.8,MODERATE
0.515,0.277,2223.58,1145.2,298.74,1443.94,64.9,MODERATE
0.4498,0.277,2223.58,1000.07,338.94,1339.01,60.2,MODERATE
0.4211,0.277,2223.58,936.4,356.58,1292.98,58.1,MODERATE
0.4941,0.277,2223.58,1098.71,311.62,1410.33,63.4,MODERATE
0.5108,0.277,2223.58,1135.84,301.33,1437.17,64.6,MODERATE
0.4826,0.277,2223.58,1073.18,318.69,1391.87,62.6,MODERATE
0.6061,0.277,2223.58,1347.72,242.64,1590.35,71.5,HIGH
0.4891,0.277,2223.58,1087.46,314.73,1402.19,63.1,MODERATE
0.5534,0.277,2223.58,1230.51,275.11,1505.61,67.7,HIGH
0.5925,0.277,2223.58,1317.49,251.01,1568.5,70.5,HIGH
0.5991,0.277,2223.58,1332.07,246.97,1579.04,71.0,HIGH
0.7037,0.277,2223.58,1564.75,182.51,1747.26,78.6,CRITICAL
0.6148,0.277,2223.58,1367.07,237.28,1604.34,72.2,CRITICAL
0.4056,0.277,2223.58,901.84,366.15,1267.99,57.0,MODERATE
0.3929,0.277,2223.58,873.75,373.94,1247.68,56.1,MODERATE
0.4486,0.277,2223.58,997.53,339.65,1337.18,60.1,MODERATE
0.4693,0.277,2223.58,1043.43,326.93,1370.36,61.6,MODERATE
0.4333,0.277,2223.58,963.42,349.09,1312.52,59.0,MODERATE
0.4822,0.277,2223.58,1072.2,318.96,1391.16,62.6,MODERATE
0.4934,0.277,2223.58,1097.13,312.05,1409.19,63.4,MODERATE
0.5214,0.277,2223.58,1159.28,294.84,1454.12,65.4,HIGH
0.4567,0.277,2223.58,1015.51,334.67,1350.17,60.7,MODERATE
0.5925,0.277,2223.58,1317.56,250.99,1568.55,70.5,HIGH
0.5477,0.277,2223.58,1217.78,278.63,1496.41,67.3,HIGH
0.4496,0.277,2223.58,999.66,339.05,1338.72,60.2,MODERATE
0.463,0.277,2223.58,1029.5,330.79,1360.29,61.2,MODERATE
0.6171,0.277,2223.58,1372.14,235.87,1608.01,72.3,CRITICAL
0.6359,0.277,2223.58,1414.01,224.27,1638.28,73.7,CRITICAL
0.4963,0.277,2223.58,1103.64,310.25,1413.89,63.6,MODERATE
0.3165,0.277,2223.58,703.87,421.0,1124.87,50.6,LOW
0.4665,0.277,2223.58,1037.23,328.65,1365.88,61.4,MODERATE
0.3899,0.277,2223.58,866.88,375.84,1242.72,55.9,MODERATE
0.5884,0.277,2223.58,1308.38,253.53,1561.92,70.2,HIGH
0.5899,0.277,2223.58,1311.61,252.64,1564.25,70.3,HIGH
0.3847,0.277,2223.58,855.39,379.02,1234.41,55.5,MODERATE
0.3681,0.277,2223.58,818.53,389.23,1207.76,54.3,LOW
0.5191,0.277,2223.58,1154.24,296.23,1450.47,65.2,HIGH
0.5054,0.277,2223.58,1123.9,304.64,1428.54,64.2,MODERATE
0.591,0.277,2223.58,1314.15,251.94,1566.08,70.4,HIGH
0.3634,0.277,2223.58,808.1,392.12,1200.23,54.0,LOW
0.4507,0.277,2223.58,1002.25,338.34,1340.59,60.3,MODERATE
0.5453,0.277,2223.58,1212.54,280.08,1492.62,67.1,HIGH
0.5631,0.277,2223.58,1252.15,269.11,1521.26,68.4,HIGH
0.6821,0.277,2223.58,1516.77,195.8,1712.57,77.0,CRITICAL
0.5476,0.277,2223.58,1217.72,278.65,1496.37,67.3,HIGH
0.4958,0.277,2223.58,1102.39,310.6,1412.98,63.5,MODERATE
0.6292,0.277,2223.58,1399.1,228.4,1627.5,73.2,CRITICAL
0.5303,0.277,2223.58,1179.06,289.36,1468.42,66.0,HIGH
0.6196,0.277,2223.58,1377.74,234.32,1612.06,72.5,CRITICAL
0.3728,0.277,2223.58,828.98,386.34,1215.32,54.7,LOW
0.528,0.277,2223.58,1174.05,290.74,1464.8,65.9,HIGH
0.5321,0.277,2223.58,1183.12,288.23,1471.35,66.2,HIGH
0.5721,0.277,2223.58,1272.19,263.56,1535.75,69.1,HIGH
0.4732,0.277,2223.58,1052.11,324.52,1376.64,61.9,MODERATE
0.488,0.277,2223.58,1085.18,315.37,1400.54,63.0,MODERATE
0.5016,0.277,2223.58,1115.39,307.0,1422.39,64.0,MODERATE
0.614,0.277,2223.58,1365.32,237.76,1603.08,72.1,CRITICAL
0.6486,0.277,2223.58,1442.14,216.48,1658.62,74.6,CRITICAL
0.5309,0.277,2223.58,1180.57,288.94,1469.51,66.1,HIGH
0.4672,0.277,2223.58,1038.75,328.23,1366.98,61.5,MODERATE
0.4572,0.277,2223.58,1016.64,334.35,1350.99,60.8,MODERATE
0.5254,0.277,2223.58,1168.26,292.35,1460.61,65.7,HIGH
0.5559,0.277,2223.58,1236.05,273.57,1509.62,67.9,HIGH
0.3991,0.277,2223.58,887.49,370.13,1257.62,56.6,MODERATE
0.5516,0.277,2223.58,1226.57,276.2,1502.77,67.6,HIGH
0.4564,0.277,2223.58,1014.91,334.83,1349.74,60.7,MODERATE
0.2166,0.277,2223.58,481.54,482.59,964.13,43.4,LOW
0.5381,0.277,2223.58,1196.6,284.5,1481.1,66.6,HIGH
0.652,0.277,2223.58,1449.67,214.39,1664.06,74.8,CRITICAL
0.3897,0.277,2223.58,866.46,375.95,1242.42,55.9,MODERATE
0.4532,0.277,2223.58,1007.64,336.85,1344.49,60.5,MODERATE
0.5127,0.277,2223.58,1139.94,300.2,1440.13,64.8,MODERATE
0.5849,0.277,2223.58,1300.51,255.71,1556.23,70.0,HIGH
0.4058,0.277,2223.58,902.29,366.03,1268.32,57.0,MODERATE
0.519,0.277,2223.58,1153.93,296.32,1450.25,65.2,HIGH
0.4467,0.277,2223.58,993.23,340.84,1334.06,60.0,MODERATE
0.3639,0.277,2223.58,809.08,391.85,1200.93,54.0,LOW
0.5376,0.277,2223.58,1195.44,284.82,1480.26,66.6,HIGH
0.493,0.277,2223.58,1096.3,312.28,1408.59,63.3,MODERATE
0.5789,0.277,2223.58,1287.18,259.41,1546.58,69.6,HIGH
0.5511,0.277,2223.58,1225.42,276.51,1501.94,67.5,HIGH
0.4897,0.277,2223.58,1088.82,314.36,1403.18,63.1,MODERATE
0.6004,0.277,2223.58,1334.95,246.17,1581.12,71.1,HIGH
0.5808,0.277,2223.58,1291.54,258.2,1549.74,69.7,HIGH
0.6548,0.277,2223.58,1455.91,212.66,1668.57,75.0,CRITICAL
0.6714,0.277,2223.58,1492.89,202.42,1695.31,76.2,CRITICAL
0.2184,0.277,2223.58,485.6,481.46,967.06,43.5,LOW
0.5657,0.277,2223.58,1257.97,267.5,1525.47,68.6,HIGH
0.6784,0.277,2223.58,1508.39,198.12,1706.52,76.7,CRITICAL
0.5338,0.277,2223.58,1186.9,287.19,1474.08,66.3,HIGH
0.4816,0.277,2223.58,1070.83,319.34,1390.17,62.5,MODERATE
0.5501,0.277,2223.58,1223.15,277.14,1500.29,67.5,HIGH
0.6125,0.277,2223.58,1362.05,238.67,1600.71,72.0,HIGH
0.5127,0.277,2223.58,1140.06,300.16,1440.22,64.8,MODERATE
0.3456,0.277,2223.58,768.52,403.09,1171.61,52.7,LOW
0.5722,0.277,2223.58,1272.37,263.51,1535.88,69.1,HIGH
0.5005,0.277,2223.58,1112.86,307.7,1420.56,63.9,MODERATE
0.6972,0.277,2223.58,1550.19,186.54,1736.74,78.1,CRITICAL
0.5229,0.277,2223.58,1162.66,293.9,1456.56,65.5,HIGH
0.6112,0.277,2223.58,1359.02,239.5,1598.52,71.9,HIGH
0.2227,0.277,2223.58,495.09,478.83,973.93,43.8,LOW
0.5002,0.277,2223.58,1112.22,307.87,1420.09,63.9,MODERATE
0.5884,0.277,2223.58,1308.39,253.53,1561.92,70.2,HIGH
0.2623,0.277,2223.58,583.32,454.39,1037.71,46.7,LOW
0.4543,0.277,2223.58,1010.26,336.12,1346.38,60.6,MODERATE
0.4143,0.277,2223.58,921.28,360.77,1282.05,57.7,MODERATE
0.3844,0.277,2223.58,854.8,379.19,1233.99,55.5,MODERATE
0.4647,0.277,2223.58,1033.2,329.77,1362.96,61.3,MODERATE
0.5517,0.277,2223.58,1226.79,276.14,1502.92,67.6,HIGH
0.4694,0.277,2223.58,1043.67,326.87,1370.53,61.6,MODERATE
0.6313,0.277,2223.58,1403.67,227.13,1630.81,73.3,CRITICAL
0.4404,0.277,2223.58,979.37,344.68,1324.05,59.5,MODERATE
0.4805,0.277,2223.58,1068.54,319.98,1388.51,62.4,MODERATE
0.5612,0.277,2223.58,1247.97,270.27,1518.24,68.3,HIGH
0.5498,0.277,2223.58,1222.42,277.35,1499.76,67.4,HIGH
0.5279,0.277,2223.58,1173.81,290.81,1464.62,65.9,HIGH
0.5117,0.277,2223.58,1137.8,300.79,1438.59,64.7,MODERATE
0.6244,0.277,2223.58,1388.3,231.39,1619.69,72.8,CRITICAL
0.5674,0.277,2223.58,1261.57,266.5,1528.07,68.7,HIGH
0.4818,0.277,2223.58,1071.32,319.2,1390.53,62.5,MODERATE
0.5131,0.277,2223.58,1141.03,299.89,1440.92,64.8,MODERATE
0.4661,0.277,2223.58,1036.37,328.89,1365.26,61.4,MODERATE
0.4414,0.277,2223.58,981.59,344.06,1325.65,59.6,MODERATE
0.5205,0.277,2223.58,1157.27,295.39,1452.66,65.3,HIGH
0.5651,0.277,2223.58,1256.64,267.87,1524.5,68.6,HIGH
0.4385,0.277,2223.58,975.02,345.88,1320.9,59.4,MODERATE
0.4661,0.277,2223.58,1036.5,328.85,1365.35,61.4,MODERATE
0.2403,0.277,2223.58,534.33,467.96,1002.3,45.1,LOW
0.6292,0.277,2223.58,1399.08,228.41,1627.49,73.2,CRITICAL
0.5414,0.277,2223.58,1203.84,282.49,1486.34,66.8,HIGH
0.4917,0.277,2223.58,1093.34,313.1,1406.45,63.3,MODERATE
0.3934,0.277,2223.58,874.79,373.65,1248.44,56.1,MODERATE
0.4579,0.277,2223.58,1018.27,333.9,1352.17,60.8,MODERATE
0.6153,0.277,2223.58,1368.26,236.95,1605.2,72.2,CRITICAL
0.3698,0.277,2223.58,822.37,388.17,1210.54,54.4,LOW
0.3259,0.277,2223.58,724.6,415.26,1139.85,51.3,LOW
0.4384,0.277,2223.58,974.86,345.93,1320.78,59.4,MODERATE
0.707,0.277,2223.58,1572.04,180.49,1752.53,78.8,CRITICAL
0.472,0.277,2223.58,1049.6,325.22,1374.82,61.8,MODERATE
0.4556,0.277,2223.58,1012.99,335.36,1348.36,60.6,MODERATE
0.5991,0.277,2223.58,1332.18,246.94,1579.12,71.0,HIGH
0.6299,0.277,2223.58,1400.6,227.99,1628.59,73.2,CRITICAL
0.5047,0.277,2223.58,1122.23,305.1,1427.33,64.2,MODERATE
0.4767,0.277,2223.58,1059.94,322.36,1382.3,62.2,MODERATE
0.3775,0.277,2223.58,839.49,383.43,1222.92,55.0,LOW
0.4867,0.277,2223.58,1082.12,316.21,1398.33,62.9,MODERATE
0.7403,0.277,2223.58,1646.11,159.97,1806.08,81.2,CRITICAL
0.3784,0.277,2223.58,841.41,382.9,1224.3,55.1,MODERATE
0.4763,0.277,2223.58,1059.08,322.6,1381.67,62.1,MODERATE
0.3506,0.277,2223.58,779.63,400.01,1179.64,53.1,LOW
0.5258,0.277,2223.58,1169.1,292.12,1461.22,65.7,HIGH
0.6887,0.277,2223.58,1531.43,191.74,1723.17,77.5,CRITICAL
0.5604,0.277,2223.58,1246.11,270.78,1516.89,68.2,HIGH
0.5649,0.277,2223.58,1256.08,268.02,1524.1,68.5,HIGH
0.5648,0.277,2223.58,1255.84,268.09,1523.93,68.5,HIGH
0.5174,0.277,2223.58,1150.46,297.28,1447.74,65.1,HIGH
0.3929,0.277,2223.58,873.61,373.97,1247.59,56.1,MODERATE
0.4224,0.277,2223.58,939.35,355.76,1295.11,58.2,MODERATE
0.5398,0.277,2223.58,1200.19,283.5,1483.69,66.7,HIGH
0.5601,0.277,2223.58,1245.36,270.99,1516.35,68.2,HIGH
0.3725,0.277,2223.58,828.38,386.5,1214.88,54.6,LOW
0.4822,0.277,2223.58,1072.28,318.94,1391.22,62.6,MODERATE
0.4474,0.277,2223.58,994.88,340.38,1335.26,60.1,MODERATE
0.5292,0.277,2223.58,1176.67,290.02,1466.69,66.0,HIGH
0.5417,0.277,2223.58,1204.44,282.33,1486.76,66.9,HIGH
0.6041,0.277,2223.58,1343.23,243.88,1587.11,71.4,HIGH
0.39,0.277,2223.58,867.19,375.75,1242.94,55.9,MODERATE
0.5759,0.277,2223.58,1280.62,261.22,1541.84,69.3,HIGH
0.4811,0.277,2223.58,1069.82,319.62,1389.44,62.5,MODERATE
0.4814,0.277,2223.58,1070.47,319.44,1389.91,62.5,MODERATE
0.5453,0.277,2223.58,1212.51,280.09,1492.6,67.1,HIGH
0.4823,0.277,2223.58,1072.34,318.92,1391.26,62.6,MODERATE
0.4016,0.277,2223.58,893.02,368.6,1261.62,56.7,MODERATE
0.6337,0.277,2223.58,1409.11,225.63,1634.74,73.5,CRITICAL
0.5236,0.277,2223.58,1164.37,293.43,1457.8,65.6,HIGH
0.6638,0.277,2223.58,1476.11,207.07,1683.17,75.7,CRITICAL
0.5209,0.277,2223.58,1158.25,295.12,1453.37,65.4,HIGH
0.5609,0.277,2223.58,1247.31,270.45,1517.76,68.3,HIGH
0.3994,0.277,2223.58,888.1,369.96,1258.06,56.6,MODERATE
0.4696,0.277,2223.58,1044.14,326.73,1370.87,61.7,MODERATE
0.4753,0.277,2223.58,1056.86,323.21,1380.07,62.1,MODERATE
0.6146,0.277,2223.58,1366.64,237.39,1604.03,72.1,CRITICAL
0.538,0.277,2223.58,1196.26,284.59,1480.85,66.6,HIGH
0.6667,0.277,2223.58,1482.36,205.34,1687.7,75.9,CRITICAL
0.5128,0.277,2223.58,1140.25,300.11,1440.36,64.8,MODERATE
0.2526,0.277,2223.58,561.64,460.4,1022.03,46.0,LOW
0.5551,0.277,2223.58,1234.3,274.06,1508.35,67.8,HIGH
0.5541,0.277,2223.58,1232.08,274.67,1506.75,67.8,HIGH
0.3902,0.277,2223.58,867.64,375.63,1243.27,55.9,MODERATE
0.5245,0.277,2223.58,1166.19,292.92,1459.11,65.6,HIGH
0.3273,0.277,2223.58,727.68,414.4,1142.08,51.4,LOW
0.2694,0.277,2223.58,599.08,450.03,1049.11,47.2,LOW
0.4159,0.277,2223.58,924.74,359.81,1284.55,57.8,MODERATE
0.4041,0.277,2223.58,898.48,367.09,1265.56,56.9,MODERATE
0.4433,0.277,2223.58,985.68,342.93,1328.61,59.8,MODERATE
0.2627,0.277,2223.58,584.22,454.14,1038.36,46.7,LOW
0.5546,0.277,2223.58,1233.25,274.35,1507.6,67.8,HIGH
0.4868,0.277,2223.58,1082.49,316.11,1398.6,62.9,MODERATE
0.6771,0.277,2223.58,1505.55,198.91,1704.46,76.7,CRITICAL
0.3978,0.277,2223.58,884.59,370.93,1255.52,56.5,MODERATE
0.6015,0.277,2223.58,1337.38,245.5,1582.88,71.2,HIGH
0.6751,0.277,2223.58,1501.07,200.15,1701.22,76.5,CRITICAL
0.5242,0.277,2223.58,1165.59,293.09,1458.68,65.6,HIGH
0.4623,0.277,2223.58,1027.96,331.22,1359.18,61.1,MODERATE
0.412,0.277,2223.58,916.0,362.23,1278.24,57.5,MODERATE
0.3065,0.277,2223.58,681.61,427.16,1108.77,49.9,LOW
0.3461,0.277,2223.58,769.55,402.8,1172.35,52.7,LOW
0.6105,0.277,2223.58,1357.59,239.9,1597.49,71.8,HIGH
0.4932,0.277,2223.58,1096.62,312.2,1408.82,63.4,MODERATE
0.3844,0.277,2223.58,854.8,379.19,1233.98,55.5,MODERATE
0.4949,0.277,2223.58,1100.48,311.13,1411.6,63.5,MODERATE
0.2984,0.277,2223.58,663.61,432.15,1095.76,49.3,LOW
0.4725,0.277,2223.58,1050.58,324.95,1375.53,61.9,MODERATE
0.5464,0.277,2223.58,1214.87,279.44,1494.3,67.2,HIGH
0.4338,0.277,2223.58,964.66,348.75,1313.41,59.1,MODERATE
0.4349,0.277,2223.58,967.04,348.09,1315.13,59.1,MODERATE
0.6263,0.277,2223.58,1392.56,230.21,1622.77,73.0,CRITICAL
0.4289,0.277,2223.58,953.75,351.78,1305.52,58.7,MODERATE
0.6994,0.277,2223.58,1555.08,185.19,1740.27,78.3,CRITICAL
0.2986,0.277,2223.58,663.91,432.07,1095.97,49.3,LOW
0.3779,0.277,2223.58,840.2,383.23,1223.43,55.0,MODERATE
0.4877,0.277,2223.58,1084.36,315.59,1399.95,63.0,MODERATE
0.4209,0.277,2223.58,935.93,356.71,1292.64,58.1,MODERATE
0.4097,0.277,2223.58,911.04,363.61,1274.64,57.3,MODERATE
0.5768,0.277,2223.58,1282.56,260.69,1543.25,69.4,HIGH
0.469,0.277,2223.58,1042.94,327.07,1370.0,61.6,MODERATE
0.6064,0.277,2223.58,1348.42,242.44,1590.86,71.5,HIGH
0.448,0.277,2223.58,996.06,340.05,1336.12,60.1,MODERATE
0.6099,0.277,2223.58,1356.06,240.32,1596.38,71.8,HIGH
0.6721,0.277,2223.58,1494.52,201.97,1696.49,76.3,CRITICAL
0.7041,0.277,2223.58,1565.73,182.24,1747.97,78.6,CRITICAL
0.4985,0.277,2223.58,1108.35,308.95,1417.3,63.7,MODERATE
0.63,0.277,2223.58,1400.95,227.89,1628.84,73.3,CRITICAL
0.5563,0.277,2223.58,1236.97,273.32,1510.28,67.9,HIGH
0.2456,0.277,2223.58,546.19,464.68,1010.87,45.5,LOW
0.3897,0.277,2223.58,866.44,375.96,1242.4,55.9,MODERATE
0.5817,0.277,2223.58,1293.53,257.65,1551.18,69.8,HIGH
0.4197,0.277,2223.58,933.31,357.44,1290.74,58.0,MODERATE
0.4808,0.277,2223.58,1069.04,319.84,1388.88,62.5,MODERATE
0.4941,0.277,2223.58,1098.78,311.6,1410.38,63.4,MODERATE
0.4186,0.277,2223.58,930.77,358.14,1288.91,58.0,MODERATE
0.5085,0.277,2223.58,1130.78,302.73,1433.51,64.5,MODERATE
0.5886,0.277,2223.58,1308.91,253.39,1562.3,70.3,HIGH
0.3756,0.277,2223.58,835.11,384.64,1219.75,54.9,LOW
0.4522,0.277,2223.58,1005.4,337.47,1342.86,60.4,MODERATE
0.4732,0.277,2223.58,1052.27,324.48,1376.75,61.9,MODERATE
0.5592,0.277,2223.58,1243.44,271.52,1514.96,68.1,HIGH
0.5395,0.277,2223.58,1199.69,283.64,1483.33,66.7,HIGH
0.5069,0.277,2223.58,1127.03,303.77,1430.8,64.3,MODERATE
0.5639,0.277,2223.58,1253.99,268.6,1522.59,68.5,HIGH
0.4687,0.277,2223.58,1042.29,327.25,1369.53,61.6,MODERATE
0.4628,0.277,2223.58,1029.01,330.93,1359.93,61.2,MODERATE
0.5282,0.277,2223.58,1174.6,290.59,1465.2,65.9,HIGH
0.5606,0.277,2223.58,1246.51,270.67,1517.19,68.2,HIGH
0.5709,0.277,2223.58,1269.36,264.34,1533.7,69.0,HIGH
0.5414,0.277,2223.58,1203.93,282.47,1486.4,66.8,HIGH
0.5453,0.277,2223.58,1212.46,280.1,1492.57,67.1,HIGH
0.4864,0.277,2223.58,1081.57,316.36,1397.94,62.9,MODERATE
0.4307,0.277,2223.58,957.69,350.68,1308.37,58.8,MODERATE
0.3305,0.277,2223.58,734.96,412.38,1147.35,51.6,LOW
0.3632,0.277,2223.58,807.69,392.24,1199.93,54.0,LOW
0.5255,0.277,2223.58,1168.43,292.3,1460.73,65.7,HIGH
0.492,0.277,2223.58,1093.99,312.92,1406.91,63.3,MODERATE
0.3127,0.277,2223.58,695.28,423.38,1118.66,50.3,LOW
0.3055,0.277,2223.58,679.3,427.8,1107.1,49.8,LOW
0.6128,0.277,2223.58,1362.53,238.53,1601.06,72.0,CRITICAL
0.4109,0.277,2223.58,913.66,362.88,1276.54,57.4,MODERATE
0.5561,0.277,2223.58,1236.59,273.42,1510.01,67.9,HIGH
0.4688,0.277,2223.58,1042.35,327.23,1369.58,61.6,MODERATE
0.4197,0.277,2223.58,933.28,357.44,1290.73,58.0,MODERATE
0.3903,0.277,2223.58,867.88,375.56,1243.44,55.9,MODERATE
0.5732,0.277,2223.58,1274.58,262.9,1537.47,69.1,HIGH
0.4435,0.277,2223.58,986.19,342.79,1328.98,59.8,MODERATE
0.4367,0.277,2223.58,971.08,346.97,1318.05,59.3,MODERATE
0.6482,0.277,2223.58,1441.3,216.71,1658.01,74.6,CRITICAL
0.5417,0.277,2223.58,1204.49,282.31,1486.8,66.9,HIGH
0.4151,0.277,2223.58,923.05,360.28,1283.33,57.7,MODERATE
0.697,0.277,2223.58,1549.86,186.64,1736.5,78.1,CRITICAL
0.4472,0.277,2223.58,994.41,340.51,1334.92,60.0,MODERATE
0.2451,0.277,2223.58,544.92,465.03,1009.95,45.4,LOW
0.7477,0.277,2223.58,1662.53,155.42,1817.96,81.8,CRITICAL
0.3328,0.277,2223.58,739.94,411.0,1150.95,51.8,LOW
0.4337,0.277,2223.58,964.38,348.83,1313.21,59.1,MODERATE
0.4341,0.277,2223.58,965.17,348.61,1313.78,59.1,MODERATE
0.3825,0.277,2223.58,850.63,380.34,1230.97,55.4,MODERATE
0.4529,0.277,2223.58,1007.0,337.02,1344.02,60.4,MODERATE
0.6404,0.277,2223.58,1423.94,221.52,1645.46,74.0,CRITICAL
0.496,0.277,2223.58,1102.8,310.48,1413.28,63.6,MODERATE
0.6896,0.277,2223.58,1533.48,191.17,1724.66,77.6,CRITICAL
0.3805,0.277,2223.58,846.12,381.59,1227.71,55.2,MODERATE
0.5147,0.277,2223.58,1144.57,298.91,1443.49,64.9,MODERATE
0.5434,0.277,2223.58,1208.33,281.25,1489.58,67.0,HIGH
0.3094,0.277,2223.58,687.98,425.4,1113.38,50.1,LOW
0.3289,0.277,2223.58,731.28,413.4,1144.68,51.5,LOW
0.4914,0.277,2223.58,1092.75,313.27,1406.02,63.2,MODERATE
0.5466,0.277,2223.58,1215.4,279.29,1494.69,67.2,HIGH
0.6464,0.277,2223.58,1437.42,217.79,1655.2,74.4,CRITICAL
0.4121,0.277,2223.58,916.42,362.12,1278.53,57.5,MODERATE
0.4281,0.277,2223.58,951.9,352.29,1304.18,58.7,MODERATE
0.535,0.277,2223.58,1189.55,286.45,1476.0,66.4,HIGH
0.3613,0.277,2223.58,803.32,393.45,1196.77,53.8,LOW
0.3924,0.277,2223.58,872.49,374.29,1246.77,56.1,MODERATE
0.5424,0.277,2223.58,1206.14,281.85,1488.0,66.9,HIGH
0.6015,0.277,2223.58,1337.55,245.45,1583.0,71.2,HIGH
0.4016,0.277,2223.58,892.98,368.61,1261.59,56.7,MODERATE
0.512,0.277,2223.58,1138.37,300.63,1439.0,64.7,MODERATE
0.5551,0.277,2223.58,1234.38,274.03,1508.42,67.8,HIGH
0.5371,0.277,2223.58,1194.33,285.13,1479.46,66.5,HIGH
0.4927,0.277,2223.58,1095.52,312.5,1408.02,63.3,MODERATE
0.4892,0.277,2223.58,1087.84,314.63,1402.47,63.1,MODERATE
0.4799,0.277,2223.58,1067.04,320.39,1387.43,62.4,MODERATE
0.4415,0.277,2223.58,981.74,344.02,1325.76,59.6,MODERATE
0.4621,0.277,2223.58,1027.61,331.31,1358.92,61.1,MODERATE
0.4516,0.277,2223.58,1004.06,337.84,1341.9,60.3,MODERATE
0.3271,0.277,2223.58,727.35,414.49,1141.84,51.4,LOW
0.3412,0.277,2223.58,758.63,405.83,1164.46,52.4,LOW
0.3811,0.277,2223.58,847.41,381.23,1228.65,55.3,MODERATE
0.4466,0.277,2223.58,992.95,340.92,1333.86,60.0,MODERATE
0.466,0.277,2223.58,1036.23,328.93,1365.15,61.4,MODERATE
0.4236,0.277,2223.58,941.97,355.04,1297.0,58.3,MODERATE
0.428,0.277,2223.58,951.72,352.34,1304.06,58.6,MODERATE
0.4316,0.277,2223.58,959.75,350.11,1309.86,58.9,MODERATE
0.5345,0.277,2223.58,1188.54,286.73,1475.27,66.3,HIGH
0.4886,0.277,2223.58,1086.41,315.02,1401.44,63.0,MODERATE
0.3117,0.277,2223.58,692.99,424.01,1117.0,50.2,LOW
0.5903,0.277,2223.58,1312.59,252.37,1564.96,70.4,HIGH
0.429,0.277,2223.58,953.98,351.71,1305.69,58.7,MODERATE
0.6367,0.277,2223.58,1415.73,223.79,1639.52,73.7,CRITICAL
0.6048,0.277,2223.58,1344.84,243.43,1588.27,71.4,HIGH
0.4862,0.277,2223.58,1081.05,316.51,1397.56,62.9,MODERATE
0.4637,0.277,2223.58,1031.01,330.37,1361.38,61.2,MODERATE
0.6116,0.277,2223.58,1359.85,239.27,1599.13,71.9,HIGH
0.5722,0.277,2223.58,1272.32,263.52,1535.84,69.1,HIGH
0.5124,0.277,2223.58,1139.34,300.36,1439.7,64.7,MODERATE
0.5074,0.277,2223.58,1128.14,303.46,1431.61,64.4,MODERATE
0.5762,0.277,2223.58,1281.29,261.04,1542.33,69.4,HIGH
0.2681,0.277,2223.58,596.09,450.85,1046.95,47.1,LOW
0.1362,0.277,2223.58,302.74,532.12,834.86,37.5,LOW
0.4065,0.277,2223.58,903.94,365.57,1269.51,57.1,MODERATE
0.5205,0.277,2223.58,1157.43,295.35,1452.78,65.3,HIGH
0.4893,0.277,2223.58,1087.92,314.61,1402.53,63.1,MODERATE
0.3737,0.277,2223.58,830.92,385.8,1216.72,54.7,LOW
0.5662,0.277,2223.58,1259.09,267.19,1526.28,68.6,HIGH
0.1768,0.277,2223.58,393.19,507.06,900.25,40.5,LOW
0.3373,0.277,2223.58,750.1,408.19,1158.29,52.1,LOW
0.549,0.277,2223.58,1220.7,277.82,1498.52,67.4,HIGH
0.6316,0.277,2223.58,1404.5,226.9,1631.41,73.4,CRITICAL
0.2924,0.277,2223.58,650.23,435.86,1086.09,48.8,LOW
0.6018,0.277,2223.58,1338.2,245.27,1583.47,71.2,HIGH
0.6653,0.277,2223.58,1479.42,206.15,1685.57,75.8,CRITICAL
0.5469,0.277,2223.58,1216.16,279.08,1495.24,67.2,HIGH
0.4914,0.277,2223.58,1092.69,313.28,1405.98,63.2,MODERATE
0.4731,0.277,2223.58,1052.08,324.54,1376.61,61.9,MODERATE
0.5193,0.277,2223.58,1154.82,296.07,1450.89,65.3,HIGH
0.5316,0.277,2223.58,1182.14,288.51,1470.64,66.1,HIGH
0.5462,0.277,2223.58,1214.5,279.54,1494.04,67.2,HIGH
0.5395,0.277,2223.58,1199.58,283.67,1483.26,66.7,HIGH
0.6528,0.277,2223.58,1451.66,213.84,1665.5,74.9,CRITICAL
0.4119,0.277,2223.58,915.94,362.25,1278.19,57.5,MODERATE
0.2254,0.277,2223.58,501.11,477.17,978.28,44.0,LOW
0.4421,0.277,2223.58,983.09,343.65,1326.73,59.7,MODERATE
0.5558,0.277,2223.58,1235.92,273.61,1509.53,67.9,HIGH
0.5037,0.277,2223.58,1119.96,305.73,1425.69,64.1,MODERATE
0.6378,0.277,2223.58,1418.22,223.11,1641.32,73.8,CRITICAL
0.4752,0.277,2223.58,1056.72,323.25,1379.97,62.1,MODERATE
0.4388,0.277,2223.58,975.73,345.68,1321.42,59.4,MODERATE
0.5748,0.277,2223.58,1278.11,261.92,1540.03,69.3,HIGH
0.6059,0.277,2223.58,1347.38,242.73,1590.11,71.5,HIGH
0.4746,0.277,2223.58,1055.27,323.65,1378.92,62.0,MODERATE
0.6195,0.277,2223.58,1377.55,234.37,1611.92,72.5,CRITICAL
0.5132,0.277,2223.58,1141.21,299.84,1441.05,64.8,MODERATE
0.6202,0.277,2223.58,1379.11,233.94,1613.05,72.5,CRITICAL
0.5212,0.277,2223.58,1158.93,294.93,1453.87,65.4,HIGH
0.6136,0.277,2223.58,1364.47,238.0,1602.46,72.1,CRITICAL
0.4086,0.277,2223.58,908.52,364.31,1272.82,57.2,MODERATE
0.4951,0.277,2223.58,1100.96,310.99,1411.96,63.5,MODERATE
0.4148,0.277,2223.58,922.28,360.49,1282.77,57.7,MODERATE
0.5492,0.277,2223.58,1221.24,277.67,1498.91,67.4,HIGH
0.4686,0.277,2223.58,1042.02,327.32,1369.34,61.6,MODERATE
0.6223,0.277,2223.58,1383.63,232.69,1616.32,72.7,CRITICAL
0.4154,0.277,2223.58,923.71,360.1,1283.8,57.7,MODERATE
0.5661,0.277,2223.58,1258.79,267.27,1526.06,68.6,HIGH
0.5997,0.277,2223.58,1333.52,246.57,1580.09,71.1,HIGH
0.5714,0.277,2223.58,1270.55,264.01,1534.56,69.0,HIGH
0.5511,0.277,2223.58,1225.44,276.51,1501.95,67.5,HIGH
0.5301,0.277,2223.58,1178.77,289.44,1468.21,66.0,HIGH
0.4869,0.277,2223.58,1082.63,316.07,1398.7,62.9,MODERATE
0.6383,0.277,2223.58,1419.25,222.82,1642.07,73.8,CRITICAL
0.4205,0.277,2223.58,935.11,356.94,1292.05,58.1,MODERATE
0.4087,0.277,2223.58,908.84,364.22,1273.06,57.3,MODERATE
0.5064,0.277,2223.58,1126.09,304.03,1430.12,64.3,MODERATE
0.6255,0.277,2223.58,1390.76,230.71,1621.47,72.9,CRITICAL
0.6179,0.277,2223.58,1373.98,235.36,1609.34,72.4,CRITICAL
0.3552,0.277,2223.58,789.73,397.21,1186.94,53.4,LOW
0.398,0.277,2223.58,884.99,370.82,1255.81,56.5,MODERATE
0.502,0.277,2223.58,1116.32,306.74,1423.06,64.0,MODERATE
0.5855,0.277,2223.58,1301.85,255.34,1557.19,70.0,HIGH
0.4596,0.277,2223.58,1022.0,332.87,1354.86,60.9,MODERATE
0.5865,0.277,2223.58,1304.23,254.68,1558.91,70.1,HIGH
0.5237,0.277,2223.58,1164.38,293.42,1457.81,65.6,HIGH
0.3955,0.277,2223.58,879.52,372.34,1251.85,56.3,MODERATE
0.2638,0.277,2223.58,586.48,453.52,1040.0,46.8,LOW
0.4689,0.277,2223.58,1042.61,327.16,1369.77,61.6,MODERATE
0.3137,0.277,2223.58,697.55,422.75,1120.3,50.4,LOW
0.3036,0.277,2223.58,675.11,428.96,1104.08,49.7,LOW
0.5972,0.277,2223.58,1327.82,248.15,1575.97,70.9,HIGH
0.6409,0.277,2223.58,1425.13,221.19,1646.32,74.0,CRITICAL
0.3776,0.277,2223.58,839.64,383.39,1223.02,55.0,MODERATE
0.4811,0.277,2223.58,1069.66,319.66,1389.33,62.5,MODERATE
0.4282,0.277,2223.58,952.24,352.19,1304.43,58.7,MODERATE
0.5499,0.277,2223.58,1222.71,277.27,1499.97,67.5,HIGH
0.4686,0.277,2223.58,1042.05,327.31,1369.36,61.6,MODERATE
0.7192,0.277,2223.58,1599.1,173.0,1772.09,79.7,CRITICAL
0.2879,0.277,2223.58,640.15,438.65,1078.8,48.5,LOW
0.5434,0.277,2223.58,1208.34,281.25,1489.59,67.0,HIGH
0.542,0.277,2223.58,1205.21,282.11,1487.32,66.9,HIGH
0.7573,0.277,2223.58,1683.94,149.49,1833.44,82.5,CRITICAL
0.4829,0.277,2223.58,1073.74,318.53,1392.27,62.6,MODERATE
0.5587,0.277,2223.58,1242.33,271.83,1514.16,68.1,HIGH
0.4636,0.277,2223.58,1030.91,330.4,1361.31,61.2,MODERATE
0.4375,0.277,2223.58,972.87,346.48,1319.35,59.3,MODERATE
0.5408,0.277,2223.58,1202.46,282.88,1485.33,66.8,HIGH
0.3721,0.277,2223.58,827.33,386.8,1214.12,54.6,LOW
0.4685,0.277,2223.58,1041.76,327.39,1369.16,61.6,MODERATE
0.5117,0.277,2223.58,1137.9,300.76,1438.66,64.7,MODERATE
0.6857,0.277,2223.58,1524.73,193.6,1718.33,77.3,CRITICAL
0.5176,0.277,2223.58,1150.95,297.14,1448.1,65.1,HIGH
0.682,0.277,2223.58,1516.57,195.86,1712.43,77.0,CRITICAL
0.5084,0.277,2223.58,1130.38,302.84,1433.22,64.5,MODERATE
0.4089,0.277,2223.58,909.28,364.09,1273.38,57.3,MODERATE
0.4778,0.277,2223.58,1062.32,321.7,1384.02,62.2,MODERATE
0.3948,0.277,2223.58,877.9,372.79,1250.69,56.2,MODERATE
0.6407,0.277,2223.58,1424.69,221.31,1646.0,74.0,CRITICAL
0.5143,0.277,2223.58,1143.56,299.19,1442.75,64.9,MODERATE
0.6677,0.277,2223.58,1484.75,204.68,1689.42,76.0,CRITICAL
0.5624,0.277,2223.58,1250.54,269.55,1520.1,68.4,HIGH
0.4832,0.277,2223.58,1074.52,318.32,1392.84,62.6,MODERATE
0.4152,0.277,2223.58,923.15,360.25,1283.4,57.7,MODERATE
0.372,0.277,2223.58,827.17,386.84,1214.01,54.6,LOW
0.5196,0.277,2223.58,1155.44,295.9,1451.34,65.3,HIGH
0.413,0.277,2223.58,918.4,361.57,1279.97,57.6,MODERATE
0.4013,0.277,2223.58,892.34,368.78,1261.13,56.7,MODERATE
0.5921,0.277,2223.58,1316.66,251.24,1567.9,70.5,HIGH
0.5482,0.277,2223.58,1218.96,278.3,1497.26,67.3,HIGH
0.4112,0.277,2223.58,914.3,362.7,1277.0,57.4,MODERATE
0.5746,0.277,2223.58,1277.62,262.06,1539.67,69.2,HIGH
0.5888,0.277,2223.58,1309.3,253.28,1562.58,70.3,HIGH
0.7036,0.277,2223.58,1564.42,182.6,1747.02,78.6,CRITICAL
0.7014,0.277,2223.58,1559.66,183.92,1743.59,78.4,CRITICAL
0.4323,0.277,2223.58,961.24,349.7,1310.94,59.0,MODERATE
0.7016,0.277,2223.58,1560.08,183.81,1743.88,78.4,CRITICAL
0.5611,0.277,2223.58,1247.6,270.37,1517.97,68.3,HIGH
0.6423,0.277,2223.58,1428.15,220.35,1648.5,74.1,CRITICAL
0.629,0.277,2223.58,1398.57,228.55,1627.12,73.2,CRITICAL
0.5923,0.277,2223.58,1316.95,251.16,1568.11,70.5,HIGH
0.5466,0.277,2223.58,1215.46,279.28,1494.73,67.2,HIGH
0.4789,0.277,2223.58,1064.83,321.0,1385.83,62.3,MODERATE
0.4677,0.277,2223.58,1039.99,327.88,1367.87,61.5,MODERATE
0.3568,0.277,2223.58,793.38,396.2,1189.58,53.5,LOW
0.4202,0.277,2223.58,934.36,357.15,1291.5,58.1,MODERATE
0.3509,0.277,2223.58,780.23,399.84,1180.07,53.1,LOW
0.4498,0.277,2223.58,1000.14,338.92,1339.06,60.2,MODERATE
0.5461,0.277,2223.58,1214.37,279.58,1493.94,67.2,HIGH
0.3638,0.277,2223.58,808.86,391.91,1200.77,54.0,LOW
0.4369,0.277,2223.58,971.57,346.84,1318.41,59.3,MODERATE
0.419,0.277,2223.58,931.61,357.91,1289.52,58.0,MODERATE
0.3926,0.277,2223.58,873.0,374.14,1247.14,56.1,MODERATE
0.5187,0.277,2223.58,1153.3,296.49,1449.8,65.2,HIGH
0.2593,0.277,2223.58,576.61,456.25,1032.86,46.5,LOW
0.5024,0.277,2223.58,1117.11,306.52,1423.63,64.0,MODERATE
0.3888,0.277,2223.58,864.48,376.5,1240.98,55.8,MODERATE
0.491,0.277,2223.58,1091.8,313.53,1405.33,63.2,MODERATE
0.4931,0.277,2223.58,1096.35,312.27,1408.62,63.3,MODERATE
0.4857,0.277,2223.58,1080.04,316.79,1396.83,62.8,MODERATE
0.5705,0.277,2223.58,1268.54,264.57,1533.11,68.9,HIGH
0.5068,0.277,2223.58,1127.02,303.77,1430.79,64.3,MODERATE
0.5518,0.277,2223.58,1227.0,276.08,1503.08,67.6,HIGH
0.5623,0.277,2223.58,1250.34,269.61,1519.95,68.4,HIGH
0.5057,0.277,2223.58,1124.5,304.47,1428.97,64.3,MODERATE
0.3984,0.277,2223.58,885.78,370.6,1256.39,56.5,MODERATE
0.5036,0.277,2223.58,1119.77,305.78,1425.56,64.1,MODERATE
0.4941,0.277,2223.58,1098.6,311.65,1410.25,63.4,MODERATE
0.5065,0.277,2223.58,1126.32,303.97,1430.29,64.3,MODERATE
0.18,0.277,2223.58,400.31,505.09,905.4,40.7,LOW
0.5205,0.277,2223.58,1157.41,295.35,1452.77,65.3,HIGH
0.4889,0.277,2223.58,1087.04,314.85,1401.89,63.0,MODERATE
0.4027,0.277,2223.58,895.45,367.93,1263.37,56.8,MODERATE
0.4173,0.277,2223.58,927.99,358.91,1286.9,57.9,MODERATE
0.6519,0.277,2223.58,1449.49,214.44,1663.94,74.8,CRITICAL
0.5147,0.277,2223.58,1144.48,298.94,1443.41,64.9,MODERATE
0.4038,0.277,2223.58,897.97,367.23,1265.2,56.9,MODERATE
0.4715,0.277,2223.58,1048.39,325.56,1373.94,61.8,MODERATE
0.2483,0.277,2223.58,552.04,463.06,1015.1,45.7,LOW
0.4618,0.277,2223.58,1026.8,331.54,1358.34,61.1,MODERATE
0.4506,0.277,2223.58,1002.05,338.39,1340.44,60.3,MODERATE
0.4772,0.277,2223.58,1060.99,322.07,1383.06,62.2,MODERATE
0.5478,0.277,2223.58,1218.06,278.55,1496.61,67.3,HIGH
0.4821,0.277,2223.58,1071.92,319.04,1390.96,62.6,MODERATE
0.5152,0.277,2223.58,1145.53,298.65,1444.17,64.9,MODERATE
0.3161,0.277,2223.58,702.86,421.28,1124.14,50.6,LOW
0.4006,0.277,2223.58,890.87,369.19,1260.07,56.7,MODERATE
0.4744,0.277,2223.58,1054.85,323.77,1378.61,62.0,MODERATE
0.6909,0.277,2223.58,1536.29,190.4,1726.68,77.7,CRITICAL
0.5376,0.277,2223.58,1195.46,284.81,1480.28,66.6,HIGH
0.5573,0.277,2223.58,1239.17,272.71,1511.88,68.0,HIGH
0.5352,0.277,2223.58,1190.17,286.28,1476.45,66.4,HIGH
0.4905,0.277,2223.58,1090.77,313.82,1404.59,63.2,MODERATE
0.3725,0.277,2223.58,828.2,386.55,1214.75,54.6,LOW
0.401,0.277,2223.58,891.65,368.98,1260.63,56.7,MODERATE
0.4344,0.277,2223.58,965.93,348.4,1314.33,59.1,MODERATE
0.4468,0.277,2223.58,993.6,340.74,1334.33,60.0,MODERATE
0.538,0.277,2223.58,1196.27,284.59,1480.86,66.6,HIGH
0.5922,0.277,2223.58,1316.73,251.22,1567.95,70.5,HIGH
0.5357,0.277,2223.58,1191.27,285.98,1477.24,66.4,HIGH
0.3487,0.277,2223.58,775.46,401.17,1176.62,52.9,LOW
0.5618,0.277,2223.58,1249.26,269.91,1519.17,68.3,HIGH
0.3293,0.277,2223.58,732.25,413.13,1145.39,51.5,LOW
0.4325,0.277,2223.58,961.73,349.56,1311.29,59.0,MODERATE
0.5,0.277,2223.58,1111.72,308.01,1419.73,63.8,MODERATE
0.3901,0.277,2223.58,867.37,375.7,1243.07,55.9,MODERATE
0.6247,0.277,2223.58,1389.0,231.2,1620.2,72.9,CRITICAL
0.4069,0.277,2223.58,904.71,365.36,1270.07,57.1,MODERATE
0.4679,0.277,2223.58,1040.31,327.79,1368.11,61.5,MODERATE
0.2079,0.277,2223.58,462.31,487.92,950.22,42.7,LOW
0.495,0.277,2223.58,1100.71,311.06,1411.77,63.5,MODERATE
0.6437,0.277,2223.58,1431.27,219.49,1650.76,74.2,CRITICAL
0.4188,0.277,2223.58,931.17,358.03,1289.2,58.0,MODERATE
0.5346,0.277,2223.58,1188.65,286.7,1475.35,66.4,HIGH
0.4312,0.277,2223.58,958.83,350.37,1309.2,58.9,MODERATE
0.3974,0.277,2223.58,883.75,371.17,1254.91,56.4,MODERATE
0.3716,0.277,2223.58,826.38,387.06,1213.44,54.6,LOW
0.4443,0.277,2223.58,987.91,342.31,1330.22,59.8,MODERATE
0.4741,0.277,2223.58,1054.24,323.94,1378.18,62.0,MODERATE
0.2972,0.277,2223.58,660.79,432.93,1093.72,49.2,LOW
0.6616,0.277,2223.58,1471.02,208.48,1679.5,75.5,CRITICAL
0.4484,0.277,2223.58,996.99,339.8,1336.79,60.1,MODERATE
0.5965,0.277,2223.58,1326.42,248.53,1574.96,70.8,HIGH
0.4084,0.277,2223.58,908.12,364.42,1272.53,57.2,MODERATE
0.3026,0.277,2223.58,672.91,429.57,1102.49,49.6,LOW
0.3914,0.277,2223.58,870.24,374.91,1245.15,56.0,MODERATE
0.4343,0.277,2223.58,965.6,348.49,1314.09,59.1,MODERATE
0.3058,0.277,2223.58,679.92,427.63,1107.55,49.8,LOW
0.5004,0.277,2223.58,1112.75,307.73,1420.48,63.9,MODERATE
0.6391,0.277,2223.58,1421.03,222.33,1643.36,73.9,CRITICAL
0.4543,0.277,2223.58,1010.28,336.11,1346.39,60.6,MODERATE
0.5628,0.277,2223.58,1251.45,269.31,1520.75,68.4,HIGH
0.5873,0.277,2223.58,1306.0,254.19,1560.19,70.2,HIGH
0.6146,0.277,2223.58,1366.64,237.39,1604.04,72.1,CRITICAL
0.6256,0.277,2223.58,1391.14,230.61,1621.75,72.9,CRITICAL
0.3148,0.277,2223.58,700.09,422.04,1122.13,50.5,LOW
0.4214,0.277,2223.58,937.02,356.41,1293.43,58.2,MODERATE
0.4839,0.277,2223.58,1075.95,317.92,1393.87,62.7,MODERATE
0.4973,0.277,2223.58,1105.78,309.66,1415.44,63.7,MODERATE
0.7382,0.277,2223.58,1641.39,161.28,1802.67,81.1,CRITICAL
0.4539,0.277,2223.58,1009.34,336.37,1345.72,60.5,MODERATE
0.4505,0.277,2223.58,1001.72,338.49,1340.2,60.3,MODERATE
0.4986,0.277,2223.58,1108.74,308.84,1417.58,63.8,MODERATE
0.4169,0.277,2223.58,927.09,359.16,1286.25,57.8,MODERATE
0.3778,0.277,2223.58,839.96,383.3,1223.26,55.0,MODERATE
0.436,0.277,2223.58,969.45,347.42,1316.88,59.2,MODERATE
0.5351,0.277,2223.58,1189.85,286.37,1476.22,66.4,HIGH
0.5835,0.277,2223.58,1297.52,256.54,1554.06,69.9,HIGH
0.4554,0.277,2223.58,1012.58,335.48,1348.05,60.6,MODERATE
0.4643,0.277,2223.58,1032.46,329.97,1362.43,61.3,MODERATE
0.383,0.277,2223.58,851.66,380.06,1231.71,55.4,MODERATE
0.5724,0.277,2223.58,1272.72,263.41,1536.13,69.1,HIGH
0.193,0.277,2223.58,429.15,497.1,926.25,41.7,LOW
0.6167,0.277,2223.58,1371.19,236.13,1607.32,72.3,CRITICAL
0.5627,0.277,2223.58,1251.21,269.37,1520.58,68.4,HIGH
0.4458,0.277,2223.58,991.24,341.39,1332.63,59.9,MODERATE
0.6257,0.277,2223.58,1391.25,230.58,1621.83,72.9,CRITICAL
0.4409,0.277,2223.58,980.39,344.39,1324.78,59.6,MODERATE
0.5248,0.277,2223.58,1166.95,292.71,1459.66,65.6,HIGH
0.5156,0.277,2223.58,1146.38,298.41,1444.79,65.0,MODERATE
0.7051,0.277,2223.58,1567.87,181.65,1749.52,78.7,CRITICAL
0.5804,0.277,2223.58,1290.59,258.46,1549.05,69.7,HIGH
0.3939,0.277,2223.58,875.97,373.32,1249.29,56.2,MODERATE
0.4169,0.277,2223.58,926.92,359.21,1286.13,57.8,MODERATE
0.4108,0.277,2223.58,913.36,362.96,1276.32,57.4,MODERATE
0.5679,0.277,2223.58,1262.78,266.17,1528.94,68.8,HIGH
0.4222,0.277,2223.58,938.72,355.94,1294.66,58.2,MODERATE
0.4711,0.277,2223.58,1047.56,325.79,1373.35,61.8,MODERATE
0.3788,0.277,2223.58,842.26,382.66,1224.92,55.1,MODERATE
0.3374,0.277,2223.58,750.32,408.13,1158.45,52.1,LOW
0.4811,0.277,2223.58,1069.83,319.62,1389.45,62.5,MODERATE
0.5672,0.277,2223.58,1261.3,266.58,1527.87,68.7,HIGH
0.4844,0.277,2223.58,1077.07,317.61,1394.68,62.7,MODERATE
0.5228,0.277,2223.58,1162.43,293.96,1456.4,65.5,HIGH
0.3754,0.277,2223.58,834.76,384.74,1219.5,54.8,LOW
0.5436,0.277,2223.58,1208.64,281.16,1489.8,67.0,HIGH
0.3902,0.277,2223.58,867.61,375.64,1243.25,55.9,MODERATE
0.4256,0.277,2223.58,946.46,353.79,1300.26,58.5,MODERATE
0.5597,0.277,2223.58,1244.48,271.23,1515.72,68.2,HIGH
0.5136,0.277,2223.58,1142.0,299.62,1441.62,64.8,MODERATE
0.3317,0.277,2223.58,737.57,411.66,1149.23,51.7,LOW
0.3793,0.277,2223.58,843.41,382.34,1225.75,55.1,MODERATE
0.4847,0.277,2223.58,1077.67,317.45,1395.11,62.7,MODERATE
0.5332,0.277,2223.58,1185.55,287.56,1473.11,66.2,HIGH
0.607,0.277,2223.58,1349.65,242.1,1591.75,71.6,HIGH
0.4591,0.277,2223.58,1020.76,333.21,1353.97,60.9,MODERATE
0.5126,0.277,2223.58,1139.77,300.24,1440.01,64.8,MODERATE
0.484,0.277,2223.58,1076.28,317.83,1394.11,62.7,MODERATE
0.5673,0.277,2223.58,1261.39,266.55,1527.94,68.7,HIGH
0.5012,0.277,2223.58,1114.52,307.24,1421.76,63.9,MODERATE
0.5945,0.277,2223.58,1321.83,249.81,1571.64,70.7,HIGH
0.3008,0.277,2223.58,668.89,430.69,1099.58,49.5,LOW
0.4424,0.277,2223.58,983.65,343.49,1327.14,59.7,MODERATE
0.2988,0.277,2223.58,664.42,431.93,1096.35,49.3,LOW
0.6583,0.277,2223.58,1463.73,210.5,1674.22,75.3,CRITICAL
0.4611,0.277,2223.58,1025.4,331.92,1357.33,61.0,MODERATE
0.4353,0.277,2223.58,967.93,347.85,1315.78,59.2,MODERATE
0.4769,0.277,2223.58,1060.51,322.2,1382.71,62.2,MODERATE
0.5205,0.277,2223.58,1157.34,295.37,1452.71,65.3,HIGH
0.3449,0.277,2223.58,766.95,403.52,1170.47,52.6,LOW
0.4196,0.277,2223.58,932.91,357.55,1290.45,58.0,MODERATE
0.5609,0.277,2223.58,1247.1,270.51,1517.61,68.3,HIGH
0.2831,0.277,2223.58,629.58,441.58,1071.16,48.2,LOW
0.4544,0.277,2223.58,1010.39,336.08,1346.47,60.6,MODERATE
0.4375,0.277,2223.58,972.75,346.51,1319.26,59.3,MODERATE
0.5212,0.277,2223.58,1158.87,294.95,1453.82,65.4,HIGH
0.596,0.277,2223.58,1325.33,248.84,1574.17,70.8,HIGH
0.4891,0.277,2223.58,1087.58,314.7,1402.28,63.1,MODERATE
0.5931,0.277,2223.58,1318.86,250.63,1569.49,70.6,HIGH
0.5911,0.277,2223.58,1314.26,251.9,1566.16,70.4,HIGH
0.4767,0.277,2223.58,1059.88,322.37,1382.26,62.2,MODERATE
0.2227,0.277,2223.58,495.15,478.82,973.97,43.8,LOW
0.4623,0.277,2223.58,1027.98,331.21,1359.19,61.1,MODERATE
0.4811,0.277,2223.58,1069.73,319.65,1389.37,62.5,MODERATE
0.523,0.277,2223.58,1162.98,293.81,1456.8,65.5,HIGH
0.3629,0.277,2223.58,806.91,392.45,1199.36,53.9,LOW
0.4982,0.277,2223.58,1107.76,309.11,1416.87,63.7,MODERATE
0.521,0.277,2223.58,1158.48,295.06,1453.54,65.4,HIGH
0.4965,0.277,2223.58,1103.9,310.18,1414.08,63.6,MODERATE
0.4037,0.277,2223.58,897.7,367.3,1265.0,56.9,MODERATE
0.6301,0.277,2223.58,1401.18,227.83,1629.0,73.3,CRITICAL
0.6138,0.277,2223.58,1364.93,237.87,1602.8,72.1,CRITICAL
0.5541,0.277,2223.58,1232.04,274.68,1506.72,67.8,HIGH
0.5201,0.277,2223.58,1156.47,295.62,1452.08,65.3,HIGH
0.4566,0.277,2223.58,1015.19,334.75,1349.94,60.7,MODERATE
0.5396,0.277,2223.58,1199.91,283.58,1483.49,66.7,HIGH
0.4106,0.277,2223.58,912.91,363.09,1276.0,57.4,MODERATE
0.5561,0.277,2223.58,1236.61,273.41,1510.03,67.9,HIGH
0.5361,0.277,2223.58,1192.05,285.76,1477.81,66.5,HIGH
0.5583,0.277,2223.58,1241.39,272.09,1513.48,68.1,HIGH
0.5385,0.277,2223.58,1197.32,284.3,1481.62,66.6,HIGH
0.6095,0.277,2223.58,1355.29,240.54,1595.83,71.8,HIGH
0.5873,0.277,2223.58,1306.0,254.19,1560.19,70.2,HIGH
0.3742,0.277,2223.58,832.11,385.47,1217.58,54.8,LOW
0.5191,0.277,2223.58,1154.32,296.21,1450.53,65.2,HIGH
0.4678,0.277,2223.58,1040.3,327.8,1368.1,61.5,MODERATE
0.5546,0.277,2223.58,1233.23,274.35,1507.58,67.8,HIGH
0.5747,0.277,2223.58,1277.79,262.01,1539.8,69.2,HIGH
0.6894,0.277,2223.58,1532.91,191.33,1724.24,77.5,CRITICAL
0.5338,0.277,2223.58,1186.87,287.19,1474.07,66.3,HIGH
0.4077,0.277,2223.58,906.49,364.87,1271.36,57.2,MODERATE
0.5868,0.277,2223.58,1304.83,254.52,1559.34,70.1,HIGH
0.3412,0.277,2223.58,758.78,405.79,1164.56,52.4,LOW
0.4111,0.277,2223.58,914.05,362.77,1276.82,57.4,MODERATE
0.1535,0.277,2223.58,341.34,521.43,862.77,38.8,LOW
0.4913,0.277,2223.58,1092.52,313.33,1405.85,63.2,MODERATE
0.5403,0.277,2223.58,1201.3,283.2,1484.49,66.8,HIGH
0.6851,0.277,2223.58,1523.48,193.95,1717.42,77.2,CRITICAL
0.395,0.277,2223.58,878.25,372.69,1250.94,56.3,MODERATE
0.3862,0.277,2223.58,858.75,378.09,1236.84,55.6,MODERATE
0.3083,0.277,2223.58,685.49,426.09,1111.58,50.0,LOW
0.5337,0.277,2223.58,1186.81,287.21,1474.02,66.3,HIGH
0.4143,0.277,2223.58,921.33,360.76,1282.08,57.7,MODERATE
0.5212,0.277,2223.58,1158.93,294.93,1453.87,65.4,HIGH
0.4299,0.277,2223.58,956.0,351.15,1307.15,58.8,MODERATE
0.4357,0.277,2223.58,968.82,347.6,1316.42,59.2,MODERATE
0.5382,0.277,2223.58,1196.68,284.48,1481.16,66.6,HIGH
0.4609,0.277,2223.58,1024.94,332.05,1356.99,61.0,MODERATE
0.6243,0.277,2223.58,1388.19,231.42,1619.61,72.8,CRITICAL
0.34,0.277,2223.58,756.03,406.55,1162.58,52.3,LOW
0.651,0.277,2223.58,1447.53,214.98,1662.52,74.8,CRITICAL
0.4474,0.277,2223.58,994.91,340.37,1335.28,60.1,MODERATE
0.5017,0.277,2223.58,1115.5,306.96,1422.47,64.0,MODERATE
0.4746,0.277,2223.58,1055.35,323.63,1378.98,62.0,MODERATE
0.4192,0.277,2223.58,932.11,357.77,1289.88,58.0,MODERATE
0.4123,0.277,2223.58,916.7,362.04,1278.74,57.5,MODERATE
0.2182,0.277,2223.58,485.09,481.6,966.69,43.5,LOW
0.7201,0.277,2223.58,1601.23,172.41,1773.63,79.8,CRITICAL
0.3759,0.277,2223.58,835.84,384.44,1220.27,54.9,LOW
0.6518,0.277,2223.58,1449.26,214.5,1663.77,74.8,CRITICAL
0.4487,0.277,2223.58,997.69,339.6,1337.29,60.1,MODERATE
0.6591,0.277,2223.58,1465.67,209.96,1675.63,75.4,CRITICAL
0.5599,0.277,2223.58,1244.88,271.12,1516.0,68.2,HIGH
0.2,0.277,2223.58,444.8,492.77,937.57,42.2,LOW
0.425,0.277,2223.58,944.97,354.21,1299.18,58.4,MODERATE
0.5051,0.277,2223.58,1123.06,304.87,1427.93,64.2,MODERATE
0.5282,0.277,2223.58,1174.46,290.63,1465.09,65.9,HIGH
0.4709,0.277,2223.58,1047.09,325.92,1373.0,61.7,MODERATE
0.4088,0.277,2223.58,909.05,364.16,1273.21,57.3,MODERATE
0.4844,0.277,2223.58,1077.21,317.57,1394.78,62.7,MODERATE
0.6018,0.277,2223.58,1338.1,245.3,1583.4,71.2,HIGH
0.4571,0.277,2223.58,1016.38,334.42,1350.8,60.7,MODERATE
0.3829,0.277,2223.58,851.52,380.09,1231.61,55.4,MODERATE
0.4461,0.277,2223.58,992.02,341.17,1333.19,60.0,MODERATE
0.5406,0.277,2223.58,1202.04,282.99,1485.03,66.8,HIGH
0.5292,0.277,2223.58,1176.79,289.99,1466.77,66.0,HIGH
0.6151,0.277,2223.58,1367.81,237.07,1604.88,72.2,CRITICAL
0.2745,0.277,2223.58,610.44,446.88,1057.32,47.6,LOW
0.4841,0.277,2223.58,1076.46,317.78,1394.24,62.7,MODERATE
0.6133,0.277,2223.58,1363.77,238.19,1601.96,72.0,CRITICAL
0.5698,0.277,2223.58,1266.89,265.03,1531.92,68.9,HIGH
0.3339,0.277,2223.58,742.34,410.34,1152.68,51.8,LOW
0.4086,0.277,2223.58,908.66,364.27,1272.92,57.2,MODERATE
0.5791,0.277,2223.58,1287.71,259.26,1546.97,69.6,HIGH
0.6134,0.277,2223.58,1363.84,238.17,1602.01,72.0,CRITICAL
0.4758,0.277,2223.58,1058.06,322.88,1380.94,62.1,MODERATE
0.5342,0.277,2223.58,1187.74,286.95,1474.69,66.3,HIGH
0.6251,0.277,2223.58,1390.0,230.92,1620.93,72.9,CRITICAL
0.4107,0.277,2223.58,913.15,363.02,1276.17,57.4,MODERATE
0.5988,0.277,2223.58,1331.45,247.14,1578.59,71.0,HIGH
0.5463,0.277,2223.58,1214.7,279.48,1494.19,67.2,HIGH
0.6944,0.277,2223.58,1543.98,188.27,1732.25,77.9,CRITICAL
0.5895,0.277,2223.58,1310.72,252.88,1563.6,70.3,HIGH
0.6577,0.277,2223.58,1462.53,210.83,1673.36,75.3,CRITICAL
0.3958,0.277,2223.58,880.12,372.17,1252.29,56.3,MODERATE
0.4992,0.277,2223.58,1110.02,308.48,1418.51,63.8,MODERATE
0.3783,0.277,2223.58,841.09,382.98,1224.07,55.0,MODERATE
0.5848,0.277,2223.58,1300.34,255.76,1556.1,70.0,HIGH
0.3413,0.277,2223.58,758.94,405.74,1164.68,52.4,LOW
0.4458,0.277,2223.58,991.32,341.37,1332.68,59.9,MODERATE
0.4094,0.277,2223.58,910.35,363.8,1274.15,57.3,MODERATE
0.4436,0.277,2223.58,986.38,342.74,1329.11,59.8,MODERATE
0.428,0.277,2223.58,951.62,352.36,1303.99,58.6,MODERATE
0.4364,0.277,2223.58,970.48,347.14,1317.62,59.3,MODERATE
0.5644,0.277,2223.58,1255.0,268.32,1523.32,68.5,HIGH
0.3583,0.277,2223.58,796.66,395.29,1191.95,53.6,LOW
0.4883,0.277,2223.58,1085.75,315.21,1400.96,63.0,MODERATE
0.4869,0.277,2223.58,1082.69,316.05,1398.75,62.9,MODERATE
0.3956,0.277,2223.58,879.71,372.28,1252.0,56.3,MODERATE
0.735,0.277,2223.58,1634.35,163.23,1797.58,80.8,CRITICAL
0.5747,0.277,2223.58,1277.9,261.98,1539.87,69.3,HIGH
0.4764,0.277,2223.58,1059.27,322.54,1381.81,62.1,MODERATE
0.5335,0.277,2223.58,1186.26,287.36,1473.63,66.3,HIGH
0.6219,0.277,2223.58,1382.82,232.91,1615.73,72.7,CRITICAL
0.5031,0.277,2223.58,1118.68,306.09,1424.76,64.1,MODERATE
0.3775,0.277,2223.58,839.45,383.44,1222.89,55.0,LOW
0.4051,0.277,2223.58,900.69,366.47,1267.16,57.0,MODERATE
0.3702,0.277,2223.58,823.27,387.92,1211.19,54.5,LOW
0.3804,0.277,2223.58,845.79,381.68,1227.47,55.2,MODERATE
0.5126,0.277,2223.58,1139.76,300.24,1440.01,64.8,MODERATE
0.5643,0.277,2223.58,1254.8,268.38,1523.18,68.5,HIGH
0.4596,0.277,2223.58,1021.85,332.91,1354.76,60.9,MODERATE
0.4257,0.277,2223.58,946.68,353.73,1300.42,58.5,MODERATE
0.3636,0.277,2223.58,808.44,392.03,1200.47,54.0,LOW
0.4175,0.277,2223.58,928.39,358.8,1287.19,57.9,MODERATE
0.4808,0.277,2223.58,1069.09,319.82,1388.91,62.5,MODERATE
0.4205,0.277,2223.58,934.91,356.99,1291.91,58.1,MODERATE
0.3509,0.277,2223.58,780.35,399.81,1180.16,53.1,LOW
0.4029,0.277,2223.58,895.94,367.79,1263.73,56.8,MODERATE
0.524,0.277,2223.58,1165.24,293.19,1458.42,65.6,HIGH
0.5646,0.277,2223.58,1255.35,268.22,1523.57,68.5,HIGH
0.5075,0.277,2223.58,1128.37,303.4,1431.77,64.4,MODERATE
0.623,0.277,2223.58,1385.39,232.2,1617.59,72.7,CRITICAL
0.5068,0.277,2223.58,1126.86,303.82,1430.68,64.3,MODERATE
0.4794,0.277,2223.58,1065.99,320.68,1386.67,62.4,MODERATE
0.4072,0.277,2223.58,905.38,365.17,1270.56,57.1,MODERATE
0.4784,0.277,2223.58,1063.83,321.28,1385.11,62.3,MODERATE
0.5919,0.277,2223.58,1316.07,251.4,1567.47,70.5,HIGH
0.5198,0.277,2223.58,1155.71,295.83,1451.54,65.3,HIGH
0.4945,0.277,2223.58,1099.64,311.36,1411.0,63.5,MODERATE
0.3862,0.277,2223.58,858.68,378.11,1236.79,55.6,MODERATE
0.6082,0.277,2223.58,1352.4,241.34,1593.74,71.7,HIGH
0.2456,0.277,2223.58,546.1,464.7,1010.8,45.5,LOW
0.3865,0.277,2223.58,859.45,377.9,1237.35,55.6,MODERATE
0.5353,0.277,2223.58,1190.27,286.25,1476.52,66.4,HIGH
0.5085,0.277,2223.58,1130.72,302.75,1433.47,64.5,MODERATE
0.5175,0.277,2223.58,1150.67,297.22,1447.89,65.1,HIGH
0.4736,0.277,2223.58,1053.0,324.28,1377.28,61.9,MODERATE
0.4719,0.277,2223.58,1049.4,325.28,1374.68,61.8,MODERATE
0.4872,0.277,2223.58,1083.22,315.91,1399.13,62.9,MODERATE
0.3218,0.277,2223.58,715.44,417.79,1133.23,51.0,LOW
0.5202,0.277,2223.58,1156.61,295.58,1452.19,65.3,HIGH
0.5007,0.277,2223.58,1113.32,307.57,1420.89,63.9,MODERATE
0.4817,0.277,2223.58,1071.09,319.27,1390.36,62.5,MODERATE
0.4071,0.277,2223.58,905.23,365.22,1270.44,57.1,MODERATE
0.6534,0.277,2223.58,1452.83,213.52,1666.35,74.9,CRITICAL
0.6046,0.277,2223.58,1344.32,243.58,1587.9,71.4,HIGH
0.5383,0.277,2223.58,1197.01,284.38,1481.4,66.6,HIGH
0.4701,0.277,2223.58,1045.3,326.41,1371.71,61.7,MODERATE
0.4236,0.277,2223.58,941.91,355.05,1296.97,58.3,MODERATE
0.4531,0.277,2223.58,1007.49,336.89,1344.38,60.5,MODERATE
0.6653,0.277,2223.58,1479.42,206.15,1685.57,75.8,CRITICAL
0.4657,0.277,2223.58,1035.57,329.11,1364.68,61.4,MODERATE
0.6239,0.277,2223.58,1387.29,231.67,1618.96,72.8,CRITICAL
0.4776,0.277,2223.58,1061.99,321.79,1383.78,62.2,MODERATE
0.3203,0.277,2223.58,712.15,418.7,1130.85,50.9,LOW
0.5516,0.277,2223.58,1226.47,276.22,1502.69,67.6,HIGH
0.4719,0.277,2223.58,1049.38,325.28,1374.66,61.8,MODERATE
0.2899,0.277,2223.58,644.65,437.4,1082.05,48.7,LOW
0.4596,0.277,2223.58,1022.03,332.86,1354.89,60.9,MODERATE
0.4885,0.277,2223.58,1086.18,315.09,1401.27,63.0,MODERATE
0.6115,0.277,2223.58,1359.81,239.29,1599.09,71.9,HIGH
0.3918,0.277,2223.58,871.28,374.62,1245.9,56.0,MODERATE
0.5116,0.277,2223.58,1137.56,300.85,1438.41,64.7,MODERATE
0.509,0.277,2223.58,1131.84,302.44,1434.28,64.5,MODERATE
0.5393,0.277,2223.58,1199.17,283.79,1482.96,66.7,HIGH
0.3838,0.277,2223.58,853.31,379.6,1232.91,55.4,MODERATE
0.6257,0.277,2223.58,1391.36,230.55,1621.91,72.9,CRITICAL
0.4957,0.277,2223.58,1102.15,310.66,1412.81,63.5,MODERATE
0.5588,0.277,2223.58,1242.46,271.79,1514.26,68.1,HIGH
0.4242,0.277,2223.58,943.27,354.68,1297.95,58.4,MODERATE
0.5921,0.277,2223.58,1316.58,251.26,1567.84,70.5,HIGH
0.5725,0.277,2223.58,1272.96,263.34,1536.31,69.1,HIGH
0.41,0.277,2223.58,911.56,363.46,1275.02,57.3,MODERATE
0.3857,0.277,2223.58,857.7,378.38,1236.08,55.6,MODERATE
0.5243,0.277,2223.58,1165.9,293.0,1458.91,65.6,HIGH
0.5524,0.277,2223.58,1228.34,275.71,1504.05,67.6,HIGH
0.5891,0.277,2223.58,1309.85,253.13,1562.98,70.3,HIGH
0.4838,0.277,2223.58,1075.81,317.96,1393.77,62.7,MODERATE
0.5764,0.277,2223.58,1281.66,260.93,1542.6,69.4,HIGH
0.3568,0.277,2223.58,793.38,396.2,1189.58,53.5,LOW
0.6133,0.277,2223.58,1363.64,238.22,1601.87,72.0,CRITICAL
0.1995,0.277,2223.58,443.54,493.12,936.65,42.1,LOW
0.4827,0.277,2223.58,1073.34,318.65,1391.98,62.6,MODERATE
0.4411,0.277,2223.58,980.74,344.3,1325.03,59.6,MODERATE
0.5649,0.277,2223.58,1256.05,268.03,1524.08,68.5,HIGH
0.5091,0.277,2223.58,1131.99,302.4,1434.39,64.5,MODERATE
0.3847,0.277,2223.58,855.5,378.99,1234.49,55.5,MODERATE
0.5864,0.277,2223.58,1304.02,254.74,1558.76,70.1,HIGH
0.4389,0.277,2223.58,976.0,345.61,1321.61,59.4,MODERATE
0.3766,0.277,2223.58,837.35,384.02,1221.37,54.9,LOW
0.224,0.277,2223.58,498.02,478.02,976.04,43.9,LOW
0.4253,0.277,2223.58,945.7,354.0,1299.71,58.5,MODERATE
0.4728,0.277,2223.58,1051.27,324.76,1376.03,61.9,MODERATE
0.7795,0.277,2223.58,1733.17,135.86,1869.03,84.1,CRITICAL
0.4187,0.277,2223.58,930.99,358.08,1289.07,58.0,MODERATE
0.2947,0.277,2223.58,655.28,434.46,1089.74,49.0,LOW
0.548,0.277,2223.58,1218.52,278.43,1496.95,67.3,HIGH
0.6131,0.277,2223.58,1363.33,238.31,1601.64,72.0,CRITICAL
0.5959,0.277,2223.58,1325.06,248.91,1573.97,70.8,HIGH
0.598,0.277,2223.58,1329.72,247.62,1577.34,70.9,HIGH
0.4883,0.277,2223.58,1085.76,315.2,1400.96,63.0,MODERATE
0.4448,0.277,2223.58,989.02,342.0,1331.02,59.9,MODERATE
0.4664,0.277,2223.58,1037.17,328.66,1365.84,61.4,MODERATE
0.4189,0.277,2223.58,931.45,357.95,1289.4,58.0,MODERATE
0.6533,0.277,2223.58,1452.58,213.59,1666.17,74.9,CRITICAL
0.3829,0.277,2223.58,851.41,380.12,1231.54,55.4,MODERATE
0.3955,0.277,2223.58,879.51,372.34,1251.85,56.3,MODERATE
0.5647,0.277,2223.58,1255.63,268.14,1523.78,68.5,HIGH
0.3068,0.277,2223.58,682.15,427.01,1109.16,49.9,LOW
0.5158,0.277,2223.58,1146.83,298.29,1445.11,65.0,MODERATE
0.5307,0.277,2223.58,1180.07,289.08,1469.15,66.1,HIGH
0.6558,0.277,2223.58,1458.15,212.04,1670.19,75.1,CRITICAL
0.4987,0.277,2223.58,1108.98,308.77,1417.75,63.8,MODERATE
0.4239,0.277,2223.58,942.47,354.9,1297.37,58.3,MODERATE
0.4006,0.277,2223.58,890.84,369.2,1260.04,56.7,MODERATE
0.5217,0.277,2223.58,1160.11,294.61,1454.71,65.4,HIGH
0.5891,0.277,2223.58,1309.97,253.09,1563.06,70.3,HIGH
0.4585,0.277,2223.58,1019.52,333.55,1353.08,60.9,MODERATE
0.3844,0.277,2223.58,854.65,379.23,1233.88,55.5,MODERATE
0.4485,0.277,2223.58,997.25,339.72,1336.98,60.1,MODERATE
0.2926,0.277,2223.58,650.65,435.74,1086.39,48.9,LOW
0.4867,0.277,2223.58,1082.12,316.21,1398.33,62.9,MODERATE
0.3606,0.277,2223.58,801.89,393.84,1195.74,53.8,LOW
0.4084,0.277,2223.58,908.18,364.4,1272.58,57.2,MODERATE
0.4277,0.277,2223.58,950.94,352.55,1303.5,58.6,MODERATE
0.4902,0.277,2223.58,1089.95,314.04,1403.99,63.1,MODERATE
0.7092,0.277,2223.58,1576.86,179.16,1756.02,79.0,CRITICAL
0.5839,0.277,2223.58,1298.24,256.34,1554.58,69.9,HIGH
0.4691,0.277,2223.58,1043.14,327.01,1370.15,61.6,MODERATE
0.3565,0.277,2223.58,792.8,396.36,1189.16,53.5,LOW
0.3945,0.277,2223.58,877.22,372.97,1250.2,56.2,MODERATE
0.5445,0.277,2223.58,1210.82,280.56,1491.38,67.1,HIGH
0.4928,0.277,2223.58,1095.82,312.42,1408.24,63.3,MODERATE
0.3225,0.277,2223.58,717.09,417.34,1134.42,51.0,LOW
0.4653,0.277,2223.58,1034.55,329.39,1363.94,61.3,MODERATE
0.5308,0.277,2223.58,1180.29,289.02,1469.31,66.1,HIGH
0.4788,0.277,2223.58,1064.68,321.04,1385.72,62.3,MODERATE
0.6227,0.277,2223.58,1384.53,232.44,1616.97,72.7,CRITICAL
0.5357,0.277,2223.58,1191.14,286.01,1477.15,66.4,HIGH
0.6664,0.277,2223.58,1481.76,205.5,1687.26,75.9,CRITICAL
0.5208,0.277,2223.58,1158.01,295.19,1453.2,65.4,HIGH
0.4074,0.277,2223.58,905.78,365.06,1270.84,57.2,MODERATE
0.5554,0.277,2223.58,1234.98,273.87,1508.85,67.9,HIGH
0.4854,0.277,2223.58,1079.43,316.96,1396.39,62.8,MODERATE
0.4421,0.277,2223.58,982.94,343.69,1326.63,59.7,MODERATE
0.4936,0.277,2223.58,1097.51,311.95,1409.46,63.4,MODERATE
0.4659,0.277,2223.58,1035.88,329.02,1364.9,61.4,MODERATE
0.5293,0.277,2223.58,1176.96,289.94,1466.9,66.0,HIGH
0.3677,0.277,2223.58,817.62,389.49,1207.1,54.3,LOW
0.5167,0.277,2223.58,1148.95,297.7,1446.65,65.1,HIGH
0.7099,0.277,2223.58,1578.63,178.67,1757.3,79.0,CRITICAL
0.4238,0.277,2223.58,942.26,354.96,1297.22,58.3,MODERATE
0.3966,0.277,2223.58,881.92,371.67,1253.6,56.4,MODERATE
0.5613,0.277,2223.58,1248.06,270.24,1518.3,68.3,HIGH
0.3906,0.277,2223.58,868.46,375.4,1243.86,55.9,MODERATE
0.4365,0.277,2223.58,970.51,347.13,1317.64,59.3,MODERATE
0.4665,0.277,2223.58,1037.19,328.66,1365.85,61.4,MODERATE
0.6466,0.277,2223.58,1437.79,217.68,1655.47,74.5,CRITICAL
0.4779,0.277,2223.58,1062.58,321.63,1384.2,62.3,MODERATE
0.3809,0.277,2223.58,846.96,381.36,1228.32,55.2,MODERATE
0.6058,0.277,2223.58,1346.97,242.84,1589.81,71.5,HIGH
0.445,0.277,2223.58,989.44,341.89,1331.33,59.9,MODERATE
0.6018,0.277,2223.58,1338.19,245.27,1583.47,71.2,HIGH
0.5506,0.277,2223.58,1224.4,276.8,1501.19,67.5,HIGH
0.6454,0.277,2223.58,1435.05,218.44,1653.49,74.4,CRITICAL
0.5566,0.277,2223.58,1237.62,273.14,1510.75,67.9,HIGH
0.6601,0.277,2223.58,1467.74,209.39,1677.13,75.4,CRITICAL
0.4062,0.277,2223.58,903.26,365.76,1269.02,57.1,MODERATE
0.4493,0.277,2223.58,999.13,339.2,1338.33,60.2,MODERATE
0.4894,0.277,2223.58,1088.27,314.51,1402.78,63.1,MODERATE
0.4408,0.277,2223.58,980.21,344.44,1324.65,59.6,MODERATE
0.4307,0.277,2223.58,957.63,350.7,1308.33,58.8,MODERATE
0.3802,0.277,2223.58,845.33,381.81,1227.14,55.2,MODERATE
0.5255,0.277,2223.58,1168.5,292.28,1460.78,65.7,HIGH
0.5134,0.277,2223.58,1141.55,299.75,1441.3,64.8,MODERATE
0.6169,0.277,2223.58,1371.79,235.97,1607.76,72.3,CRITICAL
0.3155,0.277,2223.58,701.59,421.63,1123.22,50.5,LOW
0.5177,0.277,2223.58,1151.18,297.08,1448.26,65.1,HIGH
0.5174,0.277,2223.58,1150.51,297.27,1447.78,65.1,HIGH
0.4141,0.277,2223.58,920.79,360.91,1281.69,57.6,MODERATE
0.4148,0.277,2223.58,922.36,360.47,1282.83,57.7,MODERATE
0.5201,0.277,2223.58,1156.43,295.63,1452.06,65.3,HIGH
0.4156,0.277,2223.58,924.13,359.98,1284.11,57.7,MODERATE
0.4658,0.277,2223.58,1035.85,329.03,1364.88,61.4,MODERATE
0.5083,0.277,2223.58,1130.23,302.89,1433.11,64.5,MODERATE
0.5569,0.277,2223.58,1238.23,272.97,1511.19,68.0,HIGH
0.394,0.277,2223.58,876.11,373.28,1249.39,56.2,MODERATE
0.5682,0.277,2223.58,1263.4,265.99,1529.39,68.8,HIGH
0.4033,0.277,2223.58,896.72,367.57,1264.29,56.9,MODERATE
0.5611,0.277,2223.58,1247.71,270.34,1518.05,68.3,HIGH
0.6021,0.277,2223.58,1338.91,245.08,1583.99,71.2,HIGH
0.3157,0.277,2223.58,702.04,421.5,1123.54,50.5,LOW
0.5069,0.277,2223.58,1127.24,303.71,1430.96,64.4,MODERATE
0.378,0.277,2223.58,840.48,383.15,1223.63,55.0,MODERATE
0.5064,0.277,2223.58,1125.96,304.07,1430.03,64.3,MODERATE
0.2349,0.277,2223.58,522.31,471.29,993.6,44.7,LOW
0.5657,0.277,2223.58,1257.94,267.51,1525.44,68.6,HIGH
0.5266,0.277,2223.58,1170.86,291.63,1462.49,65.8,HIGH
0.4564,0.277,2223.58,1014.85,334.85,1349.7,60.7,MODERATE
0.5084,0.277,2223.58,1130.38,302.84,1433.22,64.5,MODERATE
0.4116,0.277,2223.58,915.16,362.46,1277.63,57.5,MODERATE
0.5594,0.277,2223.58,1243.78,271.43,1515.21,68.1,HIGH
0.6136,0.277,2223.58,1364.4,238.01,1602.41,72.1,CRITICAL
0.5728,0.277,2223.58,1273.75,263.13,1536.88,69.1,HIGH
0.4608,0.277,2223.58,1024.69,332.12,1356.81,61.0,MODERATE
0.7085,0.277,2223.58,1575.38,179.57,1754.95,78.9,CRITICAL
0.531,0.277,2223.58,1180.61,288.93,1469.54,66.1,HIGH
0.6239,0.277,2223.58,1387.23,231.69,1618.92,72.8,CRITICAL
0.4469,0.277,2223.58,993.8,340.68,1334.48,60.0,MODERATE
0.6781,0.277,2223.58,1507.76,198.3,1706.06,76.7,CRITICAL
0.2947,0.277,2223.58,655.24,434.47,1089.71,49.0,LOW
0.6291,0.277,2223.58,1398.85,228.47,1627.32,73.2,CRITICAL
0.5553,0.277,2223.58,1234.85,273.9,1508.75,67.9,HIGH
0.5698,0.277,2223.58,1266.89,265.03,1531.92,68.9,HIGH
0.6698,0.277,2223.58,1489.42,203.38,1692.8,76.1,CRITICAL
0.561,0.277,2223.58,1247.53,270.39,1517.92,68.3,HIGH
0.577,0.277,2223.58,1283.05,260.55,1543.6,69.4,HIGH
0.5275,0.277,2223.58,1172.88,291.07,1463.95,65.8,HIGH
0.6631,0.277,2223.58,1474.45,207.53,1681.98,75.6,CRITICAL
0.5272,0.277,2223.58,1172.3,291.23,1463.53,65.8,HIGH
0.3773,0.277,2223.58,838.98,383.57,1222.55,55.0,LOW
0.3489,0.277,2223.58,775.76,401.08,1176.84,52.9,LOW
0.5206,0.277,2223.58,1157.58,295.31,1452.89,65.3,HIGH
0.5386,0.277,2223.58,1197.55,284.24,1481.79,66.6,HIGH
0.5042,0.277,2223.58,1121.09,305.42,1426.51,64.2,MODERATE
0.578,0.277,2223.58,1285.31,259.92,1545.24,69.5,HIGH
0.4964,0.277,2223.58,1103.82,310.2,1414.02,63.6,MODERATE
0.4757,0.277,2223.58,1057.78,322.96,1380.73,62.1,MODERATE
0.4264,0.277,2223.58,948.19,353.31,1301.51,58.5,MODERATE
0.5572,0.277,2223.58,1239.0,272.75,1511.75,68.0,HIGH
0.551,0.277,2223.58,1225.11,276.6,1501.71,67.5,HIGH
0.4525,0.277,2223.58,1006.1,337.27,1343.37,60.4,MODERATE
0.4325,0.277,2223.58,961.7,349.57,1311.27,59.0,MODERATE
0.5567,0.277,2223.58,1237.84,273.07,1510.91,67.9,HIGH
0.4794,0.277,2223.58,1065.92,320.7,1386.62,62.4,MODERATE
0.5674,0.277,2223.58,1261.6,266.49,1528.09,68.7,HIGH
0.4598,0.277,2223.58,1022.5,332.73,1355.23,60.9,MODERATE
0.6373,0.277,2223.58,1417.19,223.39,1640.58,73.8,CRITICAL
0.4339,0.277,2223.58,964.89,348.69,1313.57,59.1,MODERATE
0.4468,0.277,2223.58,993.43,340.78,1334.21,60.0,MODERATE
0.5161,0.277,2223.58,1147.67,298.05,1445.72,65.0,HIGH
0.4788,0.277,2223.58,1064.67,321.05,1385.72,62.3,MODERATE
0.4447,0.277,2223.58,988.78,342.07,1330.85,59.9,MODERATE
0.6159,0.277,2223.58,1369.52,236.6,1606.12,72.2,CRITICAL
0.2911,0.277,2223.58,647.22,436.69,1083.91,48.7,LOW
0.4575,0.277,2223.58,1017.31,334.17,1351.47,60.8,MODERATE
0.5352,0.277,2223.58,1190.06,286.31,1476.37,66.4,HIGH
0.5968,0.277,2223.58,1327.0,248.37,1575.37,70.8,HIGH
0.4638,0.277,2223.58,1031.36,330.27,1361.63,61.2,MODERATE
0.2293,0.277,2223.58,509.77,474.77,984.54,44.3,LOW
0.314,0.277,2223.58,698.18,422.57,1120.75,50.4,LOW
0.6405,0.277,2223.58,1424.2,221.45,1645.65,74.0,CRITICAL
0.4153,0.277,2223.58,923.43,360.17,1283.61,57.7,MODERATE
0.4358,0.277,2223.58,969.14,347.51,1316.65,59.2,MODERATE
0.4698,0.277,2223.58,1044.53,326.63,1371.16,61.7,MODERATE
0.6257,0.277,2223.58,1391.34,230.55,1621.89,72.9,CRITICAL
0.4376,0.277,2223.58,973.13,346.41,1319.53,59.3,MODERATE
0.5949,0.277,2223.58,1322.85,249.53,1572.37,70.7,HIGH
0.6809,0.277,2223.58,1514.13,196.53,1710.67,76.9,CRITICAL
0.4707,0.277,2223.58,1046.6,326.05,1372.65,61.7,MODERATE
0.5027,0.277,2223.58,1117.86,306.31,1424.17,64.0,MODERATE
0.7055,0.277,2223.58,1568.75,181.4,1750.16,78.7,CRITICAL
0.4568,0.277,2223.58,1015.69,334.62,1350.3,60.7,MODERATE
0.3998,0.277,2223.58,889.04,369.7,1258.74,56.6,MODERATE
0.4408,0.277,2223.58,980.07,344.48,1324.55,59.6,MODERATE
0.4228,0.277,2223.58,940.05,355.57,1295.62,58.3,MODERATE
0.4207,0.277,2223.58,935.52,356.82,1292.35,58.1,MODERATE
0.454,0.277,2223.58,1009.61,336.3,1345.91,60.5,MODERATE
0.407,0.277,2223.58,904.93,365.3,1270.23,57.1,MODERATE
0.3739,0.277,2223.58,831.4,385.67,1217.07,54.7,LOW
0.5256,0.277,2223.58,1168.79,292.2,1461.0,65.7,HIGH
0.2544,0.277,2223.58,565.66,459.28,1024.95,46.1,LOW
0.5269,0.277,2223.58,1171.51,291.45,1462.96,65.8,HIGH
0.5725,0.277,2223.58,1273.02,263.33,1536.35,69.1,HIGH
0.5567,0.277,2223.58,1237.93,273.05,1510.98,68.0,HIGH
0.5504,0.277,2223.58,1223.9,276.94,1500.83,67.5,HIGH
0.4821,0.277,2223.58,1071.92,319.04,1390.96,62.6,MODERATE
0.563,0.277,2223.58,1251.88,269.18,1521.07,68.4,HIGH
0.3968,0.277,2223.58,882.38,371.55,1253.92,56.4,MODERATE
0.4359,0.277,2223.58,969.21,347.49,1316.7,59.2,MODERATE
0.4852,0.277,2223.58,1078.96,317.09,1396.05,62.8,MODERATE
0.4957,0.277,2223.58,1102.26,310.63,1412.9,63.5,MODERATE
0.3781,0.277,2223.58,840.71,383.09,1223.8,55.0,MODERATE
0.4279,0.277,2223.58,951.47,352.4,1303.88,58.6,MODERATE
0.5181,0.277,2223.58,1151.93,296.87,1448.8,65.2,HIGH
0.5874,0.277,2223.58,1306.22,254.13,1560.35,70.2,HIGH
0.6371,0.277,2223.58,1416.69,223.53,1640.22,73.8,CRITICAL
0.492,0.277,2223.58,1094.04,312.91,1406.95,63.3,MODERATE
0.4019,0.277,2223.58,893.76,368.39,1262.15,56.8,MODERATE
0.5235,0.277,2223.58,1163.94,293.55,1457.49,65.5,HIGH
0.5175,0.277,2223.58,1150.65,297.23,1447.88,65.1,HIGH
0.4653,0.277,2223.58,1034.7,329.35,1364.05,61.3,MODERATE
0.4616,0.277,2223.58,1026.32,331.67,1357.99,61.1,MODERATE
0.7202,0.277,2223.58,1601.45,172.35,1773.8,79.8,CRITICAL
0.5667,0.277,2223.58,1260.19,266.88,1527.07,68.7,HIGH
0.5103,0.277,2223.58,1134.74,301.64,1436.37,64.6,MODERATE
0.5614,0.277,2223.58,1248.29,270.18,1518.47,68.3,HIGH
0.6493,0.277,2223.58,1443.67,216.05,1659.72,74.6,CRITICAL
0.3959,0.277,2223.58,880.38,372.1,1252.48,56.3,MODERATE
0.5656,0.277,2223.58,1257.63,267.59,1525.23,68.6,HIGH
0.4817,0.277,2223.58,1071.15,319.25,1390.4,62.5,MODERATE
0.3235,0.277,2223.58,719.41,416.69,1136.1,51.1,LOW
0.4973,0.277,2223.58,1105.81,309.65,1415.46,63.7,MODERATE
0.3687,0.277,2223.58,819.78,388.89,1208.67,54.4,LOW
0.4875,0.277,2223.58,1084.0,315.69,1399.69,62.9,MODERATE
0.422,0.277,2223.58,938.38,356.03,1294.41,58.2,MODERATE
0.5949,0.277,2223.58,1322.73,249.56,1572.29,70.7,HIGH
0.5708,0.277,2223.58,1269.2,264.39,1533.59,69.0,HIGH
0.4501,0.277,2223.58,1000.85,338.73,1339.58,60.2,MODERATE
0.3393,0.277,2223.58,754.43,406.99,1161.42,52.2,LOW
0.587,0.277,2223.58,1305.22,254.41,1559.63,70.1,HIGH
0.2357,0.277,2223.58,524.09,470.8,994.89,44.7,LOW
0.4683,0.277,2223.58,1041.33,327.51,1368.84,61.6,MODERATE
0.5257,0.277,2223.58,1168.95,292.16,1461.11,65.7,HIGH
0.3152,0.277,2223.58,700.98,421.8,1122.78,50.5,LOW
0.6799,0.277,2223.58,1511.89,197.16,1709.04,76.9,CRITICAL
0.4059,0.277,2223.58,902.47,365.98,1268.45,57.0,MODERATE
0.6103,0.277,2223.58,1357.04,240.05,1597.09,71.8,HIGH
0.6544,0.277,2223.58,1455.08,212.89,1667.98,75.0,CRITICAL
0.4374,0.277,2223.58,972.54,346.57,1319.11,59.3,MODERATE
0.4269,0.277,2223.58,949.14,353.05,1302.19,58.6,MODERATE
0.5957,0.277,2223.58,1324.53,249.06,1573.59,70.8,HIGH
0.318,0.277,2223.58,707.04,420.12,1127.16,50.7,LOW
0.3924,0.277,2223.58,872.46,374.29,1246.75,56.1,MODERATE
0.3172,0.277,2223.58,705.29,420.6,1125.9,50.6,LOW
0.3097,0.277,2223.58,688.61,425.23,1113.83,50.1,LOW
0.5005,0.277,2223.58,1112.87,307.7,1420.56,63.9,MODERATE
0.4701,0.277,2223.58,1045.32,326.41,1371.72,61.7,MODERATE
0.588,0.277,2223.58,1307.49,253.78,1561.27,70.2,HIGH
0.4597,0.277,2223.58,1022.18,332.82,1355.0,60.9,MODERATE
0.4806,0.277,2223.58,1068.71,319.93,1388.64,62.5,MODERATE
0.3855,0.277,2223.58,857.26,378.5,1235.76,55.6,MODERATE
0.3909,0.277,2223.58,869.13,375.22,1244.34,56.0,MODERATE
0.2922,0.277,2223.58,649.83,435.97,1085.8,48.8,LOW
0.5746,0.277,2223.58,1277.76,262.02,1539.77,69.2,HIGH
0.5214,0.277,2223.58,1159.35,294.82,1454.17,65.4,HIGH
0.3829,0.277,2223.58,851.32,380.15,1231.47,55.4,MODERATE
0.6747,0.277,2223.58,1500.14,200.41,1700.55,76.5,CRITICAL
0.4363,0.277,2223.58,970.12,347.24,1317.36,59.2,MODERATE
0.4167,0.277,2223.58,926.46,359.33,1285.79,57.8,MODERATE
0.6001,0.277,2223.58,1334.28,246.36,1580.64,71.1,HIGH
0.531,0.277,2223.58,1180.74,288.89,1469.63,66.1,HIGH
0.5976,0.277,2223.58,1328.82,247.87,1576.69,70.9,HIGH
0.4364,0.277,2223.58,970.28,347.2,1317.47,59.3,MODERATE
0.4921,0.277,2223.58,1094.3,312.84,1407.14,63.3,MODERATE
0.2726,0.277,2223.58,606.07,448.09,1054.16,47.4,LOW
0.3597,0.277,2223.58,799.82,394.42,1194.24,53.7,LOW
0.4885,0.277,2223.58,1086.29,315.06,1401.35,63.0,MODERATE
0.6155,0.277,2223.58,1368.66,236.83,1605.49,72.2,CRITICAL
0.4496,0.277,2223.58,999.65,339.06,1338.71,60.2,MODERATE
0.5439,0.277,2223.58,1209.48,280.93,1490.41,67.0,HIGH
0.4341,0.277,2223.58,965.28,348.58,1313.86,59.1,MODERATE
0.541,0.277,2223.58,1203.06,282.71,1485.77,66.8,HIGH
0.3329,0.277,2223.58,740.24,410.92,1151.16,51.8,LOW
0.5954,0.277,2223.58,1324.01,249.2,1573.21,70.8,HIGH
0.4846,0.277,2223.58,1077.6,317.46,1395.07,62.7,MODERATE
0.5104,0.277,2223.58,1134.95,301.58,1436.53,64.6,MODERATE
0.5174,0.277,2223.58,1150.55,297.26,1447.8,65.1,HIGH
0.5355,0.277,2223.58,1190.67,286.14,1476.81,66.4,HIGH
0.5468,0.277,2223.58,1215.95,279.14,1495.09,67.2,HIGH
0.4398,0.277,2223.58,977.83,345.1,1322.93,59.5,MODERATE
0.4051,0.277,2223.58,900.81,366.44,1267.25,57.0,MODERATE
0.5969,0.277,2223.58,1327.36,248.28,1575.63,70.9,HIGH
0.4223,0.277,2223.58,939.06,355.84,1294.91,58.2,MODERATE
0.4173,0.277,2223.58,927.79,358.96,1286.76,57.9,MODERATE
0.5987,0.277,2223.58,1331.16,247.22,1578.38,71.0,HIGH
0.4837,0.277,2223.58,1075.55,318.03,1393.58,62.7,MODERATE
0.5732,0.277,2223.58,1274.65,262.88,1537.52,69.1,HIGH
0.5955,0.277,2223.58,1324.12,249.17,1573.29,70.8,HIGH
0.5708,0.277,2223.58,1269.23,264.38,1533.61,69.0,HIGH
0.7316,0.277,2223.58,1626.88,165.3,1792.18,80.6,CRITICAL
0.5151,0.277,2223.58,1145.44,298.67,1444.11,64.9,MODERATE
0.4384,0.277,2223.58,974.84,345.93,1320.77,59.4,MODERATE
0.439,0.277,2223.58,976.22,345.55,1321.77,59.4,MODERATE
0.4094,0.277,2223.58,910.3,363.81,1274.11,57.3,MODERATE
0.5891,0.277,2223.58,1309.97,253.09,1563.06,70.3,HIGH
0.3937,0.277,2223.58,875.45,373.47,1248.92,56.2,MODERATE
0.5225,0.277,2223.58,1161.72,294.16,1455.88,65.5,HIGH
0.2459,0.277,2223.58,546.7,464.54,1011.24,45.5,LOW
0.6011,0.277,2223.58,1336.66,245.7,1582.36,71.2,HIGH
0.3955,0.277,2223.58,879.43,372.36,1251.79,56.3,MODERATE
0.7041,0.277,2223.58,1565.57,182.28,1747.86,78.6,CRITICAL
0.6009,0.277,2223.58,1336.05,245.87,1581.92,71.1,HIGH
0.5373,0.277,2223.58,1194.64,285.04,1479.68,66.5,HIGH
0.556,0.277,2223.58,1236.42,273.47,1509.89,67.9,HIGH
0.4445,0.277,2223.58,988.38,342.18,1330.56,59.8,MODERATE
0.5701,0.277,2223.58,1267.62,264.83,1532.44,68.9,HIGH
0.3546,0.277,2223.58,788.4,397.58,1185.98,53.3,LOW
0.5127,0.277,2223.58,1140.05,300.17,1440.21,64.8,MODERATE
0.3976,0.277,2223.58,884.16,371.05,1255.21,56.5,MODERATE
0.5327,0.277,2223.58,1184.53,287.84,1472.37,66.2,HIGH
0.5481,0.277,2223.58,1218.64,278.39,1497.03,67.3,HIGH
0.4845,0.277,2223.58,1077.23,317.57,1394.8,62.7,MODERATE
0.4149,0.277,2223.58,922.58,360.41,1282.99,57.7,MODERATE
0.5645,0.277,2223.58,1255.3,268.24,1523.54,68.5,HIGH
0.5931,0.277,2223.58,1318.8,250.65,1569.45,70.6,HIGH
0.5414,0.277,2223.58,1203.84,282.49,1486.33,66.8,HIGH
0.255,0.277,2223.58,567.01,458.91,1025.92,46.1,LOW
0.4905,0.277,2223.58,1090.67,313.84,1404.52,63.2,MODERATE
0.3971,0.277,2223.58,883.01,371.37,1254.38,56.4,MODERATE
0.4176,0.277,2223.58,928.65,358.73,1287.38,57.9,MODERATE
0.4789,0.277,2223.58,1064.79,321.01,1385.81,62.3,MODERATE
0.6312,0.277,2223.58,1403.6,227.15,1630.76,73.3,CRITICAL
0.5934,0.277,2223.58,1319.42,250.47,1569.89,70.6,HIGH
0.4406,0.277,2223.58,979.82,344.55,1324.37,59.6,MODERATE
0.6079,0.277,2223.58,1351.63,241.55,1593.18,71.6,HIGH
0.3605,0.277,2223.58,801.7,393.9,1195.6,53.8,LOW
0.3771,0.277,2223.58,838.54,383.69,1222.23,55.0,LOW
0.6171,0.277,2223.58,1372.16,235.86,1608.03,72.3,CRITICAL
0.4825,0.277,2223.58,1072.93,318.76,1391.69,62.6,MODERATE
0.6201,0.277,2223.58,1378.86,234.01,1612.87,72.5,CRITICAL
0.2676,0.277,2223.58,594.99,451.16,1046.15,47.0,LOW
0.5089,0.277,2223.58,1131.56,302.52,1434.08,64.5,MODERATE
0.3494,0.277,2223.58,776.94,400.75,1177.7,53.0,LOW
0.4856,0.277,2223.58,1079.73,316.87,1396.61,62.8,MODERATE
0.3813,0.277,2223.58,847.85,381.11,1228.96,55.3,MODERATE
0.4971,0.277,2223.58,1105.25,309.81,1415.05,63.6,MODERATE
0.4698,0.277,2223.58,1044.53,326.63,1371.15,61.7,MODERATE
0.4924,0.277,2223.58,1094.79,312.7,1407.49,63.3,MODERATE
0.5363,0.277,2223.58,1192.61,285.6,1478.22,66.5,HIGH
0.4839,0.277,2223.58,1076.08,317.88,1393.97,62.7,MODERATE
0.4703,0.277,2223.58,1045.66,326.31,1371.97,61.7,MODERATE
0.5407,0.277,2223.58,1202.23,282.94,1485.17,66.8,HIGH
0.5427,0.277,2223.58,1206.77,281.68,1488.45,66.9,HIGH
0.4589,0.277,2223.58,1020.49,333.29,1353.78,60.9,MODERATE
0.4181,0.277,2223.58,929.69,358.44,1288.13,57.9,MODERATE
0.3207,0.277,2223.58,713.05,418.46,1131.5,50.9,LOW
0.4735,0.277,2223.58,1052.83,324.33,1377.16,61.9,MODERATE
0.4114,0.277,2223.58,914.76,362.58,1277.33,57.4,MODERATE
0.5942,0.277,2223.58,1321.3,249.96,1571.25,70.7,HIGH
0.5626,0.277,2223.58,1251.02,269.42,1520.44,68.4,HIGH
0.4379,0.277,2223.58,973.81,346.22,1320.03,59.4,MODERATE
0.5391,0.277,2223.58,1198.64,283.93,1482.58,66.7,HIGH
0.4085,0.277,2223.58,908.34,364.35,1272.69,57.2,MODERATE
0.4324,0.277,2223.58,961.42,349.65,1311.07,59.0,MODERATE
0.5168,0.277,2223.58,1149.14,297.65,1446.78,65.1,HIGH
0.4297,0.277,2223.58,955.42,351.31,1306.73,58.8,MODERATE
0.3505,0.277,2223.58,779.39,400.07,1179.47,53.0,LOW
0.5775,0.277,2223.58,1284.09,260.26,1544.35,69.5,HIGH
0.6742,0.277,2223.58,1499.24,200.66,1699.9,76.4,CRITICAL
0.4145,0.277,2223.58,921.76,360.64,1282.39,57.7,MODERATE
0.4535,0.277,2223.58,1008.39,336.64,1345.02,60.5,MODERATE
0.3914,0.277,2223.58,870.23,374.91,1245.14,56.0,MODERATE
0.6085,0.277,2223.58,1352.94,241.19,1594.13,71.7,HIGH
0.4481,0.277,2223.58,996.3,339.99,1336.29,60.1,MODERATE
0.4355,0.277,2223.58,968.48,347.69,1316.17,59.2,MODERATE
0.4932,0.277,2223.58,1096.69,312.18,1408.87,63.4,MODERATE
0.3513,0.277,2223.58,781.14,399.59,1180.73,53.1,LOW
0.5044,0.277,2223.58,1121.59,305.28,1426.87,64.2,MODERATE
0.4092,0.277,2223.58,909.93,363.91,1273.85,57.3,MODERATE
0.3891,0.277,2223.58,865.24,376.29,1241.53,55.8,MODERATE
0.6119,0.277,2223.58,1360.64,239.05,1599.7,71.9,HIGH
0.6081,0.277,2223.58,1352.21,241.39,1593.6,71.7,HIGH
0.5342,0.277,2223.58,1187.94,286.9,1474.84,66.3,HIGH
0.4653,0.277,2223.58,1034.55,329.39,1363.94,61.3,MODERATE
0.3848,0.277,2223.58,855.73,378.93,1234.66,55.5,MODERATE
0.2126,0.277,2223.58,472.82,485.0,957.82,43.1,LOW
0.5742,0.277,2223.58,1276.72,262.3,1539.03,69.2,HIGH
0.6458,0.277,2223.58,1435.99,218.18,1654.17,74.4,CRITICAL
0.5533,0.277,2223.58,1230.3,275.16,1505.46,67.7,HIGH
0.422,0.277,2223.58,938.37,356.03,1294.41,58.2,MODERATE
0.587,0.277,2223.58,1305.25,254.4,1559.65,70.1,HIGH
0.5094,0.277,2223.58,1132.65,302.22,1434.86,64.5,MODERATE
0.355,0.277,2223.58,789.37,397.31,1186.68,53.4,LOW
0.4616,0.277,2223.58,1026.31,331.67,1357.99,61.1,MODERATE
0.537,0.277,2223.58,1193.97,285.23,1479.2,66.5,HIGH
0.5135,0.277,2223.58,1141.81,299.68,1441.48,64.8,MODERATE
0.4032,0.277,2223.58,896.64,367.59,1264.24,56.9,MODERATE
0.4171,0.277,2223.58,927.37,359.08,1286.45,57.9,MODERATE
0.4686,0.277,2223.58,1042.01,327.32,1369.33,61.6,MODERATE
0.544,0.277,2223.58,1209.59,280.9,1490.49,67.0,HIGH
0.4472,0.277,2223.58,994.35,340.53,1334.88,60.0,MODERATE
0.4848,0.277,2223.58,1077.93,317.37,1395.3,62.8,MODERATE
0.5731,0.277,2223.58,1274.3,262.97,1537.28,69.1,HIGH
0.3912,0.277,2223.58,869.94,374.99,1244.93,56.0,MODERATE
0.5135,0.277,2223.58,1141.87,299.66,1441.53,64.8,MODERATE
0.5652,0.277,2223.58,1256.7,267.85,1524.55,68.6,HIGH
0.3505,0.277,2223.58,779.41,400.07,1179.48,53.0,LOW
0.6179,0.277,2223.58,1374.05,235.34,1609.39,72.4,CRITICAL
0.5009,0.277,2223.58,1113.71,307.46,1421.17,63.9,MODERATE
0.3879,0.277,2223.58,862.51,377.05,1239.56,55.7,MODERATE
0.4561,0.277,2223.58,1014.28,335.01,1349.29,60.7,MODERATE
0.3204,0.277,2223.58,712.33,418.65,1130.98,50.9,LOW
0.4401,0.277,2223.58,978.6,344.89,1323.49,59.5,MODERATE
0.4301,0.277,2223.58,956.42,351.03,1307.45,58.8,MODERATE
0.5319,0.277,2223.58,1182.61,288.37,1470.99,66.2,HIGH
0.3834,0.277,2223.58,852.62,379.79,1232.41,55.4,MODERATE
0.4786,0.277,2223.58,1064.1,321.2,1385.31,62.3,MODERATE
0.6176,0.277,2223.58,1373.35,235.54,1608.88,72.4,CRITICAL
0.5202,0.277,2223.58,1156.77,295.53,1452.3,65.3,HIGH
0.5988,0.277,2223.58,1331.41,247.15,1578.56,71.0,HIGH
0.4151,0.277,2223.58,923.05,360.28,1283.33,57.7,MODERATE
0.5136,0.277,2223.58,1141.95,299.64,1441.59,64.8,MODERATE
0.4353,0.277,2223.58,967.92,347.85,1315.77,59.2,MODERATE
0.4549,0.277,2223.58,1011.49,335.78,1347.27,60.6,MODERATE
0.4832,0.277,2223.58,1074.52,318.32,1392.84,62.6,MODERATE
0.5395,0.277,2223.58,1199.6,283.67,1483.27,66.7,HIGH
0.4969,0.277,2223.58,1104.84,309.92,1414.76,63.6,MODERATE
0.2943,0.277,2223.58,654.43,434.69,1089.12,49.0,LOW
0.508,0.277,2223.58,1129.65,303.05,1432.69,64.4,MODERATE
0.4871,0.277,2223.58,1083.09,315.94,1399.03,62.9,MODERATE
0.3623,0.277,2223.58,805.6,392.82,1198.41,53.9,LOW
0.4095,0.277,2223.58,910.63,363.72,1274.35,57.3,MODERATE
0.4967,0.277,2223.58,1104.56,310.0,1414.55,63.6,MODERATE
0.3208,0.277,2223.58,713.43,418.35,1131.78,50.9,LOW
0.4728,0.277,2223.58,1051.42,324.72,1376.14,61.9,MODERATE
0.5283,0.277,2223.58,1174.8,290.54,1465.34,65.9,HIGH
0.4308,0.277,2223.58,957.87,350.63,1308.5,58.8,MODERATE
0.4395,0.277,2223.58,977.24,345.27,1322.51,59.5,MODERATE
0.3174,0.277,2223.58,705.76,420.47,1126.23,50.6,LOW
0.6663,0.277,2223.58,1481.49,205.58,1687.07,75.9,CRITICAL
0.4439,0.277,2223.58,987.0,342.56,1329.56,59.8,MODERATE
0.6761,0.277,2223.58,1503.31,199.53,1702.84,76.6,CRITICAL
0.5267,0.277,2223.58,1171.2,291.54,1462.73,65.8,HIGH
0.3068,0.277,2223.58,682.28,426.98,1109.26,49.9,LOW
0.5826,0.277,2223.58,1295.53,257.09,1552.62,69.8,HIGH
0.3783,0.277,2223.58,841.14,382.97,1224.11,55.1,MODERATE
0.257,0.277,2223.58,571.47,457.67,1029.15,46.3,LOW
0.3862,0.277,2223.58,858.74,378.09,1236.84,55.6,MODERATE
0.5449,0.277,2223.58,1211.57,280.35,1491.93,67.1,HIGH
0.5824,0.277,2223.58,1294.97,257.25,1552.22,69.8,HIGH
0.4813,0.277,2223.58,1070.27,319.5,1389.76,62.5,MODERATE
0.5644,0.277,2223.58,1254.97,268.33,1523.3,68.5,HIGH
0.1756,0.277,2223.58,390.55,507.79,898.34,40.4,LOW
0.4366,0.277,2223.58,970.87,347.03,1317.9,59.3,MODERATE
0.4415,0.277,2223.58,981.79,344.01,1325.8,59.6,MODERATE
0.5965,0.277,2223.58,1326.28,248.57,1574.85,70.8,HIGH
0.5191,0.277,2223.58,1154.3,296.22,1450.52,65.2,HIGH
0.3318,0.277,2223.58,737.74,411.62,1149.35,51.7,LOW
0.5541,0.277,2223.58,1232.06,274.67,1506.74,67.8,HIGH
0.4138,0.277,2223.58,920.02,361.12,1281.14,57.6,MODERATE
0.4563,0.277,2223.58,1014.64,334.91,1349.54,60.7,MODERATE
0.3592,0.277,2223.58,798.78,394.7,1193.49,53.7,LOW
0.58,0.277,2223.58,1289.77,258.69,1548.46,69.6,HIGH
0.4408,0.277,2223.58,980.16,344.46,1324.62,59.6,MODERATE
0.3028,0.277,2223.58,673.28,429.47,1102.75,49.6,LOW
0.416,0.277,2223.58,924.91,359.76,1284.68,57.8,MODERATE
0.4411,0.277,2223.58,980.82,344.28,1325.09,59.6,MODERATE
0.5674,0.277,2223.58,1261.55,266.5,1528.06,68.7,HIGH
0.639,0.277,2223.58,1420.87,222.37,1643.24,73.9,CRITICAL
0.5513,0.277,2223.58,1225.77,276.42,1502.19,67.6,HIGH
0.7193,0.277,2223.58,1599.38,172.92,1772.3,79.7,CRITICAL
0.4295,0.277,2223.58,955.0,351.43,1306.43,58.8,MODERATE
0.5516,0.277,2223.58,1226.59,276.19,1502.78,67.6,HIGH
0.3116,0.277,2223.58,692.83,424.05,1116.89,50.2,LOW
0.4538,0.277,2223.58,1009.17,336.42,1345.59,60.5,MODERATE
0.633,0.277,2223.58,1407.48,226.08,1633.56,73.5,CRITICAL
0.5346,0.277,2223.58,1188.65,286.7,1475.35,66.4,HIGH
0.5893,0.277,2223.58,1310.46,252.96,1563.41,70.3,HIGH
0.5016,0.277,2223.58,1115.25,307.03,1422.29,64.0,MODERATE
0.4314,0.277,2223.58,959.19,350.27,1309.46,58.9,MODERATE
0.5594,0.277,2223.58,1243.87,271.4,1515.27,68.1,HIGH
0.43,0.277,2223.58,956.1,351.12,1307.22,58.8,MODERATE
0.4503,0.277,2223.58,1001.31,338.6,1339.91,60.3,MODERATE
0.5688,0.277,2223.58,1264.68,265.64,1530.32,68.8,HIGH
0.5588,0.277,2223.58,1242.65,271.74,1514.39,68.1,HIGH
0.495,0.277,2223.58,1100.72,311.06,1411.78,63.5,MODERATE
0.5194,0.277,2223.58,1154.87,296.06,1450.93,65.3,HIGH
0.3509,0.277,2223.58,780.27,399.83,1180.1,53.1,LOW
0.5474,0.277,2223.58,1217.16,278.8,1495.96,67.3,HIGH
0.5654,0.277,2223.58,1257.31,267.68,1524.99,68.6,HIGH
0.4616,0.277,2223.58,1026.49,331.62,1358.11,61.1,MODERATE
0.4012,0.277,2223.58,892.2,368.82,1261.03,56.7,MODERATE
0.6018,0.277,2223.58,1338.14,245.29,1583.43,71.2,HIGH
0.6127,0.277,2223.58,1362.4,238.57,1600.97,72.0,HIGH
0.5185,0.277,2223.58,1152.96,296.59,1449.55,65.2,HIGH
0.4613,0.277,2223.58,1025.79,331.82,1357.61,61.1,MODERATE
0.4845,0.277,2223.58,1077.32,317.54,1394.87,62.7,MODERATE
0.5401,0.277,2223.58,1200.94,283.3,1484.24,66.7,HIGH
0.5163,0.277,2223.58,1148.07,297.94,1446.01,65.0,HIGH
0.4486,0.277,2223.58,997.48,339.66,1337.14,60.1,MODERATE
0.5117,0.277,2223.58,1137.73,300.81,1438.54,64.7,MODERATE
0.259,0.277,2223.58,575.86,456.46,1032.32,46.4,LOW
0.5824,0.277,2223.58,1295.06,257.22,1552.28,69.8,HIGH
0.355,0.277,2223.58,789.41,397.3,1186.71,53.4,LOW
0.5542,0.277,2223.58,1232.23,274.63,1506.86,67.8,HIGH
0.6153,0.277,2223.58,1368.26,236.95,1605.2,72.2,CRITICAL
0.6522,0.277,2223.58,1450.19,214.25,1664.44,74.9,CRITICAL
0.5913,0.277,2223.58,1314.81,251.75,1566.56,70.5,HIGH
0.435,0.277,2223.58,967.27,348.03,1315.3,59.2,MODERATE
0.142,0.277,2223.58,315.74,528.52,844.26,38.0,LOW
0.5676,0.277,2223.58,1262.07,266.36,1528.43,68.7,HIGH
0.5045,0.277,2223.58,1121.7,305.25,1426.95,64.2,MODERATE
0.3278,0.277,2223.58,728.99,414.04,1143.03,51.4,LOW
0.518,0.277,2223.58,1151.86,296.89,1448.75,65.2,HIGH
0.5036,0.277,2223.58,1119.79,305.78,1425.56,64.1,MODERATE
0.5043,0.277,2223.58,1121.42,305.33,1426.74,64.2,MODERATE
0.5269,0.277,2223.58,1171.66,291.41,1463.07,65.8,HIGH
0.6866,0.277,2223.58,1526.7,193.05,1719.75,77.3,CRITICAL
0.5388,0.277,2223.58,1198.06,284.09,1482.15,66.7,HIGH
0.4643,0.277,2223.58,1032.33,330.0,1362.34,61.3,MODERATE
0.5121,0.277,2223.58,1138.7,300.54,1439.24,64.7,MODERATE
0.1924,0.277,2223.58,427.72,497.5,925.22,41.6,LOW
0.4804,0.277,2223.58,1068.24,320.06,1388.3,62.4,MODERATE
0.2974,0.277,2223.58,661.38,432.77,1094.15,49.2,LOW
0.5603,0.277,2223.58,1245.84,270.86,1516.7,68.2,HIGH
0.4223,0.277,2223.58,939.08,355.84,1294.92,58.2,MODERATE
0.6524,0.277,2223.58,1450.68,214.11,1664.79,74.9,CRITICAL
0.4152,0.277,2223.58,923.22,360.23,1283.45,57.7,MODERATE
0.5544,0.277,2223.58,1232.74,274.49,1507.23,67.8,HIGH
0.6886,0.277,2223.58,1531.18,191.81,1722.99,77.5,CRITICAL
0.4239,0.277,2223.58,942.49,354.89,1297.39,58.3,MODERATE
0.5573,0.277,2223.58,1239.26,272.68,1511.94,68.0,HIGH
0.5623,0.277,2223.58,1250.34,269.61,1519.95,68.4,HIGH
0.4447,0.277,2223.58,988.85,342.05,1330.9,59.9,MODERATE
0.3198,0.277,2223.58,711.02,419.02,1130.04,50.8,LOW
0.5405,0.277,2223.58,1201.83,283.05,1484.88,66.8,HIGH
0.5866,0.277,2223.58,1304.37,254.64,1559.01,70.1,HIGH
0.5069,0.277,2223.58,1127.2,303.72,1430.92,64.4,MODERATE
0.6103,0.277,2223.58,1357.0,240.06,1597.07,71.8,HIGH
0.484,0.277,2223.58,1076.25,317.84,1394.09,62.7,MODERATE
0.452,0.277,2223.58,1005.17,337.53,1342.7,60.4,MODERATE
0.4588,0.277,2223.58,1020.08,333.4,1353.48,60.9,MODERATE
0.4204,0.277,2223.58,934.87,357.01,1291.87,58.1,MODERATE
0.5463,0.277,2223.58,1214.74,279.47,1494.21,67.2,HIGH
0.5376,0.277,2223.58,1195.33,284.85,1480.18,66.6,HIGH
0.4885,0.277,2223.58,1086.22,315.08,1401.29,63.0,MODERATE
0.4309,0.277,2223.58,958.22,350.54,1308.75,58.9,MODERATE
0.4902,0.277,2223.58,1089.99,314.03,1404.02,63.1,MODERATE
0.5985,0.277,2223.58,1330.73,247.34,1578.07,71.0,HIGH
0.4454,0.277,2223.58,990.34,341.64,1331.98,59.9,MODERATE
0.4946,0.277,2223.58,1099.86,311.3,1411.16,63.5,MODERATE
0.5072,0.277,2223.58,1127.72,303.58,1431.3,64.4,MODERATE
0.4797,0.277,2223.58,1066.72,320.48,1387.2,62.4,MODERATE
0.3257,0.277,2223.58,724.27,415.35,1139.62,51.3,LOW
0.5,0.277,2223.58,1111.87,307.97,1419.84,63.9,MODERATE
0.6251,0.277,2223.58,1390.04,230.91,1620.95,72.9,CRITICAL
0.4711,0.277,2223.58,1047.53,325.8,1373.32,61.8,MODERATE
0.3403,0.277,2223.58,756.69,406.37,1163.05,52.3,LOW
0.5812,0.277,2223.58,1292.41,257.96,1550.36,69.7,HIGH
0.3784,0.277,2223.58,841.35,382.91,1224.26,55.1,MODERATE
0.4612,0.277,2223.58,1025.5,331.9,1357.4,61.0,MODERATE
0.5497,0.277,2223.58,1222.26,277.39,1499.65,67.4,HIGH
0.6074,0.277,2223.58,1350.5,241.86,1592.37,71.6,HIGH
0.3959,0.277,2223.58,880.3,372.12,1252.42,56.3,MODERATE
0.6577,0.277,2223.58,1462.42,210.86,1673.28,75.3,CRITICAL
0.4703,0.277,2223.58,1045.83,326.27,1372.09,61.7,MODERATE
0.5268,0.277,2223.58,1171.32,291.5,1462.82,65.8,HIGH
0.5833,0.277,2223.58,1297.07,256.67,1553.74,69.9,HIGH
0.5581,0.277,2223.58,1240.99,272.2,1513.19,68.1,HIGH
0.5327,0.277,2223.58,1184.54,287.84,1472.38,66.2,HIGH
0.4002,0.277,2223.58,889.89,369.47,1259.35,56.6,MODERATE
0.4695,0.277,2223.58,1044.04,326.76,1370.8,61.6,MODERATE
0.5391,0.277,2223.58,1198.81,283.89,1482.7,66.7,HIGH
0.6595,0.277,2223.58,1466.52,209.72,1676.25,75.4,CRITICAL
0.3437,0.277,2223.58,764.23,404.28,1168.5,52.6,LOW
0.4598,0.277,2223.58,1022.37,332.76,1355.14,60.9,MODERATE
0.4702,0.277,2223.58,1045.57,326.34,1371.91,61.7,MODERATE
0.4467,0.277,2223.58,993.3,340.82,1334.11,60.0,MODERATE
0.391,0.277,2223.58,869.41,375.14,1244.55,56.0,MODERATE
0.5485,0.277,2223.58,1219.68,278.1,1497.79,67.4,HIGH
0.6882,0.277,2223.58,1530.37,192.04,1722.41,77.5,CRITICAL
0.6907,0.277,2223.58,1535.89,190.51,1726.4,77.6,CRITICAL
0.4355,0.277,2223.58,968.45,347.7,1316.15,59.2,MODERATE
0.4121,0.277,2223.58,916.25,362.16,1278.41,57.5,MODERATE
0.2338,0.277,2223.58,519.96,471.94,991.91,44.6,LOW
0.5195,0.277,2223.58,1155.11,295.99,1451.1,65.3,HIGH
0.5068,0.277,2223.58,1126.99,303.78,1430.77,64.3,MODERATE
0.5832,0.277,2223.58,1296.77,256.75,1553.52,69.9,HIGH
0.5034,0.277,2223.58,1119.39,305.89,1425.28,64.1,MODERATE
0.4219,0.277,2223.58,938.13,356.1,1294.23,58.2,MODERATE
0.2028,0.277,2223.58,450.89,491.08,941.97,42.4,LOW
0.5245,0.277,2223.58,1166.34,292.88,1459.22,65.6,HIGH
0.5014,0.277,2223.58,1114.82,307.15,1421.98,63.9,MODERATE
0.4982,0.277,2223.58,1107.78,309.1,1416.88,63.7,MODERATE
0.6392,0.277,2223.58,1421.29,222.26,1643.54,73.9,CRITICAL
0.3933,0.277,2223.58,874.64,373.69,1248.33,56.1,MODERATE
0.6834,0.277,2223.58,1519.51,195.05,1714.55,77.1,CRITICAL
0.4838,0.277,2223.58,1075.74,317.98,1393.72,62.7,MODERATE
0.4258,0.277,2223.58,946.84,353.69,1300.53,58.5,MODERATE
0.5003,0.277,2223.58,1112.37,307.83,1420.2,63.9,MODERATE
0.4553,0.277,2223.58,1012.44,335.52,1347.95,60.6,MODERATE
0.4989,0.277,2223.58,1109.37,308.66,1418.03,63.8,MODERATE
0.4517,0.277,2223.58,1004.47,337.72,1342.19,60.4,MODERATE
0.4196,0.277,2223.58,933.06,357.51,1290.56,58.0,MODERATE
0.4933,0.277,2223.58,1096.88,312.12,1409.01,63.4,MODERATE
0.5403,0.277,2223.58,1201.51,283.14,1484.65,66.8,HIGH
0.3855,0.277,2223.58,857.22,378.52,1235.73,55.6,MODERATE
0.2739,0.277,2223.58,609.11,447.25,1056.36,47.5,LOW
0.6219,0.277,2223.58,1382.92,232.88,1615.8,72.7,CRITICAL
0.471,0.277,2223.58,1047.35,325.84,1373.2,61.8,MODERATE
0.6437,0.277,2223.58,1431.25,219.5,1650.74,74.2,CRITICAL
0.4974,0.277,2223.58,1105.99,309.6,1415.59,63.7,MODERATE
0.4832,0.277,2223.58,1074.43,318.34,1392.78,62.6,MODERATE
0.4675,0.277,2223.58,1039.43,328.04,1367.47,61.5,MODERATE
0.601,0.277,2223.58,1336.45,245.76,1582.21,71.2,HIGH
0.4909,0.277,2223.58,1091.66,313.57,1405.23,63.2,MODERATE
0.4684,0.277,2223.58,1041.44,327.48,1368.92,61.6,MODERATE
0.4779,0.277,2223.58,1062.71,321.59,1384.3,62.3,MODERATE
0.6752,0.277,2223.58,1501.47,200.04,1701.51,76.5,CRITICAL
0.5409,0.277,2223.58,1202.65,282.82,1485.48,66.8,HIGH
0.4697,0.277,2223.58,1044.36,326.67,1371.03,61.7,MODERATE
0.3402,0.277,2223.58,756.45,406.43,1162.88,52.3,LOW
0.7287,0.277,2223.58,1620.27,167.13,1787.4,80.4,CRITICAL
0.4763,0.277,2223.58,1059.07,322.6,1381.67,62.1,MODERATE
0.4799,0.277,2223.58,1067.14,320.36,1387.5,62.4,MODERATE
0.5051,0.277,2223.58,1123.06,304.87,1427.93,64.2,MODERATE
0.4578,0.277,2223.58,1017.89,334.01,1351.9,60.8,MODERATE
0.5261,0.277,2223.58,1169.82,291.92,1461.74,65.7,HIGH
0.4821,0.277,2223.58,1071.89,319.05,1390.94,62.6,MODERATE
0.5912,0.277,2223.58,1314.55,251.82,1566.37,70.4,HIGH
0.4509,0.277,2223.58,1002.71,338.21,1340.92,60.3,MODERATE
0.5042,0.277,2223.58,1121.16,305.4,1426.56,64.2,MODERATE
0.6625,0.277,2223.58,1473.14,207.89,1681.03,75.6,CRITICAL
0.382,0.277,2223.58,849.4,380.68,1230.08,55.3,MODERATE
0.4849,0.277,2223.58,1078.28,317.28,1395.56,62.8,MODERATE
0.5277,0.277,2223.58,1173.45,290.91,1464.36,65.9,HIGH
0.4343,0.277,2223.58,965.75,348.45,1314.2,59.1,MODERATE
0.405,0.277,2223.58,900.55,366.51,1267.06,57.0,MODERATE
0.421,0.277,2223.58,936.08,356.67,1292.75,58.1,MODERATE
0.5303,0.277,2223.58,1179.18,289.32,1468.51,66.0,HIGH
0.507,0.277,2223.58,1127.42,303.66,1431.08,64.4,MODERATE
0.7028,0.277,2223.58,1562.72,183.08,1745.79,78.5,CRITICAL
0.4991,0.277,2223.58,1109.8,308.54,1418.34,63.8,MODERATE
0.5096,0.277,2223.58,1133.21,302.06,1435.27,64.5,MODERATE
0.5178,0.277,2223.58,1151.35,297.03,1448.38,65.1,HIGH
0.4976,0.277,2223.58,1106.43,309.48,1415.91,63.7,MODERATE
0.3263,0.277,2223.58,725.54,414.99,1140.54,51.3,LOW
0.3703,0.277,2223.58,823.29,387.91,1211.2,54.5,LOW
0.5039,0.277,2223.58,1120.53,305.57,1426.1,64.1,MODERATE
0.4449,0.277,2223.58,989.28,341.93,1331.21,59.9,MODERATE
0.5878,0.277,2223.58,1307.09,253.89,1560.98,70.2,HIGH
0.4688,0.277,2223.58,1042.5,327.19,1369.69,61.6,MODERATE
0.2957,0.277,2223.58,657.57,433.82,1091.39,49.1,LOW
0.5599,0.277,2223.58,1244.95,271.1,1516.05,68.2,HIGH
0.1948,0.277,2223.58,433.17,495.99,929.16,41.8,LOW
0.6387,0.277,2223.58,1420.13,222.58,1642.7,73.9,CRITICAL
0.4709,0.277,2223.58,1047.03,325.93,1372.96,61.7,MODERATE
0.4902,0.277,2223.58,1089.96,314.04,1404.0,63.1,MODERATE
0.4036,0.277,2223.58,897.36,367.39,1264.76,56.9,MODERATE
0.4355,0.277,2223.58,968.29,347.75,1316.04,59.2,MODERATE
0.4915,0.277,2223.58,1092.9,313.23,1406.13,63.2,MODERATE
0.7023,0.277,2223.58,1561.56,183.4,1744.96,78.5,CRITICAL
0.4958,0.277,2223.58,1102.39,310.6,1412.99,63.5,MODERATE
0.2374,0.277,2223.58,527.92,469.74,997.66,44.9,LOW
0.4131,0.277,2223.58,918.47,361.55,1280.01,57.6,MODERATE
0.5891,0.277,2223.58,1309.88,253.12,1563.0,70.3,HIGH
0.5016,0.277,2223.58,1115.46,306.98,1422.43,64.0,MODERATE
0.4806,0.277,2223.58,1068.76,319.91,1388.67,62.5,MODERATE
0.4033,0.277,2223.58,896.66,367.59,1264.25,56.9,MODERATE
0.5499,0.277,2223.58,1222.83,277.23,1500.06,67.5,HIGH
0.5042,0.277,2223.58,1121.08,305.42,1426.5,64.2,MODERATE
0.3997,0.277,2223.58,888.87,369.75,1258.62,56.6,MODERATE
0.4963,0.277,2223.58,1103.47,310.3,1413.77,63.6,MODERATE
0.6328,0.277,2223.58,1407.04,226.2,1633.24,73.5,CRITICAL
0.4627,0.277,2223.58,1028.78,330.99,1359.77,61.2,MODERATE
0.338,0.277,2223.58,751.64,407.76,1159.4,52.1,LOW
0.4274,0.277,2223.58,950.28,352.74,1303.02,58.6,MODERATE
0.5637,0.277,2223.58,1253.52,268.73,1522.25,68.5,HIGH
0.3674,0.277,2223.58,816.85,389.7,1206.55,54.3,LOW
0.4452,0.277,2223.58,989.92,341.75,1331.68,59.9,MODERATE
0.5265,0.277,2223.58,1170.62,291.7,1462.32,65.8,HIGH
0.3474,0.277,2223.58,772.43,402.0,1174.44,52.8,LOW
0.5656,0.277,2223.58,1257.72,267.57,1525.29,68.6,HIGH
0.2569,0.277,2223.58,571.15,457.76,1028.92,46.3,LOW
0.5163,0.277,2223.58,1148.14,297.92,1446.06,65.0,HIGH
0.5673,0.277,2223.58,1261.48,266.52,1528.01,68.7,HIGH
0.5576,0.277,2223.58,1239.91,272.5,1512.41,68.0,HIGH
0.4337,0.277,2223.58,964.37,348.83,1313.2,59.1,MODERATE
0.3434,0.277,2223.58,763.5,404.48,1167.98,52.5,LOW
0.543,0.277,2223.58,1207.41,281.5,1488.92,67.0,HIGH
0.6238,0.277,2223.58,1387.02,231.75,1618.77,72.8,CRITICAL
0.406,0.277,2223.58,902.75,365.9,1268.65,57.1,MODERATE
0.5007,0.277,2223.58,1113.45,307.53,1420.98,63.9,MODERATE
0.4835,0.277,2223.58,1075.2,318.13,1393.33,62.7,MODERATE
0.5411,0.277,2223.58,1203.16,282.68,1485.84,66.8,HIGH
0.2636,0.277,2223.58,586.16,453.61,1039.76,46.8,LOW
0.4831,0.277,2223.58,1074.15,318.42,1392.57,62.6,MODERATE
0.5271,0.277,2223.58,1172.06,291.3,1463.36,65.8,HIGH
0.4647,0.277,2223.58,1033.25,329.75,1363.0,61.3,MODERATE
0.6695,0.277,2223.58,1488.69,203.58,1692.27,76.1,CRITICAL
0.5278,0.277,2223.58,1173.55,290.89,1464.43,65.9,HIGH
0.5446,0.277,2223.58,1211.0,280.51,1491.51,67.1,HIGH
0.4942,0.277,2223.58,1098.95,311.55,1410.5,63.4,MODERATE
0.3075,0.277,2223.58,683.65,426.6,1110.25,49.9,LOW
0.4407,0.277,2223.58,979.96,344.51,1324.47,59.6,MODERATE
0.4941,0.277,2223.58,1098.56,311.66,1410.22,63.4,MODERATE
0.7499,0.277,2223.58,1667.51,154.04,1821.56,81.9,CRITICAL
0.516,0.277,2223.58,1147.38,298.13,1445.51,65.0,HIGH
0.4015,0.277,2223.58,892.75,368.67,1261.42,56.7,MODERATE
0.5038,0.277,2223.58,1120.29,305.64,1425.93,64.1,MODERATE
0.4458,0.277,2223.58,991.36,341.35,1332.72,59.9,MODERATE
0.4028,0.277,2223.58,895.72,367.85,1263.57,56.8,MODERATE
0.5642,0.277,2223.58,1254.53,268.45,1522.98,68.5,HIGH
0.3992,0.277,2223.58,887.74,370.06,1257.8,56.6,MODERATE
0.7021,0.277,2223.58,1561.27,183.48,1744.74,78.5,CRITICAL
0.458,0.277,2223.58,1018.44,333.85,1352.29,60.8,MODERATE
0.6269,0.277,2223.58,1393.94,229.83,1623.77,73.0,CRITICAL
0.1953,0.277,2223.58,434.28,495.68,929.96,41.8,LOW
0.5871,0.277,2223.58,1305.36,254.37,1559.73,70.1,HIGH
0.5113,0.277,2223.58,1136.98,301.02,1437.99,64.7,MODERATE
0.5583,0.277,2223.58,1241.44,272.08,1513.52,68.1,HIGH
0.456,0.277,2223.58,1013.93,335.1,1349.03,60.7,MODERATE
0.5911,0.277,2223.58,1314.39,251.87,1566.26,70.4,HIGH
0.5716,0.277,2223.58,1271.06,263.87,1534.93,69.0,HIGH
0.4399,0.277,2223.58,978.04,345.04,1323.09,59.5,MODERATE
0.4487,0.277,2223.58,997.72,339.59,1337.31,60.1,MODERATE
0.5492,0.277,2223.58,1221.11,277.71,1498.82,67.4,HIGH
0.4245,0.277,2223.58,944.02,354.47,1298.49,58.4,MODERATE
0.5544,0.277,2223.58,1232.75,274.48,1507.24,67.8,HIGH
0.4014,0.277,2223.58,892.45,368.75,1261.21,56.7,MODERATE
0.4352,0.277,2223.58,967.81,347.88,1315.69,59.2,MODERATE
0.407,0.277,2223.58,905.04,365.27,1270.31,57.1,MODERATE
0.5764,0.277,2223.58,1281.67,260.93,1542.6,69.4,HIGH
0.5449,0.277,2223.58,1211.57,280.35,1491.92,67.1,HIGH
0.3162,0.277,2223.58,703.18,421.19,1124.37,50.6,LOW
0.4269,0.277,2223.58,949.21,353.03,1302.24,58.6,MODERATE
0.643,0.277,2223.58,1429.72,219.92,1649.64,74.2,CRITICAL
0.2834,0.277,2223.58,630.23,441.4,1071.63,48.2,LOW
0.6086,0.277,2223.58,1353.33,241.08,1594.41,71.7,HIGH
0.4656,0.277,2223.58,1035.37,329.16,1364.53,61.4,MODERATE
0.5942,0.277,2223.58,1321.19,249.98,1571.17,70.7,HIGH
0.4016,0.277,2223.58,893.05,368.59,1261.64,56.7,MODERATE
0.4604,0.277,2223.58,1023.67,332.4,1356.08,61.0,MODERATE
0.5345,0.277,2223.58,1188.54,286.73,1475.27,66.3,HIGH
0.3899,0.277,2223.58,867.0,375.81,1242.8,55.9,MODERATE
0.4083,0.277,2223.58,907.93,364.47,1272.4,57.2,MODERATE
0.5468,0.277,2223.58,1215.88,279.16,1495.04,67.2,HIGH
0.504,0.277,2223.58,1120.74,305.51,1426.25,64.1,MODERATE
0.4493,0.277,2223.58,999.11,339.21,1338.32,60.2,MODERATE
0.5089,0.277,2223.58,1131.63,302.5,1434.13,64.5,MODERATE
0.3598,0.277,2223.58,800.08,394.34,1194.43,53.7,LOW
0.3963,0.277,2223.58,881.28,371.85,1253.13,56.4,MODERATE
0.3721,0.277,2223.58,827.44,386.76,1214.21,54.6,LOW
0.5475,0.277,2223.58,1217.36,278.75,1496.11,67.3,HIGH
0.4779,0.277,2223.58,1062.63,321.61,1384.24,62.3,MODERATE
0.5371,0.277,2223.58,1194.26,285.15,1479.41,66.5,HIGH
0.5139,0.277,2223.58,1142.78,299.41,1442.19,64.9,MODERATE
0.4637,0.277,2223.58,1031.11,330.34,1361.45,61.2,MODERATE
0.4806,0.277,2223.58,1068.64,319.95,1388.58,62.4,MODERATE
0.4657,0.277,2223.58,1035.61,329.1,1364.71,61.4,MODERATE
0.4821,0.277,2223.58,1071.94,319.03,1390.97,62.6,MODERATE
0.4605,0.277,2223.58,1023.94,332.33,1356.27,61.0,MODERATE
0.6968,0.277,2223.58,1549.34,186.78,1736.12,78.1,CRITICAL
0.6197,0.277,2223.58,1377.99,234.25,1612.24,72.5,CRITICAL
0.4319,0.277,2223.58,960.47,349.91,1310.38,58.9,MODERATE
0.4468,0.277,2223.58,993.54,340.75,1334.29,60.0,MODERATE
0.4276,0.277,2223.58,950.78,352.6,1303.37,58.6,MODERATE
0.3971,0.277,2223.58,882.89,371.4,1254.3,56.4,MODERATE
0.5981,0.277,2223.58,1329.91,247.57,1577.48,70.9,HIGH
0.657,0.277,2223.58,1460.81,211.31,1672.11,75.2,CRITICAL
0.3054,0.277,2223.58,678.98,427.89,1106.87,49.8,LOW
0.2745,0.277,2223.58,610.44,446.88,1057.32,47.6,LOW
0.4778,0.277,2223.58,1062.38,321.68,1384.06,62.2,MODERATE
0.4159,0.277,2223.58,924.82,359.79,1284.61,57.8,MODERATE
0.4785,0.277,2223.58,1063.88,321.27,1385.14,62.3,MODERATE
0.6325,0.277,2223.58,1406.38,226.38,1632.77,73.4,CRITICAL
0.5952,0.277,2223.58,1323.38,249.38,1572.76,70.7,HIGH
0.5004,0.277,2223.58,1112.61,307.77,1420.37,63.9,MODERATE
0.6408,0.277,2223.58,1424.97,221.23,1646.2,74.0,CRITICAL
0.5119,0.277,2223.58,1138.18,300.68,1438.86,64.7,MODERATE
0.386,0.277,2223.58,858.27,378.22,1236.49,55.6,MODERATE
0.4792,0.277,2223.58,1065.46,320.83,1386.29,62.3,MODERATE
0.2314,0.277,2223.58,514.5,473.46,987.96,44.4,LOW
0.4301,0.277,2223.58,956.34,351.06,1307.39,58.8,MODERATE
0.586,0.277,2223.58,1302.98,255.03,1558.01,70.1,HIGH
0.7385,0.277,2223.58,1642.06,161.1,1803.15,81.1,CRITICAL
0.4727,0.277,2223.58,1051.14,324.79,1375.94,61.9,MODERATE
0.4527,0.277,2223.58,1006.51,337.16,1343.67,60.4,MODERATE
0.2744,0.277,2223.58,610.06,446.98,1057.05,47.5,LOW
0.3856,0.277,2223.58,857.47,378.45,1235.91,55.6,MODERATE
0.5755,0.277,2223.58,1279.65,261.49,1541.14,69.3,HIGH
0.438,0.277,2223.58,973.9,346.19,1320.09,59.4,MODERATE
0.6543,0.277,2223.58,1454.9,212.94,1667.84,75.0,CRITICAL
0.5518,0.277,2223.58,1227.07,276.06,1503.13,67.6,HIGH
0.5052,0.277,2223.58,1123.3,304.81,1428.1,64.2,MODERATE
0.5173,0.277,2223.58,1150.34,297.31,1447.65,65.1,HIGH
0.498,0.277,2223.58,1107.34,309.23,1416.57,63.7,MODERATE
0.5657,0.277,2223.58,1257.93,267.51,1525.44,68.6,HIGH
0.4464,0.277,2223.58,992.67,340.99,1333.66,60.0,MODERATE
0.6239,0.277,2223.58,1387.29,231.67,1618.96,72.8,CRITICAL
0.4595,0.277,2223.58,1021.67,332.96,1354.63,60.9,MODERATE
0.7475,0.277,2223.58,1662.12,155.54,1817.66,81.7,CRITICAL
0.3802,0.277,2223.58,845.35,381.8,1227.15,55.2,MODERATE
0.4747,0.277,2223.58,1055.51,323.58,1379.1,62.0,MODERATE
0.4911,0.277,2223.58,1092.04,313.46,1405.5,63.2,MODERATE
0.4802,0.277,2223.58,1067.8,320.18,1387.98,62.4,MODERATE
0.278,0.277,2223.58,618.07,444.76,1062.84,47.8,LOW
0.2709,0.277,2223.58,602.48,449.09,1051.56,47.3,LOW
0.4029,0.277,2223.58,895.8,367.83,1263.63,56.8,MODERATE
0.4344,0.277,2223.58,966.02,348.38,1314.39,59.1,MODERATE
0.5139,0.277,2223.58,1142.71,299.43,1442.14,64.9,MODERATE
0.4322,0.277,2223.58,961.02,349.76,1310.78,58.9,MODERATE
0.5547,0.277,2223.58,1233.38,274.31,1507.69,67.8,HIGH
0.4053,0.277,2223.58,901.16,366.34,1267.5,57.0,MODERATE
0.5193,0.277,2223.58,1154.65,296.12,1450.77,65.2,HIGH
0.5208,0.277,2223.58,1157.98,295.2,1453.18,65.4,HIGH
0.4453,0.277,2223.58,990.07,341.71,1331.78,59.9,MODERATE
0.624,0.277,2223.58,1387.54,231.6,1619.14,72.8,CRITICAL
0.6251,0.277,2223.58,1389.9,230.95,1620.85,72.9,CRITICAL
0.5378,0.277,2223.58,1195.82,284.71,1480.54,66.6,HIGH
0.6226,0.277,2223.58,1384.29,232.5,1616.8,72.7,CRITICAL
0.3808,0.277,2223.58,846.85,381.39,1228.24,55.2,MODERATE
0.5691,0.277,2223.58,1265.51,265.41,1530.92,68.8,HIGH
0.4898,0.277,2223.58,1089.08,314.28,1403.37,63.1,MODERATE
0.4074,0.277,2223.58,905.98,365.01,1270.98,57.2,MODERATE
0.4443,0.277,2223.58,987.94,342.3,1330.24,59.8,MODERATE
0.4405,0.277,2223.58,979.39,344.67,1324.06,59.5,MODERATE
0.3682,0.277,2223.58,818.76,389.17,1207.93,54.3,LOW
0.5577,0.277,2223.58,1240.2,272.42,1512.62,68.0,HIGH
0.4372,0.277,2223.58,972.13,346.68,1318.81,59.3,MODERATE
0.4191,0.277,2223.58,931.99,357.8,1289.79,58.0,MODERATE
0.6449,0.277,2223.58,1433.98,218.74,1652.72,74.3,CRITICAL
0.6169,0.277,2223.58,1371.63,236.01,1607.64,72.3,CRITICAL
0.4546,0.277,2223.58,1010.77,335.98,1346.74,60.6,MODERATE
0.303,0.277,2223.58,673.82,429.32,1103.14,49.6,LOW
0.609,0.277,2223.58,1354.13,240.86,1594.99,71.7,HIGH
0.4662,0.277,2223.58,1036.61,328.82,1365.43,61.4,MODERATE
0.4773,0.277,2223.58,1061.41,321.95,1383.36,62.2,MODERATE
0.6299,0.277,2223.58,1400.63,227.98,1628.61,73.2,CRITICAL
0.4698,0.277,2223.58,1044.66,326.59,1371.25,61.7,MODERATE
0.5294,0.277,2223.58,1177.2,289.87,1467.07,66.0,HIGH
0.544,0.277,2223.58,1209.53,280.92,1490.45,67.0,HIGH
0.5829,0.277,2223.58,1296.06,256.95,1553.0,69.8,HIGH
0.583,0.277,2223.58,1296.39,256.86,1553.24,69.9,HIGH
0.2222,0.277,2223.58,494.11,479.11,973.22,43.8,LOW
0.4437,0.277,2223.58,986.6,342.67,1329.27,59.8,MODERATE
0.4075,0.277,2223.58,906.18,364.95,1271.13,57.2,MODERATE
0.4491,0.277,2223.58,998.5,339.38,1337.88,60.2,MODERATE
0.4009,0.277,2223.58,891.48,369.03,1260.5,56.7,MODERATE
0.3871,0.277,2223.58,860.73,377.54,1238.27,55.7,MODERATE
0.4295,0.277,2223.58,955.12,351.4,1306.51,58.8,MODERATE
0.2658,0.277,2223.58,591.05,452.25,1043.3,46.9,LOW
0.523,0.277,2223.58,1162.85,293.85,1456.7,65.5,HIGH
0.4597,0.277,2223.58,1022.13,332.83,1354.96,60.9,MODERATE
0.5019,0.277,2223.58,1116.09,306.8,1422.89,64.0,MODERATE
0.5534,0.277,2223.58,1230.51,275.1,1505.62,67.7,HIGH
0.5831,0.277,2223.58,1296.65,256.78,1553.43,69.9,HIGH
0.63,0.277,2223.58,1400.9,227.9,1628.8,73.3,CRITICAL
0.4359,0.277,2223.58,969.23,347.49,1316.71,59.2,MODERATE
0.4019,0.277,2223.58,893.61,368.43,1262.05,56.8,MODERATE
0.6498,0.277,2223.58,1444.85,215.73,1660.58,74.7,CRITICAL
0.4332,0.277,2223.58,963.23,349.15,1312.38,59.0,MODERATE
0.4466,0.277,2223.58,993.13,340.87,1333.99,60.0,MODERATE
0.4995,0.277,2223.58,1110.69,308.3,1418.98,63.8,MODERATE
0.5226,0.277,2223.58,1162.09,294.06,1456.15,65.5,HIGH
0.4073,0.277,2223.58,905.58,365.12,1270.7,57.1,MODERATE
0.4287,0.277,2223.58,953.35,351.89,1305.23,58.7,MODERATE
0.5732,0.277,2223.58,1274.51,262.92,1537.43,69.1,HIGH
0.353,0.277,2223.58,785.03,398.51,1183.55,53.2,LOW
0.617,0.277,2223.58,1371.96,235.92,1607.88,72.3,CRITICAL
0.4784,0.277,2223.58,1063.69,321.32,1385.01,62.3,MODERATE
0.5324,0.277,2223.58,1183.81,288.04,1471.85,66.2,HIGH
0.5235,0.277,2223.58,1163.97,293.54,1457.51,65.5,HIGH
0.5462,0.277,2223.58,1214.43,279.56,1493.99,67.2,HIGH
0.3924,0.277,2223.58,872.45,374.3,1246.75,56.1,MODERATE
0.4174,0.277,2223.58,928.05,358.89,1286.94,57.9,MODERATE
0.3704,0.277,2223.58,823.56,387.84,1211.4,54.5,LOW
0.389,0.277,2223.58,864.93,376.38,1241.31,55.8,MODERATE
0.5489,0.277,2223.58,1220.48,277.88,1498.36,67.4,HIGH
0.4811,0.277,2223.58,1069.88,319.6,1389.48,62.5,MODERATE
0.4887,0.277,2223.58,1086.75,314.93,1401.68,63.0,MODERATE
0.5789,0.277,2223.58,1287.31,259.37,1546.68,69.6,HIGH
0.4568,0.277,2223.58,1015.66,334.62,1350.29,60.7,MODERATE
0.5872,0.277,2223.58,1305.69,254.28,1559.97,70.2,HIGH
0.4483,0.277,2223.58,996.87,339.83,1336.7,60.1,MODERATE
0.5803,0.277,2223.58,1290.35,258.53,1548.88,69.7,HIGH
0.5059,0.277,2223.58,1124.85,304.38,1429.22,64.3,MODERATE
0.2901,0.277,2223.58,645.1,437.28,1082.37,48.7,LOW
0.4567,0.277,2223.58,1015.42,334.69,1350.11,60.7,MODERATE
0.6154,0.277,2223.58,1368.35,236.92,1605.27,72.2,CRITICAL
0.4691,0.277,2223.58,1042.98,327.05,1370.04,61.6,MODERATE
0.4507,0.277,2223.58,1002.08,338.39,1340.46,60.3,MODERATE
0.5627,0.277,2223.58,1251.11,269.4,1520.5,68.4,HIGH
0.5135,0.277,2223.58,1141.77,299.69,1441.46,64.8,MODERATE
0.5438,0.277,2223.58,1209.11,281.03,1490.14,67.0,HIGH
0.2414,0.277,2223.58,536.71,467.3,1004.01,45.2,LOW
0.5117,0.277,2223.58,1137.89,300.76,1438.65,64.7,MODERATE
0.4736,0.277,2223.58,1053.14,324.24,1377.38,61.9,MODERATE
0.3433,0.277,2223.58,763.35,404.52,1167.87,52.5,LOW
0.4536,0.277,2223.58,1008.62,336.57,1345.19,60.5,MODERATE
0.4844,0.277,2223.58,1077.05,317.62,1394.67,62.7,MODERATE
0.5778,0.277,2223.58,1284.71,260.09,1544.8,69.5,HIGH
0.4312,0.277,2223.58,958.74,350.39,1309.13,58.9,MODERATE
0.6144,0.277,2223.58,1366.14,237.53,1603.67,72.1,CRITICAL
0.4924,0.277,2223.58,1094.97,312.65,1407.62,63.3,MODERATE
0.3693,0.277,2223.58,821.06,388.53,1209.59,54.4,LOW
0.4484,0.277,2223.58,997.13,339.76,1336.89,60.1,MODERATE
0.5327,0.277,2223.58,1184.59,287.83,1472.42,66.2,HIGH
0.5097,0.277,2223.58,1133.37,302.02,1435.38,64.6,MODERATE
0.425,0.277,2223.58,945.11,354.17,1299.27,58.4,MODERATE
0.6117,0.277,2223.58,1360.23,239.17,1599.4,71.9,HIGH
0.4889,0.277,2223.58,1087.01,314.86,1401.87,63.0,MODERATE
0.4479,0.277,2223.58,995.95,340.08,1336.03,60.1,MODERATE
0.4515,0.277,2223.58,1003.86,337.89,1341.76,60.3,MODERATE
0.4868,0.277,2223.58,1082.45,316.12,1398.57,62.9,MODERATE
0.3856,0.277,2223.58,857.5,378.44,1235.94,55.6,MODERATE
0.4806,0.277,2223.58,1068.66,319.94,1388.6,62.4,MODERATE
0.4879,0.277,2223.58,1084.99,315.42,1400.41,63.0,MODERATE
0.5531,0.277,2223.58,1229.86,275.28,1505.15,67.7,HIGH
0.5065,0.277,2223.58,1126.28,303.98,1430.26,64.3,MODERATE
0.3912,0.277,2223.58,869.92,375.0,1244.91,56.0,MODERATE
0.4135,0.277,2223.58,919.51,361.26,1280.77,57.6,MODERATE
0.4861,0.277,2223.58,1080.81,316.57,1397.39,62.8,MODERATE
0.4737,0.277,2223.58,1053.27,324.2,1377.47,61.9,MODERATE
0.5885,0.277,2223.58,1308.64,253.46,1562.1,70.3,HIGH
0.5824,0.277,2223.58,1294.97,257.25,1552.22,69.8,HIGH
0.5544,0.277,2223.58,1232.84,274.46,1507.3,67.8,HIGH
0.4472,0.277,2223.58,994.34,340.53,1334.87,60.0,MODERATE
0.517,0.277,2223.58,1149.53,297.54,1447.07,65.1,HIGH
0.5998,0.277,2223.58,1333.71,246.52,1580.23,71.1,HIGH
0.6677,0.277,2223.58,1484.63,204.71,1689.34,76.0,CRITICAL
0.5502,0.277,2223.58,1223.51,277.04,1500.56,67.5,HIGH
0.4125,0.277,2223.58,917.16,361.91,1279.07,57.5,MODERATE
0.2658,0.277,2223.58,591.1,452.24,1043.34,46.9,LOW
0.593,0.277,2223.58,1318.6,250.7,1569.3,70.6,HIGH
0.4075,0.277,2223.58,906.09,364.98,1271.07,57.2,MODERATE
0.3966,0.277,2223.58,881.79,371.71,1253.5,56.4,MODERATE
0.5523,0.277,2223.58,1228.07,275.78,1503.85,67.6,HIGH
0.5545,0.277,2223.58,1232.97,274.42,1507.39,67.8,HIGH
0.2355,0.277,2223.58,523.72,470.9,994.63,44.7,LOW
0.47,0.277,2223.58,1045.07,326.48,1371.55,61.7,MODERATE
0.5951,0.277,2223.58,1323.25,249.41,1572.66,70.7,HIGH
0.222,0.277,2223.58,493.61,479.24,972.85,43.8,LOW
0.5324,0.277,2223.58,1183.84,288.03,1471.87,66.2,HIGH
0.4228,0.277,2223.58,940.03,355.57,1295.61,58.3,MODERATE
0.3599,0.277,2223.58,800.34,394.27,1194.61,53.7,LOW
0.4829,0.277,2223.58,1073.76,318.53,1392.29,62.6,MODERATE
0.3373,0.277,2223.58,749.94,408.24,1158.17,52.1,LOW
0.5393,0.277,2223.58,1199.14,283.79,1482.94,66.7,HIGH
0.5674,0.277,2223.58,1261.6,266.49,1528.09,68.7,HIGH
0.3981,0.277,2223.58,885.15,370.78,1255.93,56.5,MODERATE
0.5352,0.277,2223.58,1189.95,286.34,1476.29,66.4,HIGH
0.4241,0.277,2223.58,943.02,354.75,1297.77,58.4,MODERATE
0.4147,0.277,2223.58,922.1,360.54,1282.64,57.7,MODERATE
0.3516,0.277,2223.58,781.8,399.41,1181.21,53.1,LOW
0.5556,0.277,2223.58,1235.36,273.76,1509.12,67.9,HIGH
0.2436,0.277,2223.58,541.74,465.91,1007.65,45.3,LOW
0.5225,0.277,2223.58,1161.78,294.14,1455.93,65.5,HIGH
0.6128,0.277,2223.58,1362.56,238.52,1601.08,72.0,CRITICAL
0.3882,0.277,2223.58,863.09,376.89,1239.98,55.8,MODERATE
0.606,0.277,2223.58,1347.47,242.7,1590.17,71.5,HIGH
0.5587,0.277,2223.58,1242.41,271.81,1514.22,68.1,HIGH
0.465,0.277,2223.58,1034.07,329.52,1363.59,61.3,MODERATE
0.5652,0.277,2223.58,1256.7,267.85,1524.55,68.6,HIGH
0.4163,0.277,2223.58,925.73,359.54,1285.27,57.8,MODERATE
0.5541,0.277,2223.58,1232.14,274.65,1506.79,67.8,HIGH
0.403,0.277,2223.58,896.07,367.75,1263.82,56.8,MODERATE
0.4821,0.277,2223.58,1072.04,319.01,1391.04,62.6,MODERATE
0.5751,0.277,2223.58,1278.68,261.76,1540.44,69.3,HIGH
0.5141,0.277,2223.58,1143.09,299.32,1442.41,64.9,MODERATE
0.4531,0.277,2223.58,1007.5,336.88,1344.39,60.5,MODERATE
0.531,0.277,2223.58,1180.71,288.9,1469.61,66.1,HIGH
0.5109,0.277,2223.58,1135.95,301.3,1437.25,64.6,MODERATE
0.3899,0.277,2223.58,866.97,375.81,1242.79,55.9,MODERATE
0.4285,0.277,2223.58,952.88,352.01,1304.9,58.7,MODERATE
0.5045,0.277,2223.58,1121.78,305.23,1427.01,64.2,MODERATE
0.5233,0.277,2223.58,1163.56,293.65,1457.21,65.5,HIGH
0.5561,0.277,2223.58,1236.52,273.44,1509.96,67.9,HIGH
0.5293,0.277,2223.58,1176.89,289.96,1466.85,66.0,HIGH
0.5735,0.277,2223.58,1275.13,262.74,1537.88,69.2,HIGH
0.341,0.277,2223.58,758.32,405.91,1164.23,52.4,LOW
0.4067,0.277,2223.58,904.22,365.5,1269.72,57.1,MODERATE
0.5823,0.277,2223.58,1294.8,257.3,1552.09,69.8,HIGH
0.3921,0.277,2223.58,871.88,374.46,1246.33,56.1,MODERATE
0.4346,0.277,2223.58,966.48,348.25,1314.72,59.1,MODERATE
0.4639,0.277,2223.58,1031.43,330.26,1361.68,61.2,MODERATE
0.4105,0.277,2223.58,912.82,363.11,1275.93,57.4,MODERATE
0.3603,0.277,2223.58,801.24,394.02,1195.26,53.8,LOW
0.4947,0.277,2223.58,1099.92,311.28,1411.2,63.5,MODERATE
0.6072,0.277,2223.58,1350.19,241.95,1592.14,71.6,HIGH
0.6058,0.277,2223.58,1347.15,242.79,1589.94,71.5,HIGH
0.559,0.277,2223.58,1242.91,271.67,1514.58,68.1,HIGH
0.3331,0.277,2223.58,740.61,410.82,1151.43,51.8,LOW
0.6123,0.277,2223.58,1361.61,238.79,1600.4,72.0,HIGH
0.363,0.277,2223.58,807.07,392.41,1199.48,53.9,LOW
0.3985,0.277,2223.58,886.07,370.52,1256.59,56.5,MODERATE
0.4232,0.277,2223.58,940.99,355.31,1296.3,58.3,MODERATE
0.5897,0.277,2223.58,1311.34,252.71,1564.06,70.3,HIGH
0.4785,0.277,2223.58,1063.98,321.24,1385.22,62.3,MODERATE
0.6223,0.277,2223.58,1383.7,232.67,1616.37,72.7,CRITICAL
0.502,0.277,2223.58,1116.32,306.74,1423.06,64.0,MODERATE
0.4622,0.277,2223.58,1027.82,331.25,1359.07,61.1,MODERATE
0.5796,0.277,2223.58,1288.7,258.98,1547.69,69.6,HIGH
0.5284,0.277,2223.58,1174.85,290.52,1465.37,65.9,HIGH
0.5779,0.277,2223.58,1285.08,259.99,1545.06,69.5,HIGH
0.4229,0.277,2223.58,940.45,355.46,1295.91,58.3,MODERATE
0.4237,0.277,2223.58,942.17,354.98,1297.15,58.3,MODERATE
0.6187,0.277,2223.58,1375.73,234.88,1610.61,72.4,CRITICAL
0.5848,0.277,2223.58,1300.38,255.75,1556.13,70.0,HIGH
0.5471,0.277,2223.58,1216.5,278.99,1495.49,67.3,HIGH
0.5941,0.277,2223.58,1321.01,250.03,1571.04,70.7,HIGH
0.4503,0.277,2223.58,1001.33,338.59,1339.92,60.3,MODERATE
0.5647,0.277,2223.58,1255.75,268.11,1523.86,68.5,HIGH
0.5749,0.277,2223.58,1278.26,261.88,1540.14,69.3,HIGH
0.5919,0.277,2223.58,1316.09,251.4,1567.49,70.5,HIGH
0.4623,0.277,2223.58,1028.04,331.19,1359.24,61.1,MODERATE
0.4656,0.277,2223.58,1035.26,329.19,1364.45,61.4,MODERATE
0.4053,0.277,2223.58,901.32,366.3,1267.62,57.0,MODERATE
0.4518,0.277,2223.58,1004.56,337.7,1342.26,60.4,MODERATE
0.6118,0.277,2223.58,1360.36,239.13,1599.49,71.9,HIGH
0.4991,0.277,2223.58,1109.85,308.53,1418.38,63.8,MODERATE
0.566,0.277,2223.58,1258.6,267.32,1525.92,68.6,HIGH
0.4401,0.277,2223.58,978.52,344.91,1323.43,59.5,MODERATE
0.4299,0.277,2223.58,956.02,351.15,1307.16,58.8,MODERATE
0.5165,0.277,2223.58,1148.53,297.81,1446.35,65.0,HIGH
0.5704,0.277,2223.58,1268.42,264.6,1533.02,68.9,HIGH
0.2369,0.277,2223.58,526.83,470.04,996.87,44.8,LOW
0.4523,0.277,2223.58,1005.83,337.35,1343.18,60.4,MODERATE
0.5313,0.277,2223.58,1181.42,288.7,1470.12,66.1,HIGH
0.3904,0.277,2223.58,868.0,375.53,1243.53,55.9,MODERATE
0.4013,0.277,2223.58,892.3,368.8,1261.1,56.7,MODERATE
0.6041,0.277,2223.58,1343.22,243.88,1587.1,71.4,HIGH
0.5139,0.277,2223.58,1142.79,299.41,1442.2,64.9,MODERATE
0.5827,0.277,2223.58,1295.76,257.03,1552.79,69.8,HIGH
0.5566,0.277,2223.58,1237.76,273.1,1510.85,67.9,HIGH
0.3981,0.277,2223.58,885.29,370.74,1256.03,56.5,MODERATE
0.2851,0.277,2223.58,633.92,440.37,1074.3,48.3,LOW
0.433,0.277,2223.58,962.79,349.27,1312.06,59.0,MODERATE
0.4885,0.277,2223.58,1086.27,315.06,1401.33,63.0,MODERATE
0.4818,0.277,2223.58,1071.27,319.22,1390.49,62.5,MODERATE
0.6062,0.277,2223.58,1347.91,242.58,1590.49,71.5,HIGH
0.5381,0.277,2223.58,1196.53,284.52,1481.05,66.6,HIGH
0.6196,0.277,2223.58,1377.83,234.29,1612.13,72.5,CRITICAL
0.5028,0.277,2223.58,1117.96,306.28,1424.25,64.1,MODERATE
0.6749,0.277,2223.58,1500.67,200.26,1700.94,76.5,CRITICAL
0.371,0.277,2223.58,824.88,387.47,1212.36,54.5,LOW
0.631,0.277,2223.58,1403.1,227.29,1630.4,73.3,CRITICAL
0.6049,0.277,2223.58,1345.04,243.38,1588.42,71.4,HIGH
0.5417,0.277,2223.58,1204.61,282.28,1486.89,66.9,HIGH
0.5532,0.277,2223.58,1230.04,275.24,1505.27,67.7,HIGH
0.3057,0.277,2223.58,679.71,427.69,1107.4,49.8,LOW
0.5609,0.277,2223.58,1247.18,270.49,1517.67,68.3,HIGH
0.4018,0.277,2223.58,893.33,368.51,1261.84,56.7,MODERATE
0.6049,0.277,2223.58,1345.04,243.38,1588.41,71.4,HIGH
0.3904,0.277,2223.58,868.14,375.49,1243.63,55.9,MODERATE
0.6239,0.277,2223.58,1387.19,231.7,1618.89,72.8,CRITICAL
0.3122,0.277,2223.58,694.27,423.66,1117.92,50.3,LOW
0.4837,0.277,2223.58,1075.64,318.01,1393.64,62.7,MODERATE
0.4787,0.277,2223.58,1064.42,321.12,1385.53,62.3,MODERATE
0.5828,0.277,2223.58,1295.99,256.97,1552.95,69.8,HIGH
0.4117,0.277,2223.58,915.53,362.36,1277.89,57.5,MODERATE
0.7004,0.277,2223.58,1557.38,184.55,1741.93,78.3,CRITICAL
0.5205,0.277,2223.58,1157.33,295.38,1452.71,65.3,HIGH
0.4921,0.277,2223.58,1094.29,312.84,1407.13,63.3,MODERATE
0.4574,0.277,2223.58,1017.09,334.23,1351.32,60.8,MODERATE
0.3671,0.277,2223.58,816.38,389.83,1206.21,54.2,LOW
0.3542,0.277,2223.58,787.52,397.82,1185.34,53.3,LOW
0.6388,0.277,2223.58,1420.39,222.5,1642.89,73.9,CRITICAL
0.4188,0.277,2223.58,931.34,357.98,1289.32,58.0,MODERATE
0.6069,0.277,2223.58,1349.39,242.17,1591.56,71.6,HIGH
0.4532,0.277,2223.58,1007.69,336.83,1344.52,60.5,MODERATE
0.4455,0.277,2223.58,990.67,341.55,1332.21,59.9,MODERATE
0.4105,0.277,2223.58,912.8,363.12,1275.92,57.4,MODERATE
0.3873,0.277,2223.58,861.14,377.43,1238.57,55.7,MODERATE
0.5102,0.277,2223.58,1134.53,301.69,1436.22,64.6,MODERATE
0.3931,0.277,2223.58,874.0,373.87,1247.87,56.1,MODERATE
0.4987,0.277,2223.58,1108.87,308.8,1417.67,63.8,MODERATE
0.4692,0.277,2223.58,1043.27,326.97,1370.25,61.6,MODERATE
0.4848,0.277,2223.58,1077.99,317.36,1395.34,62.8,MODERATE
0.4861,0.277,2223.58,1080.78,316.58,1397.36,62.8,MODERATE
0.2638,0.277,2223.58,586.53,453.5,1040.03,46.8,LOW
0.5472,0.277,2223.58,1216.82,278.9,1495.72,67.3,HIGH
0.4934,0.277,2223.58,1097.04,312.08,1409.12,63.4,MODERATE
0.4794,0.277,2223.58,1065.89,320.71,1386.6,62.4,MODERATE
0.4577,0.277,2223.58,1017.8,334.03,1351.83,60.8,MODERATE
0.5648,0.277,2223.58,1255.82,268.09,1523.91,68.5,HIGH
0.5818,0.277,2223.58,1293.73,257.59,1551.32,69.8,HIGH
0.5385,0.277,2223.58,1197.49,284.25,1481.74,66.6,HIGH
0.4826,0.277,2223.58,1073.04,318.73,1391.76,62.6,MODERATE
0.5124,0.277,2223.58,1139.36,300.36,1439.71,64.7,MODERATE
0.5616,0.277,2223.58,1248.66,270.08,1518.73,68.3,HIGH
0.4677,0.277,2223.58,1040.01,327.88,1367.89,61.5,MODERATE
0.5955,0.277,2223.58,1324.24,249.14,1573.38,70.8,HIGH
0.5032,0.277,2223.58,1118.8,306.05,1424.85,64.1,MODERATE
0.5926,0.277,2223.58,1317.61,250.98,1568.58,70.5,HIGH
0.3742,0.277,2223.58,832.14,385.46,1217.6,54.8,LOW
0.5717,0.277,2223.58,1271.16,263.84,1535.0,69.0,HIGH
0.4943,0.277,2223.58,1099.1,311.51,1410.61,63.4,MODERATE
0.504,0.277,2223.58,1120.64,305.54,1426.18,64.1,MODERATE
0.4026,0.277,2223.58,895.12,368.02,1263.14,56.8,MODERATE
0.5814,0.277,2223.58,1292.79,257.85,1550.64,69.7,HIGH
0.6394,0.277,2223.58,1421.76,222.12,1643.88,73.9,CRITICAL
0.4241,0.277,2223.58,943.02,354.75,1297.77,58.4,MODERATE
0.5817,0.277,2223.58,1293.36,257.69,1551.06,69.8,HIGH
0.4625,0.277,2223.58,1028.49,331.07,1359.56,61.1,MODERATE
0.5391,0.277,2223.58,1198.69,283.92,1482.61,66.7,HIGH
0.523,0.277,2223.58,1162.94,293.82,1456.76,65.5,HIGH
0.4277,0.277,2223.58,951.09,352.51,1303.6,58.6,MODERATE
0.3969,0.277,2223.58,882.57,371.49,1254.06,56.4,MODERATE
0.3595,0.277,2223.58,799.29,394.56,1193.85,53.7,LOW
0.4421,0.277,2223.58,982.94,343.69,1326.63,59.7,MODERATE
0.5516,0.277,2223.58,1226.58,276.19,1502.77,67.6,HIGH
0.4597,0.277,2223.58,1022.13,332.83,1354.96,60.9,MODERATE
0.6159,0.277,2223.58,1369.46,236.61,1606.07,72.2,CRITICAL
0.5337,0.277,2223.58,1186.62,287.26,1473.88,66.3,HIGH
0.6092,0.277,2223.58,1354.61,240.73,1595.33,71.7,HIGH
0.1925,0.277,2223.58,428.1,497.39,925.49,41.6,LOW
0.5649,0.277,2223.58,1256.1,268.01,1524.12,68.5,HIGH
0.4593,0.277,2223.58,1021.19,333.09,1354.28,60.9,MODERATE
0.5709,0.277,2223.58,1269.49,264.31,1533.8,69.0,HIGH
0.3298,0.277,2223.58,733.36,412.83,1146.19,51.5,LOW
0.467,0.277,2223.58,1038.41,328.32,1366.73,61.5,MODERATE
0.4421,0.277,2223.58,983.0,343.67,1326.67,59.7,MODERATE
0.2724,0.277,2223.58,605.79,448.17,1053.96,47.4,LOW
0.5565,0.277,2223.58,1237.43,273.19,1510.62,67.9,HIGH
0.5009,0.277,2223.58,1113.75,307.45,1421.2,63.9,MODERATE
0.4132,0.277,2223.58,918.84,361.44,1280.29,57.6,MODERATE
0.4522,0.277,2223.58,1005.51,337.44,1342.94,60.4,MODERATE
0.435,0.277,2223.58,967.25,348.04,1315.28,59.2,MODERATE
0.5065,0.277,2223.58,1126.23,303.99,1430.22,64.3,MODERATE
0.2975,0.277,2223.58,661.55,432.72,1094.27,49.2,LOW
0.5464,0.277,2223.58,1215.01,279.4,1494.41,67.2,HIGH
0.3602,0.277,2223.58,800.82,394.14,1194.96,53.7,LOW
0.4254,0.277,2223.58,945.9,353.95,1299.85,58.5,MODERATE
0.2017,0.277,2223.58,448.57,491.72,940.29,42.3,LOW
0.2732,0.277,2223.58,607.53,447.69,1055.22,47.5,LOW
0.605,0.277,2223.58,1345.2,243.33,1588.53,71.4,HIGH
0.4065,0.277,2223.58,903.87,365.59,1269.46,57.1,MODERATE
0.3332,0.277,2223.58,740.8,410.77,1151.57,51.8,LOW
0.2856,0.277,2223.58,635.03,440.07,1075.1,48.3,LOW
0.5931,0.277,2223.58,1318.7,250.67,1569.37,70.6,HIGH
0.4273,0.277,2223.58,950.07,352.79,1302.86,58.6,MODERATE
0.4557,0.277,2223.58,1013.2,335.3,1348.51,60.6,MODERATE
0.4145,0.277,2223.58,921.65,360.67,1282.32,57.7,MODERATE
0.469,0.277,2223.58,1042.78,327.11,1369.89,61.6,MODERATE
0.5096,0.277,2223.58,1133.1,302.09,1435.19,64.5,MODERATE
0.4941,0.277,2223.58,1098.76,311.6,1410.36,63.4,MODERATE
0.3814,0.277,2223.58,848.11,381.04,1229.15,55.3,MODERATE
0.548,0.277,2223.58,1218.51,278.43,1496.94,67.3,HIGH
0.4892,0.277,2223.58,1087.71,314.67,1402.37,63.1,MODERATE
0.485,0.277,2223.58,1078.49,317.22,1395.71,62.8,MODERATE
0.4266,0.277,2223.58,948.49,353.23,1301.72,58.5,MODERATE
0.4876,0.277,2223.58,1084.22,315.63,1399.85,63.0,MODERATE
0.5957,0.277,2223.58,1324.5,249.07,1573.57,70.8,HIGH
0.5395,0.277,2223.58,1199.6,283.67,1483.27,66.7,HIGH
0.4368,0.277,2223.58,971.31,346.91,1318.22,59.3,MODERATE
0.6342,0.277,2223.58,1410.09,225.36,1635.44,73.5,CRITICAL
0.2632,0.277,2223.58,585.34,453.83,1039.18,46.7,LOW
0.3596,0.277,2223.58,799.53,394.5,1194.03,53.7,LOW
0.5707,0.277,2223.58,1268.99,264.44,1533.44,69.0,HIGH
0.5463,0.277,2223.58,1214.75,279.47,1494.22,67.2,HIGH
0.4957,0.277,2223.58,1102.2,310.65,1412.85,63.5,MODERATE
0.406,0.277,2223.58,902.81,365.88,1268.7,57.1,MODERATE
0.6022,0.277,2223.58,1338.95,245.06,1584.01,71.2,HIGH
0.4982,0.277,2223.58,1107.7,309.13,1416.82,63.7,MODERATE
0.4245,0.277,2223.58,944.0,354.47,1298.48,58.4,MODERATE
0.4503,0.277,2223.58,1001.24,338.62,1339.86,60.3,MODERATE
0.4727,0.277,2223.58,1051.02,324.83,1375.85,61.9,MODERATE
0.4683,0.277,2223.58,1041.28,327.53,1368.8,61.6,MODERATE
0.5376,0.277,2223.58,1195.33,284.85,1480.18,66.6,HIGH
0.6692,0.277,2223.58,1488.03,203.77,1691.79,76.1,CRITICAL
0.5228,0.277,2223.58,1162.42,293.97,1456.39,65.5,HIGH
0.5282,0.277,2223.58,1174.58,290.6,1465.18,65.9,HIGH
0.6675,0.277,2223.58,1484.17,204.83,1689.01,76.0,CRITICAL
0.3856,0.277,2223.58,857.36,378.48,1235.84,55.6,MODERATE
0.6292,0.277,2223.58,1398.99,228.43,1627.43,73.2,CRITICAL
0.5808,0.277,2223.58,1291.36,258.25,1549.6,69.7,HIGH
0.5658,0.277,2223.58,1258.09,267.46,1525.56,68.6,HIGH
0.2664,0.277,2223.58,592.47,451.86,1044.32,47.0,LOW
0.1738,0.277,2223.58,386.52,508.91,895.43,40.3,LOW
0.5731,0.277,2223.58,1274.35,262.96,1537.31,69.1,HIGH
0.4781,0.277,2223.58,1063.13,321.47,1384.6,62.3,MODERATE
0.5192,0.277,2223.58,1154.43,296.18,1450.61,65.2,HIGH
0.3887,0.277,2223.58,864.32,376.55,1240.87,55.8,MODERATE
0.2425,0.277,2223.58,539.31,466.59,1005.89,45.2,LOW
0.5874,0.277,2223.58,1306.02,254.19,1560.21,70.2,HIGH
0.2283,0.277,2223.58,507.74,475.33,983.07,44.2,LOW
0.3993,0.277,2223.58,887.95,370.0,1257.95,56.6,MODERATE
0.5217,0.277,2223.58,1159.98,294.64,1454.62,65.4,HIGH
0.4096,0.277,2223.58,910.78,363.68,1274.46,57.3,MODERATE
0.4687,0.277,2223.58,1042.09,327.3,1369.39,61.6,MODERATE
0.5273,0.277,2223.58,1172.48,291.18,1463.66,65.8,HIGH
0.2829,0.277,2223.58,629.03,441.73,1070.76,48.2,LOW
0.5791,0.277,2223.58,1287.65,259.28,1546.92,69.6,HIGH
0.3876,0.277,2223.58,861.85,377.23,1239.08,55.7,MODERATE
0.6525,0.277,2223.58,1450.95,214.04,1664.99,74.9,CRITICAL
0.5161,0.277,2223.58,1147.69,298.05,1445.74,65.0,HIGH
0.5508,0.277,2223.58,1224.78,276.69,1501.47,67.5,HIGH
0.3951,0.277,2223.58,878.64,372.58,1251.22,56.3,MODERATE
0.5279,0.277,2223.58,1173.93,290.78,1464.71,65.9,HIGH
0.5499,0.277,2223.58,1222.81,277.24,1500.05,67.5,HIGH
0.4824,0.277,2223.58,1072.62,318.84,1391.47,62.6,MODERATE
0.6135,0.277,2223.58,1364.2,238.07,1602.27,72.1,CRITICAL
0.4274,0.277,2223.58,950.28,352.74,1303.02,58.6,MODERATE
0.5033,0.277,2223.58,1119.18,305.95,1425.13,64.1,MODERATE
0.4086,0.277,2223.58,908.6,364.28,1272.88,57.2,MODERATE
0.6069,0.277,2223.58,1349.44,242.16,1591.6,71.6,HIGH
0.6153,0.277,2223.58,1368.2,236.96,1605.16,72.2,CRITICAL
0.4131,0.277,2223.58,918.61,361.51,1280.12,57.6,MODERATE
0.4415,0.277,2223.58,981.62,344.05,1325.68,59.6,MODERATE
0.5295,0.277,2223.58,1177.33,289.84,1467.17,66.0,HIGH
0.4088,0.277,2223.58,908.92,364.19,1273.11,57.3,MODERATE
0.4508,0.277,2223.58,1002.4,338.3,1340.7,60.3,MODERATE
0.4656,0.277,2223.58,1035.21,329.21,1364.42,61.4,MODERATE
0.5082,0.277,2223.58,1130.1,302.92,1433.02,64.4,MODERATE
0.5351,0.277,2223.58,1189.81,286.38,1476.19,66.4,HIGH
0.5384,0.277,2223.58,1197.23,284.32,1481.56,66.6,HIGH
0.5271,0.277,2223.58,1172.11,291.28,1463.39,65.8,HIGH
0.5457,0.277,2223.58,1213.47,279.82,1493.3,67.2,HIGH
0.6216,0.277,2223.58,1382.25,233.07,1615.32,72.6,CRITICAL
0.5161,0.277,2223.58,1147.52,298.1,1445.61,65.0,HIGH
0.5322,0.277,2223.58,1183.44,288.14,1471.59,66.2,HIGH
0.5658,0.277,2223.58,1258.12,267.46,1525.58,68.6,HIGH
0.3237,0.277,2223.58,719.68,416.62,1136.3,51.1,LOW
0.4132,0.277,2223.58,918.89,361.43,1280.32,57.6,MODERATE
0.6482,0.277,2223.58,1441.39,216.69,1658.08,74.6,CRITICAL
0.6782,0.277,2223.58,1508.05,198.22,1706.27,76.7,CRITICAL
0.5633,0.277,2223.58,1252.46,269.02,1521.48,68.4,HIGH
0.4663,0.277,2223.58,1036.77,328.78,1365.54,61.4,MODERATE
0.5616,0.277,2223.58,1248.81,270.03,1518.85,68.3,HIGH
0.4157,0.277,2223.58,924.4,359.9,1284.3,57.8,MODERATE
0.5311,0.277,2223.58,1180.87,288.86,1469.73,66.1,HIGH
0.4233,0.277,2223.58,941.3,355.22,1296.52,58.3,MODERATE
0.4751,0.277,2223.58,1056.43,323.33,1379.76,62.1,MODERATE
0.407,0.277,2223.58,904.97,365.29,1270.26,57.1,MODERATE
0.5719,0.277,2223.58,1271.71,263.69,1535.4,69.1,HIGH
0.3701,0.277,2223.58,822.86,388.03,1210.9,54.5,LOW
0.6052,0.277,2223.58,1345.76,243.18,1588.93,71.5,HIGH
0.279,0.277,2223.58,620.49,444.1,1064.58,47.9,LOW
0.583,0.277,2223.58,1296.27,256.89,1553.16,69.8,HIGH
0.5222,0.277,2223.58,1161.25,294.29,1455.54,65.5,HIGH
0.4095,0.277,2223.58,910.55,363.74,1274.29,57.3,MODERATE
0.3871,0.277,2223.58,860.73,377.54,1238.27,55.7,MODERATE
0.3982,0.277,2223.58,885.4,370.71,1256.11,56.5,MODERATE
0.6571,0.277,2223.58,1461.08,211.23,1672.31,75.2,CRITICAL
0.3758,0.277,2223.58,835.53,384.52,1220.06,54.9,LOW
0.2357,0.277,2223.58,524.09,470.8,994.89,44.7,LOW
0.5685,0.277,2223.58,1264.17,265.78,1529.95,68.8,HIGH
0.5821,0.277,2223.58,1294.31,257.43,1551.74,69.8,HIGH
0.569,0.277,2223.58,1265.16,265.51,1530.66,68.8,HIGH
0.5093,0.277,2223.58,1132.48,302.26,1434.74,64.5,MODERATE
0.5698,0.277,2223.58,1266.95,265.01,1531.96,68.9,HIGH
0.3075,0.277,2223.58,683.85,426.54,1110.39,49.9,LOW
0.4551,0.277,2223.58,1011.89,335.67,1347.56,60.6,MODERATE
0.6202,0.277,2223.58,1379.17,233.92,1613.09,72.5,CRITICAL
0.577,0.277,2223.58,1282.92,260.59,1543.51,69.4,HIGH
0.2859,0.277,2223.58,635.76,439.86,1075.63,48.4,LOW
0.5225,0.277,2223.58,1161.92,294.1,1456.03,65.5,HIGH
0.5395,0.277,2223.58,1199.54,283.68,1483.23,66.7,HIGH
0.3838,0.277,2223.58,853.31,379.6,1232.91,55.4,MODERATE
0.6257,0.277,2223.58,1391.3,230.56,1621.87,72.9,CRITICAL
0.5159,0.277,2223.58,1147.07,298.22,1445.29,65.0,MODERATE
0.4166,0.277,2223.58,926.25,359.39,1285.64,57.8,MODERATE
0.5422,0.277,2223.58,1205.6,282.01,1487.6,66.9,HIGH
0.4901,0.277,2223.58,1089.71,314.11,1403.82,63.1,MODERATE
0.5483,0.277,2223.58,1219.08,278.27,1497.35,67.3,HIGH
0.393,0.277,2223.58,873.92,373.89,1247.81,56.1,MODERATE
0.5189,0.277,2223.58,1153.84,296.34,1450.19,65.2,HIGH
0.4754,0.277,2223.58,1056.98,323.18,1380.16,62.1,MODERATE
0.4722,0.277,2223.58,1049.99,325.11,1375.1,61.8,MODERATE
0.3012,0.277,2223.58,669.74,430.45,1100.19,49.5,LOW
0.4326,0.277,2223.58,962.02,349.48,1311.5,59.0,MODERATE
0.6035,0.277,2223.58,1342.04,244.21,1586.25,71.3,HIGH
0.555,0.277,2223.58,1234.0,274.14,1508.14,67.8,HIGH
0.3891,0.277,2223.58,865.24,376.29,1241.53,55.8,MODERATE
0.2583,0.277,2223.58,574.33,456.88,1031.21,46.4,LOW
0.6043,0.277,2223.58,1343.7,243.75,1587.45,71.4,HIGH
0.3934,0.277,2223.58,874.8,373.64,1248.45,56.1,MODERATE
0.642,0.277,2223.58,1427.48,220.54,1648.02,74.1,CRITICAL
0.4103,0.277,2223.58,912.26,363.27,1275.53,57.4,MODERATE
0.4937,0.277,2223.58,1097.81,311.87,1409.67,63.4,MODERATE
0.242,0.277,2223.58,538.02,466.94,1004.96,45.2,LOW
0.4963,0.277,2223.58,1103.66,310.24,1413.91,63.6,MODERATE
0.3102,0.277,2223.58,689.83,424.89,1114.72,50.1,LOW
0.5456,0.277,2223.58,1213.13,279.92,1493.05,67.1,HIGH
0.4018,0.277,2223.58,893.39,368.49,1261.89,56.8,MODERATE
0.4694,0.277,2223.58,1043.67,326.87,1370.53,61.6,MODERATE
0.444,0.277,2223.58,987.21,342.51,1329.71,59.8,MODERATE
0.5191,0.277,2223.58,1154.32,296.21,1450.53,65.2,HIGH
0.53,0.277,2223.58,1178.53,289.5,1468.04,66.0,HIGH
0.3324,0.277,2223.58,739.18,411.22,1150.39,51.7,LOW
0.7179,0.277,2223.58,1596.29,173.78,1770.06,79.6,CRITICAL
0.691,0.277,2223.58,1536.53,190.33,1726.86,77.7,CRITICAL
0.3992,0.277,2223.58,887.71,370.07,1257.78,56.6,MODERATE
0.3791,0.277,2223.58,842.89,382.49,1225.37,55.1,MODERATE
0.5465,0.277,2223.58,1215.09,279.38,1494.47,67.2,HIGH
0.3376,0.277,2223.58,750.58,408.06,1158.64,52.1,LOW
0.3447,0.277,2223.58,766.58,403.63,1170.2,52.6,LOW
0.2716,0.277,2223.58,603.93,448.68,1052.61,47.3,LOW
0.4462,0.277,2223.58,992.09,341.15,1333.25,60.0,MODERATE
0.4519,0.277,2223.58,1004.92,337.6,1342.52,60.4,MODERATE
0.591,0.277,2223.58,1314.07,251.96,1566.02,70.4,HIGH
0.6326,0.277,2223.58,1406.73,226.29,1633.01,73.4,CRITICAL
0.4648,0.277,2223.58,1033.53,329.67,1363.2,61.3,MODERATE
0.5357,0.277,2223.58,1191.19,286.0,1477.19,66.4,HIGH
0.4198,0.277,2223.58,933.4,357.41,1290.81,58.1,MODERATE
0.4317,0.277,2223.58,960.02,350.04,1310.06,58.9,MODERATE
0.4366,0.277,2223.58,970.73,347.07,1317.8,59.3,MODERATE
0.3225,0.277,2223.58,717.1,417.33,1134.43,51.0,LOW
0.5097,0.277,2223.58,1133.31,302.03,1435.34,64.6,MODERATE
0.6878,0.277,2223.58,1529.39,192.31,1721.69,77.4,CRITICAL
0.4313,0.277,2223.58,958.93,350.34,1309.27,58.9,MODERATE
0.654,0.277,2223.58,1454.26,213.12,1667.38,75.0,CRITICAL
0.5026,0.277,2223.58,1117.65,306.37,1424.02,64.0,MODERATE
0.7299,0.277,2223.58,1622.89,166.41,1789.29,80.5,CRITICAL
0.5338,0.277,2223.58,1187.04,287.15,1474.19,66.3,HIGH
0.5182,0.277,2223.58,1152.35,296.76,1449.11,65.2,HIGH
0.3913,0.277,2223.58,870.02,374.97,1244.99,56.0,MODERATE
0.3469,0.277,2223.58,771.37,402.3,1173.67,52.8,LOW
0.5716,0.277,2223.58,1270.92,263.91,1534.83,69.0,HIGH
0.4497,0.277,2223.58,999.96,338.97,1338.93,60.2,MODERATE
0.5955,0.277,2223.58,1324.04,249.19,1573.24,70.8,HIGH
0.6099,0.277,2223.58,1356.17,240.29,1596.47,71.8,HIGH
0.4904,0.277,2223.58,1090.41,313.92,1404.33,63.2,MODERATE
0.4616,0.277,2223.58,1026.44,331.64,1358.08,61.1,MODERATE
0.6231,0.277,2223.58,1385.45,232.18,1617.63,72.7,CRITICAL
0.4674,0.277,2223.58,1039.36,328.06,1367.42,61.5,MODERATE
0.4099,0.277,2223.58,911.5,363.48,1274.98,57.3,MODERATE
0.3782,0.277,2223.58,840.88,383.04,1223.92,55.0,MODERATE
0.6256,0.277,2223.58,1391.16,230.6,1621.76,72.9,CRITICAL
0.5321,0.277,2223.58,1183.06,288.25,1471.31,66.2,HIGH
0.6037,0.277,2223.58,1342.46,244.09,1586.55,71.4,HIGH
0.6297,0.277,2223.58,1400.17,228.11,1628.27,73.2,CRITICAL
0.4615,0.277,2223.58,1026.07,331.74,1357.81,61.1,MODERATE
0.404,0.277,2223.58,898.36,367.12,1265.48,56.9,MODERATE
0.6104,0.277,2223.58,1357.23,240.0,1597.23,71.8,HIGH
0.5727,0.277,2223.58,1273.34,263.24,1536.58,69.1,HIGH
0.3601,0.277,2223.58,800.74,394.16,1194.9,53.7,LOW
0.4599,0.277,2223.58,1022.55,332.72,1355.26,60.9,MODERATE
0.5921,0.277,2223.58,1316.52,251.28,1567.8,70.5,HIGH
0.5485,0.277,2223.58,1219.71,278.1,1497.8,67.4,HIGH
0.5394,0.277,2223.58,1199.33,283.74,1483.08,66.7,HIGH
0.464,0.277,2223.58,1031.65,330.19,1361.85,61.2,MODERATE
0.7125,0.277,2223.58,1584.39,177.07,1761.46,79.2,CRITICAL
0.6849,0.277,2223.58,1522.83,194.12,1716.96,77.2,CRITICAL
0.5824,0.277,2223.58,1295.08,257.22,1552.29,69.8,HIGH
0.6039,0.277,2223.58,1342.9,243.97,1586.87,71.4,HIGH
0.5922,0.277,2223.58,1316.88,251.18,1568.06,70.5,HIGH
0.4923,0.277,2223.58,1094.58,312.76,1407.34,63.3,MODERATE
0.5012,0.277,2223.58,1114.46,307.25,1421.71,63.9,MODERATE
0.5011,0.277,2223.58,1114.27,307.31,1421.58,63.9,MODERATE
0.4945,0.277,2223.58,1099.65,311.36,1411.01,63.5,MODERATE
0.354,0.277,2223.58,787.11,397.94,1185.05,53.3,LOW
0.4395,0.277,2223.58,977.23,345.27,1322.5,59.5,MODERATE
0.4154,0.277,2223.58,923.65,360.11,1283.77,57.7,MODERATE
0.5145,0.277,2223.58,1144.04,299.06,1443.1,64.9,MODERATE
0.3424,0.277,2223.58,761.44,405.05,1166.49,52.5,LOW
0.4936,0.277,2223.58,1097.55,311.94,1409.49,63.4,MODERATE
0.3553,0.277,2223.58,790.0,397.14,1187.14,53.4,LOW
0.5824,0.277,2223.58,1295.04,257.23,1552.27,69.8,HIGH
0.7707,0.277,2223.58,1713.65,141.26,1854.91,83.4,CRITICAL
0.518,0.277,2223.58,1151.83,296.9,1448.73,65.2,HIGH
0.4926,0.277,2223.58,1095.36,312.54,1407.9,63.3,MODERATE
0.3687,0.277,2223.58,819.86,388.86,1208.73,54.4,LOW
0.4646,0.277,2223.58,1033.07,329.8,1362.87,61.3,MODERATE
0.4798,0.277,2223.58,1066.81,320.45,1387.27,62.4,MODERATE
0.5127,0.277,2223.58,1139.93,300.2,1440.13,64.8,MODERATE
0.5466,0.277,2223.58,1215.32,279.31,1494.64,67.2,HIGH
0.3108,0.277,2223.58,690.99,424.56,1115.56,50.2,LOW
0.5691,0.277,2223.58,1265.4,265.44,1530.84,68.8,HIGH
0.441,0.277,2223.58,980.69,344.31,1325.0,59.6,MODERATE
0.4691,0.277,2223.58,1043.06,327.03,1370.1,61.6,MODERATE
0.4413,0.277,2223.58,981.28,344.15,1325.43,59.6,MODERATE
0.5438,0.277,2223.58,1209.13,281.03,1490.16,67.0,HIGH
0.7351,0.277,2223.58,1634.49,163.19,1797.68,80.8,CRITICAL
0.487,0.277,2223.58,1082.79,316.03,1398.82,62.9,MODERATE
0.5519,0.277,2223.58,1227.21,276.02,1503.23,67.6,HIGH
0.4135,0.277,2223.58,919.46,361.27,1280.73,57.6,MODERATE
0.4213,0.277,2223.58,936.68,356.5,1293.19,58.2,MODERATE
0.4417,0.277,2223.58,982.15,343.91,1326.06,59.6,MODERATE
0.4895,0.277,2223.58,1088.53,314.44,1402.97,63.1,MODERATE
0.3443,0.277,2223.58,765.65,403.88,1169.53,52.6,LOW
0.4842,0.277,2223.58,1076.67,317.72,1394.4,62.7,MODERATE
0.432,0.277,2223.58,960.52,349.9,1310.42,58.9,MODERATE
0.5114,0.277,2223.58,1137.21,300.95,1438.16,64.7,MODERATE
0.5615,0.277,2223.58,1248.54,270.11,1518.65,68.3,HIGH
0.4452,0.277,2223.58,989.85,341.77,1331.62,59.9,MODERATE
0.4405,0.277,2223.58,979.46,344.65,1324.11,59.5,MODERATE
0.5265,0.277,2223.58,1170.62,291.7,1462.32,65.8,HIGH
0.4663,0.277,2223.58,1036.87,328.75,1365.62,61.4,MODERATE
0.4146,0.277,2223.58,921.99,360.57,1282.56,57.7,MODERATE
0.4326,0.277,2223.58,961.82,349.54,1311.36,59.0,MODERATE
0.4311,0.277,2223.58,958.56,350.44,1309.0,58.9,MODERATE
0.4175,0.277,2223.58,928.34,358.81,1287.16,57.9,MODERATE
0.4411,0.277,2223.58,980.92,344.25,1325.17,59.6,MODERATE
0.5127,0.277,2223.58,1140.09,300.15,1440.24,64.8,MODERATE
0.5134,0.277,2223.58,1141.65,299.72,1441.37,64.8,MODERATE
0.5352,0.277,2223.58,1190.09,286.3,1476.39,66.4,HIGH
0.4328,0.277,2223.58,962.36,349.39,1311.75,59.0,MODERATE
0.5139,0.277,2223.58,1142.66,299.44,1442.1,64.9,MODERATE
0.3755,0.277,2223.58,834.87,384.71,1219.58,54.8,LOW
0.466,0.277,2223.58,1036.23,328.93,1365.15,61.4,MODERATE
0.4986,0.277,2223.58,1108.65,308.86,1417.51,63.7,MODERATE
0.377,0.277,2223.58,838.29,383.76,1222.05,55.0,LOW
0.5307,0.277,2223.58,1180.01,289.09,1469.1,66.1,HIGH
0.1996,0.277,2223.58,443.85,493.03,936.88,42.1,LOW
0.3443,0.277,2223.58,765.63,403.89,1169.52,52.6,LOW
0.4597,0.277,2223.58,1022.17,332.82,1354.99,60.9,MODERATE
0.2763,0.277,2223.58,614.29,445.81,1060.1,47.7,LOW
0.4548,0.277,2223.58,1011.32,335.82,1347.15,60.6,MODERATE
0.564,0.277,2223.58,1254.08,268.58,1522.65,68.5,HIGH
0.5102,0.277,2223.58,1134.48,301.71,1436.19,64.6,MODERATE
0.3963,0.277,2223.58,881.16,371.88,1253.04,56.4,MODERATE
0.3762,0.277,2223.58,836.61,384.22,1220.84,54.9,LOW
0.4841,0.277,2223.58,1076.35,317.81,1394.16,62.7,MODERATE
0.5238,0.277,2223.58,1164.66,293.35,1458.01,65.6,HIGH
0.5978,0.277,2223.58,1329.31,247.73,1577.05,70.9,HIGH
0.4109,0.277,2223.58,913.59,362.9,1276.49,57.4,MODERATE
0.5634,0.277,2223.58,1252.83,268.92,1521.75,68.4,HIGH
0.4154,0.277,2223.58,923.78,360.08,1283.86,57.7,MODERATE
0.4022,0.277,2223.58,894.44,368.21,1262.64,56.8,MODERATE
0.4997,0.277,2223.58,1111.07,308.19,1419.27,63.8,MODERATE
0.636,0.277,2223.58,1414.21,224.22,1638.42,73.7,CRITICAL
0.5911,0.277,2223.58,1314.31,251.89,1566.2,70.4,HIGH
0.5877,0.277,2223.58,1306.91,253.94,1560.85,70.2,HIGH
0.5077,0.277,2223.58,1128.9,303.25,1432.16,64.4,MODERATE
0.6212,0.277,2223.58,1381.32,233.33,1614.65,72.6,CRITICAL
0.4994,0.277,2223.58,1110.36,308.39,1418.75,63.8,MODERATE
0.4187,0.277,2223.58,931.03,358.07,1289.1,58.0,MODERATE
0.6195,0.277,2223.58,1377.48,234.39,1611.87,72.5,CRITICAL
0.6963,0.277,2223.58,1548.18,187.1,1735.28,78.0,CRITICAL
0.7142,0.277,2223.58,1588.18,176.02,1764.2,79.3,CRITICAL
0.5485,0.277,2223.58,1219.67,278.11,1497.78,67.4,HIGH
0.5052,0.277,2223.58,1123.46,304.76,1428.22,64.2,MODERATE
0.6126,0.277,2223.58,1362.07,238.66,1600.73,72.0,HIGH
0.4674,0.277,2223.58,1039.38,328.05,1367.43,61.5,MODERATE
0.5356,0.277,2223.58,1190.85,286.09,1476.94,66.4,HIGH
0.5714,0.277,2223.58,1270.65,263.98,1534.64,69.0,HIGH
0.5341,0.277,2223.58,1187.52,287.02,1474.53,66.3,HIGH
0.4616,0.277,2223.58,1026.44,331.64,1358.08,61.1,MODERATE
0.4235,0.277,2223.58,941.77,355.09,1296.87,58.3,MODERATE
0.5695,0.277,2223.58,1266.35,265.18,1531.53,68.9,HIGH
0.5907,0.277,2223.58,1313.47,252.12,1565.59,70.4,HIGH
0.5511,0.277,2223.58,1225.45,276.51,1501.95,67.5,HIGH
0.6815,0.277,2223.58,1515.42,196.18,1711.6,77.0,CRITICAL
0.422,0.277,2223.58,938.4,356.03,1294.43,58.2,MODERATE
0.6925,0.277,2223.58,1539.9,189.4,1729.3,77.8,CRITICAL
0.5145,0.277,2223.58,1143.95,299.08,1443.04,64.9,MODERATE
0.4994,0.277,2223.58,1110.47,308.36,1418.83,63.8,MODERATE
0.5715,0.277,2223.58,1270.78,263.95,1534.73,69.0,HIGH
0.3432,0.277,2223.58,763.03,404.61,1167.63,52.5,LOW
0.4975,0.277,2223.58,1106.16,309.55,1415.71,63.7,MODERATE
0.6184,0.277,2223.58,1375.0,235.08,1610.08,72.4,CRITICAL
0.4727,0.277,2223.58,1051.1,324.81,1375.9,61.9,MODERATE
0.6515,0.277,2223.58,1448.69,214.66,1663.36,74.8,CRITICAL
0.1759,0.277,2223.58,391.08,507.65,898.73,40.4,LOW
0.2903,0.277,2223.58,645.58,437.14,1082.72,48.7,LOW
0.4224,0.277,2223.58,939.2,355.81,1295.0,58.2,MODERATE
0.6021,0.277,2223.58,1338.75,245.12,1583.87,71.2,HIGH
0.4971,0.277,2223.58,1105.26,309.8,1415.06,63.6,MODERATE
0.1751,0.277,2223.58,389.25,508.15,897.4,40.4,LOW
0.4165,0.277,2223.58,926.03,359.45,1285.48,57.8,MODERATE
0.4428,0.277,2223.58,984.66,343.21,1327.87,59.7,MODERATE
0.7354,0.277,2223.58,1635.12,163.02,1798.14,80.9,CRITICAL
0.3129,0.277,2223.58,695.78,423.24,1119.02,50.3,LOW
0.68,0.277,2223.58,1512.04,197.11,1709.16,76.9,CRITICAL
0.5263,0.277,2223.58,1170.23,291.8,1462.03,65.8,HIGH
0.4404,0.277,2223.58,979.21,344.72,1323.93,59.5,MODERATE
0.4827,0.277,2223.58,1073.21,318.68,1391.89,62.6,MODERATE
0.475,0.277,2223.58,1056.2,323.39,1379.59,62.0,MODERATE
0.5825,0.277,2223.58,1295.31,257.16,1552.46,69.8,HIGH
0.4496,0.277,2223.58,999.81,339.01,1338.83,60.2,MODERATE
0.5842,0.277,2223.58,1299.04,256.12,1555.16,69.9,HIGH
0.4505,0.277,2223.58,1001.73,338.48,1340.21,60.3,MODERATE
0.6141,0.277,2223.58,1365.52,237.71,1603.22,72.1,CRITICAL
0.6368,0.277,2223.58,1415.98,223.73,1639.71,73.7,CRITICAL
0.4416,0.277,2223.58,981.85,343.99,1325.84,59.6,MODERATE
0.5986,0.277,2223.58,1331.09,247.24,1578.33,71.0,HIGH
0.311,0.277,2223.58,691.52,424.42,1115.94,50.2,LOW
0.5182,0.277,2223.58,1152.23,296.79,1449.02,65.2,HIGH
0.3157,0.277,2223.58,702.05,421.5,1123.55,50.5,LOW
0.3766,0.277,2223.58,837.34,384.02,1221.37,54.9,LOW
0.6278,0.277,2223.58,1396.01,229.26,1625.27,73.1,CRITICAL
0.6014,0.277,2223.58,1337.23,245.54,1582.77,71.2,HIGH
0.4713,0.277,2223.58,1047.92,325.69,1373.6,61.8,MODERATE
0.2709,0.277,2223.58,602.48,449.09,1051.56,47.3,LOW
0.6606,0.277,2223.58,1468.86,209.08,1677.93,75.5,CRITICAL
0.2808,0.277,2223.58,624.49,442.99,1067.48,48.0,LOW
0.5685,0.277,2223.58,1264.16,265.78,1529.94,68.8,HIGH
0.4185,0.277,2223.58,930.51,358.21,1288.72,58.0,MODERATE
0.4286,0.277,2223.58,953.1,351.95,1305.06,58.7,MODERATE
0.4372,0.277,2223.58,972.11,346.69,1318.8,59.3,MODERATE
0.5629,0.277,2223.58,1251.67,269.24,1520.91,68.4,HIGH
0.5077,0.277,2223.58,1128.8,303.28,1432.08,64.4,MODERATE
0.5398,0.277,2223.58,1200.34,283.46,1483.8,66.7,HIGH
0.4086,0.277,2223.58,908.49,364.31,1272.81,57.2,MODERATE
0.356,0.277,2223.58,791.67,396.67,1188.34,53.4,LOW
0.4217,0.277,2223.58,937.68,356.23,1293.91,58.2,MODERATE
0.4203,0.277,2223.58,934.62,357.07,1291.69,58.1,MODERATE
0.5263,0.277,2223.58,1170.29,291.79,1462.08,65.8,HIGH
0.5647,0.277,2223.58,1255.62,268.15,1523.77,68.5,HIGH
0.2626,0.277,2223.58,584.02,454.2,1038.22,46.7,LOW
0.4464,0.277,2223.58,992.56,341.02,1333.58,60.0,MODERATE
0.3922,0.277,2223.58,872.13,374.39,1246.51,56.1,MODERATE
0.3953,0.277,2223.58,879.04,372.47,1251.51,56.3,MODERATE
0.5187,0.277,2223.58,1153.28,296.5,1449.78,65.2,HIGH
0.251,0.277,2223.58,558.05,461.39,1019.44,45.8,LOW
0.4998,0.277,2223.58,1111.44,308.09,1419.53,63.8,MODERATE
0.4644,0.277,2223.58,1032.56,329.94,1362.5,61.3,MODERATE
0.4936,0.277,2223.58,1097.64,311.91,1409.55,63.4,MODERATE
0.4859,0.277,2223.58,1080.54,316.65,1397.19,62.8,MODERATE
0.313,0.277,2223.58,696.04,423.17,1119.2,50.3,LOW
0.5163,0.277,2223.58,1147.99,297.96,1445.96,65.0,HIGH
0.5008,0.277,2223.58,1113.53,307.51,1421.04,63.9,MODERATE
0.4891,0.277,2223.58,1087.51,314.72,1402.23,63.1,MODERATE
0.5049,0.277,2223.58,1122.75,304.96,1427.71,64.2,MODERATE
0.533,0.277,2223.58,1185.09,287.69,1472.77,66.2,HIGH
0.4947,0.277,2223.58,1100.1,311.23,1411.34,63.5,MODERATE
0.5437,0.277,2223.58,1209.0,281.06,1490.06,67.0,HIGH
0.4865,0.277,2223.58,1081.74,316.32,1398.06,62.9,MODERATE
0.6037,0.277,2223.58,1342.48,244.09,1586.57,71.4,HIGH
0.3948,0.277,2223.58,877.9,372.79,1250.69,56.2,MODERATE
0.4675,0.277,2223.58,1039.54,328.01,1367.55,61.5,MODERATE
0.3042,0.277,2223.58,676.36,428.62,1104.98,49.7,LOW
0.5652,0.277,2223.58,1256.81,267.82,1524.63,68.6,HIGH
0.5261,0.277,2223.58,1169.82,291.92,1461.74,65.7,HIGH
0.416,0.277,2223.58,924.99,359.74,1284.73,57.8,MODERATE
0.2963,0.277,2223.58,658.83,433.47,1092.3,49.1,LOW
0.6888,0.277,2223.58,1531.57,191.7,1723.27,77.5,CRITICAL
0.5994,0.277,2223.58,1332.74,246.78,1579.53,71.0,HIGH
0.462,0.277,2223.58,1027.32,331.39,1358.71,61.1,MODERATE
0.3821,0.277,2223.58,849.7,380.6,1230.3,55.3,MODERATE
0.5729,0.277,2223.58,1273.97,263.07,1537.03,69.1,HIGH
0.4259,0.277,2223.58,947.04,353.63,1300.68,58.5,MODERATE
0.5726,0.277,2223.58,1273.32,263.25,1536.56,69.1,HIGH
0.6611,0.277,2223.58,1469.93,208.78,1678.71,75.5,CRITICAL
0.4568,0.277,2223.58,1015.79,334.59,1350.37,60.7,MODERATE
0.5832,0.277,2223.58,1296.76,256.75,1553.52,69.9,HIGH
0.557,0.277,2223.58,1238.47,272.9,1511.37,68.0,HIGH
0.3988,0.277,2223.58,886.69,370.35,1257.04,56.5,MODERATE
0.6111,0.277,2223.58,1358.76,239.58,1598.34,71.9,HIGH
0.4707,0.277,2223.58,1046.6,326.05,1372.65,61.7,MODERATE
0.5857,0.277,2223.58,1302.28,255.22,1557.5,70.0,HIGH
0.3898,0.277,2223.58,866.82,375.86,1242.67,55.9,MODERATE
0.4483,0.277,2223.58,996.9,339.82,1336.72,60.1,MODERATE
0.5196,0.277,2223.58,1155.36,295.92,1451.28,65.3,HIGH
0.4698,0.277,2223.58,1044.7,326.58,1371.28,61.7,MODERATE
0.2557,0.277,2223.58,568.59,458.47,1027.06,46.2,LOW
0.5922,0.277,2223.58,1316.89,251.17,1568.07,70.5,HIGH
0.4734,0.277,2223.58,1052.56,324.4,1376.96,61.9,MODERATE
0.4208,0.277,2223.58,935.63,356.79,1292.43,58.1,MODERATE
0.4036,0.277,2223.58,897.4,367.38,1264.78,56.9,MODERATE
0.541,0.277,2223.58,1203.03,282.72,1485.75,66.8,HIGH
0.472,0.277,2223.58,1049.46,325.26,1374.72,61.8,MODERATE
0.4703,0.277,2223.58,1045.84,326.26,1372.1,61.7,MODERATE
0.4947,0.277,2223.58,1099.94,311.28,1411.22,63.5,MODERATE
0.4515,0.277,2223.58,1004.03,337.84,1341.88,60.3,MODERATE
0.464,0.277,2223.58,1031.8,330.15,1361.95,61.3,MODERATE
0.4438,0.277,2223.58,986.84,342.61,1329.45,59.8,MODERATE
0.4588,0.277,2223.58,1020.1,333.39,1353.49,60.9,MODERATE
0.4812,0.277,2223.58,1070.09,319.54,1389.64,62.5,MODERATE
0.435,0.277,2223.58,967.24,348.04,1315.28,59.2,MODERATE
0.4481,0.277,2223.58,996.46,339.94,1336.4,60.1,MODERATE
0.5197,0.277,2223.58,1155.52,295.88,1451.4,65.3,HIGH
0.3971,0.277,2223.58,883.04,371.36,1254.4,56.4,MODERATE
0.5975,0.277,2223.58,1328.61,247.93,1576.54,70.9,HIGH
0.3986,0.277,2223.58,886.39,370.43,1256.82,56.5,MODERATE
0.3728,0.277,2223.58,828.94,386.35,1215.29,54.7,LOW
0.5586,0.277,2223.58,1242.02,271.92,1513.94,68.1,HIGH
0.5138,0.277,2223.58,1142.37,299.52,1441.9,64.8,MODERATE
0.457,0.277,2223.58,1016.12,334.5,1350.62,60.7,MODERATE
0.4964,0.277,2223.58,1103.89,310.18,1414.07,63.6,MODERATE
0.2071,0.277,2223.58,460.61,488.39,949.0,42.7,LOW
0.4103,0.277,2223.58,912.44,363.22,1275.66,57.4,MODERATE
0.6564,0.277,2223.58,1459.53,211.66,1671.19,75.2,CRITICAL
0.4319,0.277,2223.58,960.36,349.94,1310.31,58.9,MODERATE
0.1828,0.277,2223.58,406.57,503.36,909.92,40.9,LOW
0.6969,0.277,2223.58,1549.72,186.67,1736.4,78.1,CRITICAL
0.3672,0.277,2223.58,816.57,389.78,1206.35,54.3,LOW
0.612,0.277,2223.58,1360.76,239.02,1599.78,71.9,HIGH
0.4188,0.277,2223.58,931.21,358.02,1289.23,58.0,MODERATE
0.2936,0.277,2223.58,652.82,435.14,1087.96,48.9,LOW
0.5343,0.277,2223.58,1188.16,286.84,1474.99,66.3,HIGH
0.4237,0.277,2223.58,942.23,354.96,1297.2,58.3,MODERATE
0.4934,0.277,2223.58,1097.16,312.05,1409.2,63.4,MODERATE
0.5838,0.277,2223.58,1298.04,256.4,1554.44,69.9,HIGH
0.5483,0.277,2223.58,1219.14,278.25,1497.4,67.3,HIGH
0.4097,0.277,2223.58,911.03,363.61,1274.64,57.3,MODERATE
0.5208,0.277,2223.58,1158.15,295.15,1453.3,65.4,HIGH
0.4528,0.277,2223.58,1006.79,337.08,1343.87,60.4,MODERATE
0.4015,0.277,2223.58,892.75,368.67,1261.42,56.7,MODERATE
0.556,0.277,2223.58,1236.39,273.47,1509.87,67.9,HIGH
0.5251,0.277,2223.58,1167.65,292.52,1460.17,65.7,HIGH
0.4024,0.277,2223.58,894.69,368.14,1262.82,56.8,MODERATE
0.4719,0.277,2223.58,1049.27,325.31,1374.58,61.8,MODERATE
0.4563,0.277,2223.58,1014.6,334.92,1349.52,60.7,MODERATE
0.5563,0.277,2223.58,1236.96,273.32,1510.28,67.9,HIGH
0.5284,0.277,2223.58,1174.85,290.52,1465.37,65.9,HIGH
0.3829,0.277,2223.58,851.46,380.11,1231.57,55.4,MODERATE
0.442,0.277,2223.58,982.86,343.71,1326.57,59.7,MODERATE
0.6116,0.277,2223.58,1359.95,239.25,1599.2,71.9,HIGH
0.3672,0.277,2223.58,816.57,389.78,1206.35,54.3,LOW
0.3864,0.277,2223.58,859.26,377.95,1237.21,55.6,MODERATE
0.4101,0.277,2223.58,911.85,363.38,1275.23,57.4,MODERATE
0.4236,0.277,2223.58,941.99,355.03,1297.02,58.3,MODERATE
0.556,0.277,2223.58,1236.24,273.52,1509.75,67.9,HIGH
0.6458,0.277,2223.58,1435.99,218.18,1654.17,74.4,CRITICAL
0.5371,0.277,2223.58,1194.34,285.12,1479.46,66.5,HIGH
0.5462,0.277,2223.58,1214.5,279.54,1494.04,67.2,HIGH
0.4134,0.277,2223.58,919.2,361.35,1280.54,57.6,MODERATE
0.3244,0.277,2223.58,721.39,416.14,1137.53,51.2,LOW
0.5349,0.277,2223.58,1189.4,286.49,1475.89,66.4,HIGH
0.5313,0.277,2223.58,1181.48,288.69,1470.17,66.1,HIGH
0.2926,0.277,2223.58,650.53,435.77,1086.3,48.9,LOW
0.6004,0.277,2223.58,1335.09,246.13,1581.23,71.1,HIGH
0.4663,0.277,2223.58,1036.75,328.78,1365.53,61.4,MODERATE
0.5676,0.277,2223.58,1262.09,266.36,1528.44,68.7,HIGH
0.4789,0.277,2223.58,1064.95,320.97,1385.92,62.3,MODERATE
0.5103,0.277,2223.58,1134.8,301.62,1436.42,64.6,MODERATE
0.4458,0.277,2223.58,991.24,341.39,1332.63,59.9,MODERATE
0.4148,0.277,2223.58,922.31,360.48,1282.79,57.7,MODERATE
0.5375,0.277,2223.58,1195.17,284.89,1480.07,66.6,HIGH
0.6239,0.277,2223.58,1387.28,231.68,1618.95,72.8,CRITICAL
0.4671,0.277,2223.58,1038.64,328.26,1366.9,61.5,MODERATE
0.6694,0.277,2223.58,1488.46,203.65,1692.1,76.1,CRITICAL
0.4537,0.277,2223.58,1008.87,336.5,1345.37,60.5,MODERATE
0.4271,0.277,2223.58,949.78,352.87,1302.65,58.6,MODERATE
0.535,0.277,2223.58,1189.52,286.46,1475.98,66.4,HIGH
0.2346,0.277,2223.58,521.7,471.46,993.16,44.7,LOW
0.507,0.277,2223.58,1127.39,303.67,1431.06,64.4,MODERATE
0.5864,0.277,2223.58,1303.93,254.77,1558.7,70.1,HIGH
0.7386,0.277,2223.58,1642.37,161.01,1803.38,81.1,CRITICAL
0.5364,0.277,2223.58,1192.64,285.6,1478.24,66.5,HIGH
0.461,0.277,2223.58,1025.01,332.03,1357.05,61.0,MODERATE
0.4523,0.277,2223.58,1005.74,337.37,1343.11,60.4,MODERATE
0.4353,0.277,2223.58,967.96,347.84,1315.8,59.2,MODERATE
0.5862,0.277,2223.58,1303.51,254.88,1558.4,70.1,HIGH
0.474,0.277,2223.58,1054.02,324.0,1378.02,62.0,MODERATE
0.6456,0.277,2223.58,1435.58,218.29,1653.88,74.4,CRITICAL
0.4908,0.277,2223.58,1091.38,313.65,1405.03,63.2,MODERATE
0.5462,0.277,2223.58,1214.58,279.52,1494.1,67.2,HIGH
0.4755,0.277,2223.58,1057.35,323.07,1380.43,62.1,MODERATE
0.4221,0.277,2223.58,938.64,355.96,1294.6,58.2,MODERATE
0.535,0.277,2223.58,1189.53,286.46,1475.98,66.4,HIGH
0.2994,0.277,2223.58,665.71,431.57,1097.28,49.3,LOW
0.376,0.277,2223.58,836.17,384.35,1220.51,54.9,LOW
0.6031,0.277,2223.58,1341.0,244.5,1585.49,71.3,HIGH
0.6244,0.277,2223.58,1388.32,231.39,1619.71,72.8,CRITICAL
0.4319,0.277,2223.58,960.27,349.97,1310.24,58.9,MODERATE
0.6234,0.277,2223.58,1386.29,231.95,1618.24,72.8,CRITICAL
0.6766,0.277,2223.58,1504.54,199.19,1703.73,76.6,CRITICAL
0.6605,0.277,2223.58,1468.59,209.15,1677.74,75.5,CRITICAL
0.4453,0.277,2223.58,990.13,341.7,1331.83,59.9,MODERATE
0.48,0.277,2223.58,1067.32,320.31,1387.63,62.4,MODERATE
0.5918,0.277,2223.58,1315.92,251.45,1567.36,70.5,HIGH
0.5672,0.277,2223.58,1261.22,266.6,1527.82,68.7,HIGH
0.4746,0.277,2223.58,1055.29,323.64,1378.94,62.0,MODERATE
0.5539,0.277,2223.58,1231.54,274.82,1506.36,67.7,HIGH
0.5914,0.277,2223.58,1315.09,251.67,1566.77,70.5,HIGH
0.3479,0.277,2223.58,773.55,401.69,1175.25,52.9,LOW
0.3903,0.277,2223.58,867.91,375.55,1243.46,55.9,MODERATE
0.5695,0.277,2223.58,1266.39,265.16,1531.56,68.9,HIGH
0.4933,0.277,2223.58,1096.9,312.12,1409.02,63.4,MODERATE
0.4903,0.277,2223.58,1090.3,313.95,1404.24,63.2,MODERATE
0.3973,0.277,2223.58,883.35,371.28,1254.62,56.4,MODERATE
0.4728,0.277,2223.58,1051.36,324.73,1376.09,61.9,MODERATE
0.4879,0.277,2223.58,1084.99,315.42,1400.4,63.0,MODERATE
0.6379,0.277,2223.58,1418.49,223.03,1641.52,73.8,CRITICAL
0.4861,0.277,2223.58,1080.86,316.56,1397.42,62.8,MODERATE
0.5294,0.277,2223.58,1177.14,289.89,1467.03,66.0,HIGH
0.1899,0.277,2223.58,422.18,499.03,921.21,41.4,LOW
0.3702,0.277,2223.58,823.07,387.98,1211.05,54.5,LOW
0.5185,0.277,2223.58,1152.99,296.58,1449.57,65.2,HIGH
0.4758,0.277,2223.58,1057.95,322.91,1380.86,62.1,MODERATE
0.3882,0.277,2223.58,863.2,376.86,1240.06,55.8,MODERATE
0.3381,0.277,2223.58,751.71,407.74,1159.45,52.1,LOW
0.6023,0.277,2223.58,1339.22,244.99,1584.21,71.2,HIGH
0.6028,0.277,2223.58,1340.32,244.68,1585.01,71.3,HIGH
0.2578,0.277,2223.58,573.26,457.18,1030.44,46.3,LOW
0.615,0.277,2223.58,1367.53,237.15,1604.68,72.2,CRITICAL
0.4373,0.277,2223.58,972.39,346.61,1319.0,59.3,MODERATE
0.5172,0.277,2223.58,1150.11,297.38,1447.49,65.1,HIGH
0.6607,0.277,2223.58,1469.18,208.99,1678.17,75.5,CRITICAL
0.2898,0.277,2223.58,644.42,437.47,1081.88,48.7,LOW
0.385,0.277,2223.58,856.18,378.8,1234.99,55.5,MODERATE
0.3791,0.277,2223.58,843.07,382.44,1225.5,55.1,MODERATE
0.6785,0.277,2223.58,1508.63,198.06,1706.69,76.8,CRITICAL
0.5565,0.277,2223.58,1237.37,273.2,1510.57,67.9,HIGH
0.5555,0.277,2223.58,1235.16,273.82,1508.98,67.9,HIGH
0.6646,0.277,2223.58,1477.71,206.63,1684.33,75.7,CRITICAL
0.5404,0.277,2223.58,1201.63,283.11,1484.73,66.8,HIGH
0.4987,0.277,2223.58,1108.98,308.77,1417.75,63.8,MODERATE
0.4095,0.277,2223.58,910.47,363.76,1274.23,57.3,MODERATE
0.2783,0.277,2223.58,618.87,444.54,1063.41,47.8,LOW
0.674,0.277,2223.58,1498.72,200.8,1699.52,76.4,CRITICAL
0.585,0.277,2223.58,1300.7,255.66,1556.36,70.0,HIGH
0.4617,0.277,2223.58,1026.64,331.58,1358.22,61.1,MODERATE
0.3966,0.277,2223.58,881.95,371.67,1253.61,56.4,MODERATE
0.4761,0.277,2223.58,1058.64,322.72,1381.36,62.1,MODERATE
0.3134,0.277,2223.58,696.91,422.92,1119.84,50.4,LOW
0.3968,0.277,2223.58,882.22,371.59,1253.81,56.4,MODERATE
0.5252,0.277,2223.58,1167.76,292.49,1460.24,65.7,HIGH
0.406,0.277,2223.58,902.75,365.9,1268.65,57.1,MODERATE
0.5766,0.277,2223.58,1282.2,260.79,1542.99,69.4,HIGH
0.2593,0.277,2223.58,576.53,456.27,1032.81,46.4,LOW
0.5696,0.277,2223.58,1266.44,265.15,1531.59,68.9,HIGH
0.4237,0.277,2223.58,942.1,355.0,1297.1,58.3,MODERATE
0.5551,0.277,2223.58,1234.4,274.03,1508.43,67.8,HIGH
0.5423,0.277,2223.58,1205.94,281.91,1487.85,66.9,HIGH
0.4567,0.277,2223.58,1015.59,334.64,1350.23,60.7,MODERATE
0.7461,0.277,2223.58,1659.03,156.39,1815.43,81.6,CRITICAL
0.4191,0.277,2223.58,931.82,357.85,1289.67,58.0,MODERATE
0.4076,0.277,2223.58,906.39,364.9,1271.28,57.2,MODERATE
0.3979,0.277,2223.58,884.72,370.9,1255.62,56.5,MODERATE
0.5813,0.277,2223.58,1292.58,257.91,1550.49,69.7,HIGH
0.389,0.277,2223.58,864.9,376.39,1241.29,55.8,MODERATE
0.503,0.277,2223.58,1118.45,306.15,1424.6,64.1,MODERATE
0.4114,0.277,2223.58,914.85,362.55,1277.4,57.4,MODERATE
0.5589,0.277,2223.58,1242.68,271.73,1514.42,68.1,HIGH
0.4117,0.277,2223.58,915.53,362.36,1277.89,57.5,MODERATE
0.5661,0.277,2223.58,1258.69,267.3,1525.99,68.6,HIGH
0.5289,0.277,2223.58,1176.0,290.2,1466.21,65.9,HIGH
0.5228,0.277,2223.58,1162.58,293.92,1456.5,65.5,HIGH
0.5785,0.277,2223.58,1286.32,259.65,1545.96,69.5,HIGH
0.6299,0.277,2223.58,1400.56,228.0,1628.56,73.2,CRITICAL
0.669,0.277,2223.58,1487.57,203.89,1691.46,76.1,CRITICAL
0.4071,0.277,2223.58,905.31,365.19,1270.5,57.1,MODERATE
0.3204,0.277,2223.58,712.39,418.64,1131.03,50.9,LOW
0.4154,0.277,2223.58,923.75,360.09,1283.83,57.7,MODERATE
0.4795,0.277,2223.58,1066.15,320.64,1386.79,62.4,MODERATE
0.6264,0.277,2223.58,1392.81,230.14,1622.95,73.0,CRITICAL
0.5779,0.277,2223.58,1285.03,260.0,1545.03,69.5,HIGH
0.471,0.277,2223.58,1047.39,325.83,1373.22,61.8,MODERATE
0.4035,0.277,2223.58,897.18,367.45,1264.62,56.9,MODERATE
0.5689,0.277,2223.58,1264.88,265.58,1530.47,68.8,HIGH
0.42,0.277,2223.58,933.95,357.26,1291.21,58.1,MODERATE
0.5512,0.277,2223.58,1225.67,276.45,1502.11,67.6,HIGH
0.537,0.277,2223.58,1194.17,285.17,1479.34,66.5,HIGH
0.6231,0.277,2223.58,1385.42,232.19,1617.61,72.7,CRITICAL
0.4897,0.277,2223.58,1088.89,314.34,1403.23,63.1,MODERATE
0.5072,0.277,2223.58,1127.76,303.57,1431.33,64.4,MODERATE
0.6926,0.277,2223.58,1540.08,189.35,1729.43,77.8,CRITICAL
0.4897,0.277,2223.58,1088.83,314.35,1403.18,63.1,MODERATE
0.5295,0.277,2223.58,1177.49,289.79,1467.28,66.0,HIGH
0.6371,0.277,2223.58,1416.59,223.56,1640.14,73.8,CRITICAL
0.496,0.277,2223.58,1102.94,310.45,1413.38,63.6,MODERATE
0.4707,0.277,2223.58,1046.66,326.04,1372.7,61.7,MODERATE
0.471,0.277,2223.58,1047.36,325.84,1373.2,61.8,MODERATE
0.5969,0.277,2223.58,1327.15,248.33,1575.48,70.9,HIGH
0.4755,0.277,2223.58,1057.29,323.09,1380.38,62.1,MODERATE
0.5944,0.277,2223.58,1321.67,249.85,1571.52,70.7,HIGH
0.5351,0.277,2223.58,1189.83,286.37,1476.2,66.4,HIGH
0.6306,0.277,2223.58,1402.23,227.53,1629.76,73.3,CRITICAL
0.5612,0.277,2223.58,1247.95,270.27,1518.22,68.3,HIGH
0.4327,0.277,2223.58,962.15,349.45,1311.6,59.0,MODERATE
0.5435,0.277,2223.58,1208.5,281.2,1489.7,67.0,HIGH
0.6106,0.277,2223.58,1357.63,239.89,1597.52,71.8,HIGH
0.5546,0.277,2223.58,1233.25,274.35,1507.59,67.8,HIGH
0.3708,0.277,2223.58,824.42,387.6,1212.02,54.5,LOW
0.6071,0.277,2223.58,1350.01,242.0,1592.01,71.6,HIGH
0.4122,0.277,2223.58,916.64,362.05,1278.7,57.5,MODERATE
0.4503,0.277,2223.58,1001.24,338.62,1339.86,60.3,MODERATE
0.479,0.277,2223.58,1065.07,320.94,1386.01,62.3,MODERATE
0.2498,0.277,2223.58,555.38,462.13,1017.51,45.8,LOW
0.4575,0.277,2223.58,1017.2,334.2,1351.4,60.8,MODERATE
0.4756,0.277,2223.58,1057.6,323.0,1380.61,62.1,MODERATE
0.501,0.277,2223.58,1113.91,307.41,1421.31,63.9,MODERATE
0.3486,0.277,2223.58,775.22,401.23,1176.45,52.9,LOW
0.5279,0.277,2223.58,1173.9,290.79,1464.68,65.9,HIGH
0.56,0.277,2223.58,1245.25,271.02,1516.27,68.2,HIGH
0.4829,0.277,2223.58,1073.72,318.54,1392.26,62.6,MODERATE
0.3964,0.277,2223.58,881.53,371.78,1253.31,56.4,MODERATE
0.3418,0.277,2223.58,759.97,405.45,1165.43,52.4,LOW
0.1886,0.277,2223.58,419.48,499.78,919.26,41.3,LOW
0.3415,0.277,2223.58,759.46,405.6,1165.06,52.4,LOW
0.6133,0.277,2223.58,1363.67,238.21,1601.89,72.0,CRITICAL
0.6993,0.277,2223.58,1554.96,185.22,1740.19,78.3,CRITICAL
0.3741,0.277,2223.58,831.88,385.53,1217.42,54.8,LOW
0.4376,0.277,2223.58,973.06,346.43,1319.48,59.3,MODERATE
0.5242,0.277,2223.58,1165.7,293.06,1458.76,65.6,HIGH
0.3793,0.277,2223.58,843.46,382.33,1225.79,55.1,MODERATE
0.4748,0.277,2223.58,1055.84,323.49,1379.33,62.0,MODERATE
0.319,0.277,2223.58,709.23,419.51,1128.74,50.8,LOW
0.4184,0.277,2223.58,930.42,358.24,1288.66,58.0,MODERATE
0.4772,0.277,2223.58,1061.18,322.01,1383.2,62.2,MODERATE
0.524,0.277,2223.58,1165.06,293.24,1458.3,65.6,HIGH
0.4005,0.277,2223.58,890.6,369.27,1259.87,56.7,MODERATE
0.326,0.277,2223.58,724.89,415.18,1140.06,51.3,LOW
0.3695,0.277,2223.58,821.58,388.39,1209.97,54.4,LOW
0.4959,0.277,2223.58,1102.78,310.49,1413.27,63.6,MODERATE
0.6799,0.277,2223.58,1511.83,197.17,1709.0,76.9,CRITICAL
0.4341,0.277,2223.58,965.18,348.61,1313.79,59.1,MODERATE
0.5521,0.277,2223.58,1227.62,275.9,1503.53,67.6,HIGH
0.3119,0.277,2223.58,693.58,423.85,1117.43,50.3,LOW
0.4106,0.277,2223.58,913.02,363.06,1276.08,57.4,MODERATE
0.6283,0.277,2223.58,1397.14,228.94,1626.08,73.1,CRITICAL
0.5513,0.277,2223.58,1225.94,276.37,1502.31,67.6,HIGH
0.58,0.277,2223.58,1289.64,258.72,1548.36,69.6,HIGH
0.541,0.277,2223.58,1203.0,282.73,1485.73,66.8,HIGH
0.5428,0.277,2223.58,1207.0,281.62,1488.62,66.9,HIGH
0.5051,0.277,2223.58,1123.03,304.88,1427.91,64.2,MODERATE
0.4403,0.277,2223.58,978.99,344.78,1323.77,59.5,MODERATE
0.4748,0.277,2223.58,1055.65,323.54,1379.2,62.0,MODERATE
0.5895,0.277,2223.58,1310.72,252.88,1563.6,70.3,HIGH
0.6148,0.277,2223.58,1366.98,237.3,1604.28,72.1,CRITICAL
0.4323,0.277,2223.58,961.17,349.72,1310.88,59.0,MODERATE
0.673,0.277,2223.58,1496.39,201.45,1697.84,76.4,CRITICAL
0.421,0.277,2223.58,936.07,356.67,1292.74,58.1,MODERATE
0.4672,0.277,2223.58,1038.87,328.19,1367.06,61.5,MODERATE
0.4187,0.277,2223.58,931.12,358.04,1289.16,58.0,MODERATE
0.5896,0.277,2223.58,1311.08,252.79,1563.86,70.3,HIGH
0.555,0.277,2223.58,1234.15,274.1,1508.25,67.8,HIGH
0.4543,0.277,2223.58,1010.09,336.17,1346.26,60.5,MODERATE
0.5534,0.277,2223.58,1230.58,275.08,1505.67,67.7,HIGH
0.413,0.277,2223.58,918.3,361.6,1279.89,57.6,MODERATE
0.6636,0.277,2223.58,1475.54,207.23,1682.76,75.7,CRITICAL
0.2028,0.277,2223.58,450.89,491.08,941.97,42.4,LOW
0.4745,0.277,2223.58,1055.06,323.71,1378.77,62.0,MODERATE
0.3024,0.277,2223.58,672.51,429.68,1102.19,49.6,LOW
0.4944,0.277,2223.58,1099.42,311.42,1410.84,63.4,MODERATE
0.5895,0.277,2223.58,1310.9,252.83,1563.74,70.3,HIGH
0.4957,0.277,2223.58,1102.25,310.64,1412.89,63.5,MODERATE
0.4656,0.277,2223.58,1035.31,329.18,1364.49,61.4,MODERATE
0.4154,0.277,2223.58,923.58,360.13,1283.71,57.7,MODERATE
0.5669,0.277,2223.58,1260.59,266.77,1527.36,68.7,HIGH
0.4829,0.277,2223.58,1073.83,318.51,1392.34,62.6,MODERATE
0.6205,0.277,2223.58,1379.74,233.76,1613.5,72.6,CRITICAL
0.5331,0.277,2223.58,1185.33,287.62,1472.95,66.2,HIGH
0.5395,0.277,2223.58,1199.68,283.65,1483.32,66.7,HIGH
0.4158,0.277,2223.58,924.67,359.83,1284.5,57.8,MODERATE
0.4621,0.277,2223.58,1027.49,331.35,1358.83,61.1,MODERATE
0.6496,0.277,2223.58,1444.43,215.84,1660.28,74.7,CRITICAL
0.6109,0.277,2223.58,1358.45,239.66,1598.11,71.9,HIGH
0.4916,0.277,2223.58,1093.05,313.18,1406.23,63.2,MODERATE
0.4656,0.277,2223.58,1035.31,329.18,1364.49,61.4,MODERATE
0.4701,0.277,2223.58,1045.39,326.39,1371.78,61.7,MODERATE
0.3303,0.277,2223.58,734.44,412.53,1146.97,51.6,LOW
0.3924,0.277,2223.58,872.53,374.28,1246.8,56.1,MODERATE
0.2009,0.277,2223.58,446.69,492.24,938.93,42.2,LOW
0.4745,0.277,2223.58,1054.99,323.73,1378.72,62.0,MODERATE
0.4224,0.277,2223.58,939.18,355.81,1294.99,58.2,MODERATE
0.43,0.277,2223.58,956.04,351.14,1307.18,58.8,MODERATE
0.281,0.277,2223.58,624.85,442.89,1067.74,48.0,LOW
0.4799,0.277,2223.58,1067.05,320.39,1387.44,62.4,MODERATE
0.5072,0.277,2223.58,1127.89,303.53,1431.42,64.4,MODERATE
0.4445,0.277,2223.58,988.27,342.21,1330.48,59.8,MODERATE
0.4758,0.277,2223.58,1058.0,322.89,1380.89,62.1,MODERATE
0.4932,0.277,2223.58,1096.62,312.19,1408.82,63.4,MODERATE
0.5975,0.277,2223.58,1328.5,247.96,1576.46,70.9,HIGH
0.4289,0.277,2223.58,953.67,351.79,1305.47,58.7,MODERATE
0.4549,0.277,2223.58,1011.52,335.77,1347.29,60.6,MODERATE
0.4301,0.277,2223.58,956.43,351.03,1307.46,58.8,MODERATE
0.557,0.277,2223.58,1238.44,272.91,1511.35,68.0,HIGH
0.5722,0.277,2223.58,1272.39,263.5,1535.9,69.1,HIGH
0.5449,0.277,2223.58,1211.67,280.32,1492.0,67.1,HIGH
0.4842,0.277,2223.58,1076.75,317.7,1394.45,62.7,MODERATE
0.5892,0.277,2223.58,1310.13,253.05,1563.18,70.3,HIGH
0.4214,0.277,2223.58,937.01,356.41,1293.42,58.2,MODERATE
0.3987,0.277,2223.58,886.65,370.36,1257.01,56.5,MODERATE
0.5293,0.277,2223.58,1177.02,289.92,1466.94,66.0,HIGH
0.451,0.277,2223.58,1002.85,338.17,1341.02,60.3,MODERATE
0.5064,0.277,2223.58,1126.02,304.05,1430.07,64.3,MODERATE
0.6287,0.277,2223.58,1397.86,228.75,1626.6,73.2,CRITICAL
0.6003,0.277,2223.58,1334.73,246.23,1580.96,71.1,HIGH
0.6924,0.277,2223.58,1539.68,189.46,1729.13,77.8,CRITICAL
0.4788,0.277,2223.58,1064.61,321.06,1385.67,62.3,MODERATE
0.5311,0.277,2223.58,1180.98,288.82,1469.81,66.1,HIGH
0.4121,0.277,2223.58,916.4,362.12,1278.52,57.5,MODERATE
0.5085,0.277,2223.58,1130.64,302.77,1433.41,64.5,MODERATE
0.7255,0.277,2223.58,1613.26,169.07,1782.34,80.2,CRITICAL
0.476,0.277,2223.58,1058.34,322.8,1381.14,62.1,MODERATE
0.3928,0.277,2223.58,873.49,374.01,1247.5,56.1,MODERATE
0.2829,0.277,2223.58,628.95,441.75,1070.7,48.2,LOW
0.3725,0.277,2223.58,828.26,386.54,1214.8,54.6,LOW
0.3723,0.277,2223.58,827.76,386.68,1214.43,54.6,LOW
0.5547,0.277,2223.58,1233.35,274.32,1507.67,67.8,HIGH
0.5851,0.277,2223.58,1300.99,255.58,1556.57,70.0,HIGH
0.6267,0.277,2223.58,1393.42,229.97,1623.4,73.0,CRITICAL
0.5211,0.277,2223.58,1158.75,294.98,1453.73,65.4,HIGH
0.4674,0.277,2223.58,1039.27,328.08,1367.35,61.5,MODERATE
0.5754,0.277,2223.58,1279.35,261.58,1540.92,69.3,HIGH
0.5531,0.277,2223.58,1229.87,275.28,1505.15,67.7,HIGH
0.5777,0.277,2223.58,1284.54,260.14,1544.67,69.5,HIGH
0.5598,0.277,2223.58,1244.68,271.18,1515.86,68.2,HIGH
0.6428,0.277,2223.58,1429.32,220.03,1649.35,74.2,CRITICAL
0.6012,0.277,2223.58,1336.87,245.64,1582.51,71.2,HIGH
0.5027,0.277,2223.58,1117.87,306.31,1424.18,64.0,MODERATE
0.4889,0.277,2223.58,1087.12,314.83,1401.95,63.0,MODERATE
0.5874,0.277,2223.58,1306.03,254.18,1560.22,70.2,HIGH
0.4137,0.277,2223.58,919.94,361.14,1281.08,57.6,MODERATE
0.3306,0.277,2223.58,735.09,412.35,1147.44,51.6,LOW
0.6601,0.277,2223.58,1467.75,209.38,1677.13,75.4,CRITICAL
0.2681,0.277,2223.58,596.19,450.83,1047.02,47.1,LOW
0.3904,0.277,2223.58,868.12,375.5,1243.62,55.9,MODERATE
0.6074,0.277,2223.58,1350.67,241.82,1592.49,71.6,HIGH
0.5837,0.277,2223.58,1297.82,256.46,1554.28,69.9,HIGH
0.4641,0.277,2223.58,1031.88,330.13,1362.01,61.3,MODERATE
0.472,0.277,2223.58,1049.54,325.24,1374.78,61.8,MODERATE
0.3729,0.277,2223.58,829.26,386.26,1215.52,54.7,LOW
0.3329,0.277,2223.58,740.3,410.9,1151.21,51.8,LOW
0.5183,0.277,2223.58,1152.5,296.72,1449.22,65.2,HIGH
0.4893,0.277,2223.58,1088.04,314.57,1402.61,63.1,MODERATE
0.4139,0.277,2223.58,920.26,361.05,1281.31,57.6,MODERATE
0.5297,0.277,2223.58,1177.76,289.72,1467.48,66.0,HIGH
0.45,0.277,2223.58,1000.52,338.82,1339.34,60.2,MODERATE
0.1549,0.277,2223.58,344.49,520.55,865.05,38.9,LOW
0.5298,0.277,2223.58,1178.09,289.63,1467.72,66.0,HIGH
0.5425,0.277,2223.58,1206.24,281.83,1488.07,66.9,HIGH
0.3584,0.277,2223.58,797.0,395.2,1192.2,53.6,LOW
0.429,0.277,2223.58,953.97,351.71,1305.68,58.7,MODERATE
0.1677,0.277,2223.58,372.83,512.7,885.53,39.8,LOW
0.2916,0.277,2223.58,648.43,436.36,1084.78,48.8,LOW
0.4873,0.277,2223.58,1083.53,315.82,1399.35,62.9,MODERATE
0.5538,0.277,2223.58,1231.35,274.87,1506.22,67.7,HIGH
0.5049,0.277,2223.58,1122.67,304.98,1427.65,64.2,MODERATE
0.5141,0.277,2223.58,1143.19,299.3,1442.48,64.9,MODERATE
0.5941,0.277,2223.58,1321.13,250.0,1571.13,70.7,HIGH
0.5581,0.277,2223.58,1241.09,272.17,1513.26,68.1,HIGH
0.2996,0.277,2223.58,666.28,431.41,1097.69,49.4,LOW
0.3877,0.277,2223.58,862.09,377.17,1239.26,55.7,MODERATE
0.6105,0.277,2223.58,1357.6,239.9,1597.5,71.8,HIGH
0.5128,0.277,2223.58,1140.19,300.12,1440.32,64.8,MODERATE
0.3016,0.277,2223.58,670.64,430.2,1100.84,49.5,LOW
0.5078,0.277,2223.58,1129.24,303.16,1432.4,64.4,MODERATE
0.3289,0.277,2223.58,731.28,413.4,1144.68,51.5,LOW
0.6278,0.277,2223.58,1395.89,229.29,1625.18,73.1,CRITICAL
0.2584,0.277,2223.58,574.64,456.8,1031.43,46.4,LOW
0.3833,0.277,2223.58,852.36,379.86,1232.22,55.4,MODERATE
0.3892,0.277,2223.58,865.33,376.27,1241.6,55.8,MODERATE
0.4854,0.277,2223.58,1079.22,317.02,1396.23,62.8,MODERATE
0.5191,0.277,2223.58,1154.25,296.23,1450.48,65.2,HIGH
0.4124,0.277,2223.58,916.94,361.97,1278.91,57.5,MODERATE
0.5726,0.277,2223.58,1273.18,263.28,1536.46,69.1,HIGH
0.6126,0.277,2223.58,1362.14,238.64,1600.78,72.0,HIGH
0.68,0.277,2223.58,1512.14,197.09,1709.23,76.9,CRITICAL
0.4954,0.277,2223.58,1101.56,310.83,1412.38,63.5,MODERATE
0.5836,0.277,2223.58,1297.75,256.48,1554.22,69.9,HIGH
0.5976,0.277,2223.58,1328.77,247.88,1576.66,70.9,HIGH
0.5366,0.277,2223.58,1193.28,285.42,1478.7,66.5,HIGH
0.3456,0.277,2223.58,768.48,403.1,1171.58,52.7,LOW
0.4873,0.277,2223.58,1083.53,315.82,1399.35,62.9,MODERATE
0.3591,0.277,2223.58,798.44,394.8,1193.24,53.7,LOW
0.4699,0.277,2223.58,1044.94,326.51,1371.45,61.7,MODERATE
0.3766,0.277,2223.58,837.31,384.03,1221.34,54.9,LOW
0.519,0.277,2223.58,1154.02,296.29,1450.31,65.2,HIGH
0.5985,0.277,2223.58,1330.89,247.3,1578.19,71.0,HIGH
0.5426,0.277,2223.58,1206.5,281.76,1488.26,66.9,HIGH
0.4344,0.277,2223.58,966.0,348.38,1314.38,59.1,MODERATE
0.5648,0.277,2223.58,1255.97,268.05,1524.02,68.5,HIGH
0.5259,0.277,2223.58,1169.41,292.03,1461.44,65.7,HIGH
0.4484,0.277,2223.58,996.96,339.8,1336.77,60.1,MODERATE
0.6678,0.277,2223.58,1484.85,204.65,1689.5,76.0,CRITICAL
0.5503,0.277,2223.58,1223.55,277.03,1500.59,67.5,HIGH
0.6144,0.277,2223.58,1366.24,237.5,1603.75,72.1,CRITICAL
0.3402,0.277,2223.58,756.57,406.4,1162.97,52.3,LOW
0.4528,0.277,2223.58,1006.93,337.04,1343.97,60.4,MODERATE
0.6404,0.277,2223.58,1423.96,221.51,1645.48,74.0,CRITICAL
0.529,0.277,2223.58,1176.17,290.16,1466.33,65.9,HIGH
0.4092,0.277,2223.58,909.87,363.93,1273.8,57.3,MODERATE
0.6004,0.277,2223.58,1335.1,246.13,1581.23,71.1,HIGH
0.5459,0.277,2223.58,1213.84,279.72,1493.56,67.2,HIGH
0.355,0.277,2223.58,789.39,397.3,1186.7,53.4,LOW
0.5268,0.277,2223.58,1171.37,291.49,1462.86,65.8,HIGH
0.519,0.277,2223.58,1154.01,296.3,1450.31,65.2,HIGH
0.533,0.277,2223.58,1185.09,287.69,1472.78,66.2,HIGH
0.4235,0.277,2223.58,941.58,355.14,1296.73,58.3,MODERATE
0.2883,0.277,2223.58,641.08,438.39,1079.47,48.5,LOW
0.3715,0.277,2223.58,826.01,387.16,1213.17,54.6,LOW
0.4462,0.277,2223.58,992.16,341.13,1333.29,60.0,MODERATE
0.5707,0.277,2223.58,1268.91,264.47,1533.38,69.0,HIGH
0.575,0.277,2223.58,1278.58,261.79,1540.37,69.3,HIGH
0.5727,0.277,2223.58,1273.47,263.2,1536.68,69.1,HIGH
0.544,0.277,2223.58,1209.58,280.9,1490.48,67.0,HIGH
0.4985,0.277,2223.58,1108.43,308.92,1417.35,63.7,MODERATE
0.583,0.277,2223.58,1296.35,256.86,1553.22,69.9,HIGH
0.5746,0.277,2223.58,1277.69,262.04,1539.72,69.2,HIGH
0.7065,0.277,2223.58,1570.87,180.82,1751.68,78.8,CRITICAL
0.5451,0.277,2223.58,1212.13,280.2,1492.33,67.1,HIGH
0.497,0.277,2223.58,1105.15,309.83,1414.98,63.6,MODERATE
0.408,0.277,2223.58,907.33,364.63,1271.96,57.2,MODERATE
0.4827,0.277,2223.58,1073.26,318.67,1391.93,62.6,MODERATE
0.4071,0.277,2223.58,905.29,365.2,1270.49,57.1,MODERATE
0.5314,0.277,2223.58,1181.69,288.63,1470.32,66.1,HIGH
0.3901,0.277,2223.58,867.37,375.7,1243.08,55.9,MODERATE
0.6131,0.277,2223.58,1363.35,238.3,1601.65,72.0,CRITICAL
0.5813,0.277,2223.58,1292.59,257.91,1550.5,69.7,HIGH
0.4189,0.277,2223.58,931.45,357.95,1289.4,58.0,MODERATE
0.4773,0.277,2223.58,1061.22,322.0,1383.22,62.2,MODERATE
0.3805,0.277,2223.58,845.99,381.63,1227.62,55.2,MODERATE
0.4911,0.277,2223.58,1092.01,313.47,1405.49,63.2,MODERATE
0.4346,0.277,2223.58,966.3,348.3,1314.6,59.1,MODERATE
0.4452,0.277,2223.58,990.02,341.73,1331.75,59.9,MODERATE
0.567,0.277,2223.58,1260.67,266.75,1527.42,68.7,HIGH
0.3911,0.277,2223.58,869.61,375.08,1244.69,56.0,MODERATE
0.6841,0.277,2223.58,1521.18,194.58,1715.76,77.2,CRITICAL
0.5889,0.277,2223.58,1309.51,253.22,1562.73,70.3,HIGH
0.6395,0.277,2223.58,1422.08,222.04,1644.11,73.9,CRITICAL
0.5296,0.277,2223.58,1177.53,289.78,1467.31,66.0,HIGH
0.5094,0.277,2223.58,1132.69,302.2,1434.9,64.5,MODERATE
0.532,0.277,2223.58,1182.87,288.3,1471.17,66.2,HIGH
0.4086,0.277,2223.58,908.45,364.32,1272.78,57.2,MODERATE
0.3909,0.277,2223.58,869.23,375.19,1244.42,56.0,MODERATE
0.5703,0.277,2223.58,1268.12,264.69,1532.8,68.9,HIGH
0.6538,0.277,2223.58,1453.82,213.24,1667.06,75.0,CRITICAL
0.4685,0.277,2223.58,1041.82,327.38,1369.19,61.6,MODERATE
0.4755,0.277,2223.58,1057.25,323.1,1380.35,62.1,MODERATE
0.5236,0.277,2223.58,1164.35,293.43,1457.78,65.6,HIGH
0.4646,0.277,2223.58,1033.14,329.78,1362.92,61.3,MODERATE
0.6353,0.277,2223.58,1412.57,224.67,1637.24,73.6,CRITICAL
0.2819,0.277,2223.58,626.78,442.35,1069.13,48.1,LOW
0.5143,0.277,2223.58,1143.68,299.16,1442.84,64.9,MODERATE
0.6511,0.277,2223.58,1447.75,214.92,1662.67,74.8,CRITICAL
0.6273,0.277,2223.58,1394.75,229.61,1624.35,73.1,CRITICAL
0.4199,0.277,2223.58,933.68,357.33,1291.02,58.1,MODERATE
0.5164,0.277,2223.58,1148.28,297.88,1446.16,65.0,HIGH
0.4585,0.277,2223.58,1019.6,333.53,1353.13,60.9,MODERATE
0.6101,0.277,2223.58,1356.57,240.18,1596.75,71.8,HIGH
0.3802,0.277,2223.58,845.47,381.77,1227.24,55.2,MODERATE
0.5521,0.277,2223.58,1227.67,275.89,1503.56,67.6,HIGH
0.6513,0.277,2223.58,1448.27,214.78,1663.05,74.8,CRITICAL
0.5354,0.277,2223.58,1190.56,286.17,1476.73,66.4,HIGH
0.4582,0.277,2223.58,1018.76,333.77,1352.52,60.8,MODERATE
0.4494,0.277,2223.58,999.29,339.16,1338.45,60.2,MODERATE
0.5257,0.277,2223.58,1168.98,292.15,1461.13,65.7,HIGH
0.5087,0.277,2223.58,1131.13,302.64,1433.76,64.5,MODERATE
0.5623,0.277,2223.58,1250.37,269.6,1519.97,68.4,HIGH
0.5122,0.277,2223.58,1138.92,300.48,1439.4,64.7,MODERATE
0.2134,0.277,2223.58,474.6,484.51,959.11,43.1,LOW
0.4015,0.277,2223.58,892.85,368.64,1261.5,56.7,MODERATE
0.5798,0.277,2223.58,1289.34,258.81,1548.15,69.6,HIGH
0.431,0.277,2223.58,958.27,350.52,1308.79,58.9,MODERATE
0.6783,0.277,2223.58,1508.18,198.18,1706.36,76.7,CRITICAL
0.5586,0.277,2223.58,1242.17,271.87,1514.05,68.1,HIGH
0.5183,0.277,2223.58,1152.44,296.73,1449.17,65.2,HIGH
0.6177,0.277,2223.58,1373.58,235.47,1609.05,72.4,CRITICAL
0.6238,0.277,2223.58,1386.96,231.76,1618.73,72.8,CRITICAL
0.5712,0.277,2223.58,1270.0,264.16,1534.17,69.0,HIGH
0.6019,0.277,2223.58,1338.41,245.21,1583.62,71.2,HIGH
0.454,0.277,2223.58,1009.58,336.31,1345.89,60.5,MODERATE
0.3158,0.277,2223.58,702.22,421.46,1123.67,50.5,LOW
0.6058,0.277,2223.58,1347.03,242.83,1589.86,71.5,HIGH
0.7414,0.277,2223.58,1648.48,159.32,1807.8,81.3,CRITICAL
0.4781,0.277,2223.58,1063.18,321.46,1384.64,62.3,MODERATE
0.2111,0.277,2223.58,469.34,485.97,955.31,43.0,LOW
0.5445,0.277,2223.58,1210.64,280.61,1491.25,67.1,HIGH
0.6086,0.277,2223.58,1353.18,241.12,1594.3,71.7,HIGH
0.2761,0.277,2223.58,614.0,445.89,1059.89,47.7,LOW
0.5636,0.277,2223.58,1253.11,268.84,1521.95,68.4,HIGH
0.6224,0.277,2223.58,1384.05,232.57,1616.62,72.7,CRITICAL
0.5435,0.277,2223.58,1208.45,281.22,1489.67,67.0,HIGH
0.4244,0.277,2223.58,943.59,354.59,1298.18,58.4,MODERATE
0.5809,0.277,2223.58,1291.66,258.16,1549.83,69.7,HIGH
0.2978,0.277,2223.58,662.26,432.52,1094.78,49.2,LOW
0.4014,0.277,2223.58,892.46,368.75,1261.21,56.7,MODERATE
0.5794,0.277,2223.58,1288.36,259.08,1547.44,69.6,HIGH
0.6551,0.277,2223.58,1456.68,212.45,1669.13,75.1,CRITICAL
0.5514,0.277,2223.58,1226.17,276.31,1502.48,67.6,HIGH
0.6312,0.277,2223.58,1403.43,227.2,1630.63,73.3,CRITICAL
0.6538,0.277,2223.58,1453.81,213.25,1667.05,75.0,CRITICAL
0.4632,0.277,2223.58,1029.87,330.69,1360.56,61.2,MODERATE
0.5958,0.277,2223.58,1324.76,248.99,1573.76,70.8,HIGH
0.6201,0.277,2223.58,1378.81,234.02,1612.83,72.5,CRITICAL
0.3849,0.277,2223.58,855.9,378.88,1234.78,55.5,MODERATE
0.5042,0.277,2223.58,1121.16,305.4,1426.56,64.2,MODERATE
0.4298,0.277,2223.58,955.78,351.21,1306.99,58.8,MODERATE
0.6106,0.277,2223.58,1357.71,239.87,1597.58,71.8,HIGH
0.4183,0.277,2223.58,930.08,358.33,1288.41,57.9,MODERATE
0.3909,0.277,2223.58,869.19,375.2,1244.39,56.0,MODERATE
0.4177,0.277,2223.58,928.88,358.66,1287.54,57.9,MODERATE
0.5709,0.277,2223.58,1269.33,264.35,1533.68,69.0,HIGH
0.5581,0.277,2223.58,1240.93,272.22,1513.15,68.1,HIGH
0.4785,0.277,2223.58,1064.03,321.22,1385.25,62.3,MODERATE
0.7018,0.277,2223.58,1560.43,183.71,1744.14,78.4,CRITICAL
0.6123,0.277,2223.58,1361.41,238.84,1600.25,72.0,HIGH
0.585,0.277,2223.58,1300.78,255.64,1556.42,70.0,HIGH
0.4787,0.277,2223.58,1064.42,321.11,1385.54,62.3,MODERATE
0.4426,0.277,2223.58,984.24,343.33,1327.57,59.7,MODERATE
0.4312,0.277,2223.58,958.83,350.37,1309.2,58.9,MODERATE
0.4089,0.277,2223.58,909.14,364.13,1273.27,57.3,MODERATE
0.5018,0.277,2223.58,1115.81,306.88,1422.69,64.0,MODERATE
0.5334,0.277,2223.58,1186.17,287.39,1473.55,66.3,HIGH
0.6748,0.277,2223.58,1500.56,200.29,1700.86,76.5,CRITICAL
0.5147,0.277,2223.58,1144.39,298.96,1443.35,64.9,MODERATE
0.5681,0.277,2223.58,1263.3,266.02,1529.32,68.8,HIGH
0.6659,0.277,2223.58,1480.77,205.78,1686.55,75.8,CRITICAL
0.4145,0.277,2223.58,921.7,360.65,1282.35,57.7,MODERATE
0.572,0.277,2223.58,1271.88,263.64,1535.53,69.1,HIGH
0.3553,0.277,2223.58,790.03,397.13,1187.16,53.4,LOW
0.6085,0.277,2223.58,1353.01,241.17,1594.18,71.7,HIGH
0.3825,0.277,2223.58,850.45,380.39,1230.84,55.4,MODERATE
0.2786,0.277,2223.58,619.48,444.37,1063.86,47.8,LOW
0.4415,0.277,2223.58,981.63,344.05,1325.68,59.6,MODERATE
0.5753,0.277,2223.58,1279.32,261.58,1540.91,69.3,HIGH
0.507,0.277,2223.58,1127.39,303.67,1431.06,64.4,MODERATE
0.432,0.277,2223.58,960.61,349.87,1310.48,58.9,MODERATE
0.4442,0.277,2223.58,987.72,342.36,1330.08,59.8,MODERATE
0.4658,0.277,2223.58,1035.8,329.04,1364.85,61.4,MODERATE
0.5228,0.277,2223.58,1162.41,293.97,1456.38,65.5,HIGH
0.6277,0.277,2223.58,1395.79,229.32,1625.11,73.1,CRITICAL
0.563,0.277,2223.58,1251.96,269.16,1521.12,68.4,HIGH
0.4249,0.277,2223.58,944.83,354.25,1299.07,58.4,MODERATE
0.5252,0.277,2223.58,1167.88,292.46,1460.33,65.7,HIGH
0.3927,0.277,2223.58,873.29,374.06,1247.35,56.1,MODERATE
0.6191,0.277,2223.58,1376.58,234.64,1611.22,72.5,CRITICAL
0.5194,0.277,2223.58,1154.88,296.06,1450.94,65.3,HIGH
0.4268,0.277,2223.58,948.98,353.1,1302.08,58.6,MODERATE
0.565,0.277,2223.58,1256.27,267.97,1524.24,68.5,HIGH
0.633,0.277,2223.58,1407.52,226.07,1633.59,73.5,CRITICAL
0.5514,0.277,2223.58,1225.98,276.36,1502.34,67.6,HIGH
0.4407,0.277,2223.58,979.89,344.53,1324.42,59.6,MODERATE
0.4233,0.277,2223.58,941.18,355.26,1296.44,58.3,MODERATE
0.3935,0.277,2223.58,874.99,373.59,1248.58,56.2,MODERATE
0.577,0.277,2223.58,1282.93,260.58,1543.51,69.4,HIGH
0.7405,0.277,2223.58,1646.48,159.87,1806.35,81.2,CRITICAL
0.5214,0.277,2223.58,1159.47,294.78,1454.26,65.4,HIGH
0.4046,0.277,2223.58,899.68,366.75,1266.43,57.0,MODERATE
0.6416,0.277,2223.58,1426.58,220.79,1647.37,74.1,CRITICAL
0.2943,0.277,2223.58,654.3,434.73,1089.03,49.0,LOW
0.6232,0.277,2223.58,1385.67,232.12,1617.79,72.8,CRITICAL
0.4009,0.277,2223.58,891.37,369.05,1260.43,56.7,MODERATE
0.3151,0.277,2223.58,700.68,421.88,1122.56,50.5,LOW
0.5909,0.277,2223.58,1313.89,252.01,1565.89,70.4,HIGH
0.5024,0.277,2223.58,1117.24,306.48,1423.72,64.0,MODERATE
0.4159,0.277,2223.58,924.88,359.77,1284.66,57.8,MODERATE
0.527,0.277,2223.58,1171.82,291.36,1463.18,65.8,HIGH
0.4415,0.277,2223.58,981.74,344.02,1325.76,59.6,MODERATE
0.5436,0.277,2223.58,1208.67,281.16,1489.82,67.0,HIGH
0.3228,0.277,2223.58,717.73,417.16,1134.89,51.0,LOW
0.4672,0.277,2223.58,1038.75,328.23,1366.98,61.5,MODERATE
0.6523,0.277,2223.58,1450.39,214.19,1664.58,74.9,CRITICAL
0.424,0.277,2223.58,942.79,354.81,1297.6,58.4,MODERATE
0.4751,0.277,2223.58,1056.36,323.35,1379.71,62.0,MODERATE
0.4508,0.277,2223.58,1002.33,338.32,1340.65,60.3,MODERATE
0.431,0.277,2223.58,958.27,350.52,1308.79,58.9,MODERATE
0.5382,0.277,2223.58,1196.83,284.44,1481.26,66.6,HIGH
0.6305,0.277,2223.58,1401.87,227.63,1629.51,73.3,CRITICAL
0.3971,0.277,2223.58,882.9,371.4,1254.3,56.4,MODERATE
0.5884,0.277,2223.58,1308.25,253.57,1561.82,70.2,HIGH
0.2915,0.277,2223.58,648.17,436.43,1084.6,48.8,LOW
0.4634,0.277,2223.58,1030.44,330.53,1360.97,61.2,MODERATE
0.4214,0.277,2223.58,937.01,356.41,1293.42,58.2,MODERATE
0.6534,0.277,2223.58,1452.91,213.5,1666.4,74.9,CRITICAL
0.4419,0.277,2223.58,982.68,343.76,1326.44,59.7,MODERATE
0.3609,0.277,2223.58,802.4,393.7,1196.11,53.8,LOW
0.3737,0.277,2223.58,831.05,385.77,1216.81,54.7,LOW
0.7082,0.277,2223.58,1574.81,179.73,1754.53,78.9,CRITICAL
0.5719,0.277,2223.58,1271.77,263.67,1535.45,69.1,HIGH
0.5614,0.277,2223.58,1248.25,270.19,1518.44,68.3,HIGH
0.5943,0.277,2223.58,1321.37,249.93,1571.3,70.7,HIGH
0.4995,0.277,2223.58,1110.62,308.32,1418.94,63.8,MODERATE
0.382,0.277,2223.58,849.31,380.71,1230.01,55.3,MODERATE
0.4203,0.277,2223.58,934.62,357.07,1291.69,58.1,MODERATE
0.3704,0.277,2223.58,823.58,387.83,1211.41,54.5,LOW
0.568,0.277,2223.58,1263.06,266.09,1529.15,68.8,HIGH
0.4937,0.277,2223.58,1097.87,311.85,1409.72,63.4,MODERATE
0.5876,0.277,2223.58,1306.6,254.03,1560.62,70.2,HIGH
0.5371,0.277,2223.58,1194.26,285.15,1479.4,66.5,HIGH
0.4108,0.277,2223.58,913.45,362.94,1276.39,57.4,MODERATE
0.4443,0.277,2223.58,987.98,342.29,1330.27,59.8,MODERATE
0.321,0.277,2223.58,713.69,418.28,1131.96,50.9,LOW
0.6106,0.277,2223.58,1357.62,239.89,1597.51,71.8,HIGH
0.4978,0.277,2223.58,1106.79,309.38,1416.17,63.7,MODERATE
0.3897,0.277,2223.58,866.58,375.92,1242.5,55.9,MODERATE
0.3795,0.277,2223.58,843.91,382.2,1226.11,55.1,MODERATE
0.4446,0.277,2223.58,988.69,342.09,1330.78,59.8,MODERATE
0.3772,0.277,2223.58,838.73,383.64,1222.37,55.0,LOW
0.6341,0.277,2223.58,1409.87,225.42,1635.28,73.5,CRITICAL
0.6179,0.277,2223.58,1374.02,235.35,1609.37,72.4,CRITICAL
0.6576,0.277,2223.58,1462.29,210.9,1673.19,75.2,CRITICAL
0.665,0.277,2223.58,1478.75,206.34,1685.08,75.8,CRITICAL
0.4576,0.277,2223.58,1017.59,334.09,1351.68,60.8,MODERATE
0.4845,0.277,2223.58,1077.4,317.52,1394.92,62.7,MODERATE
0.4627,0.277,2223.58,1028.85,330.97,1359.82,61.2,MODERATE
0.5112,0.277,2223.58,1136.69,301.09,1437.79,64.7,MODERATE
0.5674,0.277,2223.58,1261.6,266.49,1528.09,68.7,HIGH
0.4998,0.277,2223.58,1111.31,308.13,1419.43,63.8,MODERATE
0.5674,0.277,2223.58,1261.71,266.46,1528.17,68.7,HIGH
0.4938,0.277,2223.58,1097.98,311.82,1409.8,63.4,MODERATE
0.419,0.277,2223.58,931.6,357.91,1289.51,58.0,MODERATE
0.6137,0.277,2223.58,1364.53,237.98,1602.51,72.1,CRITICAL
0.5238,0.277,2223.58,1164.61,293.36,1457.97,65.6,HIGH
0.5305,0.277,2223.58,1179.61,289.21,1468.82,66.1,HIGH
0.7086,0.277,2223.58,1575.54,179.52,1755.06,78.9,CRITICAL
0.5329,0.277,2223.58,1185.01,287.71,1472.72,66.2,HIGH
0.6015,0.277,2223.58,1337.59,245.44,1583.03,71.2,HIGH
0.3894,0.277,2223.58,865.93,376.1,1242.03,55.9,MODERATE
0.4867,0.277,2223.58,1082.18,316.2,1398.37,62.9,MODERATE
0.529,0.277,2223.58,1176.38,290.1,1466.48,66.0,HIGH
0.3533,0.277,2223.58,785.65,398.34,1183.99,53.2,LOW
0.5707,0.277,2223.58,1268.96,264.45,1533.41,69.0,HIGH
0.2052,0.277,2223.58,456.38,489.56,945.94,42.5,LOW
0.6041,0.277,2223.58,1343.2,243.89,1587.09,71.4,HIGH
0.2332,0.277,2223.58,518.59,472.32,990.91,44.6,LOW
0.2292,0.277,2223.58,509.66,474.8,984.46,44.3,LOW
0.4519,0.277,2223.58,1004.76,337.64,1342.4,60.4,MODERATE
0.5538,0.277,2223.58,1231.38,274.87,1506.24,67.7,HIGH
0.4287,0.277,2223.58,953.3,351.9,1305.2,58.7,MODERATE
0.5396,0.277,2223.58,1199.8,283.61,1483.42,66.7,HIGH
0.3244,0.277,2223.58,721.31,416.17,1137.48,51.2,LOW
0.4975,0.277,2223.58,1106.15,309.56,1415.7,63.7,MODERATE
0.4797,0.277,2223.58,1066.62,320.51,1387.12,62.4,MODERATE
0.4684,0.277,2223.58,1041.46,327.48,1368.93,61.6,MODERATE
0.5635,0.277,2223.58,1252.89,268.91,1521.79,68.4,HIGH
0.4456,0.277,2223.58,990.92,341.48,1332.39,59.9,MODERATE
0.4175,0.277,2223.58,928.37,358.8,1287.18,57.9,MODERATE
0.4381,0.277,2223.58,974.07,346.14,1320.22,59.4,MODERATE
0.4203,0.277,2223.58,934.54,357.1,1291.63,58.1,MODERATE
0.4528,0.277,2223.58,1006.93,337.04,1343.97,60.4,MODERATE
0.6544,0.277,2223.58,1455.0,212.91,1667.92,75.0,CRITICAL
0.5129,0.277,2223.58,1140.55,300.03,1440.58,64.8,MODERATE
0.4839,0.277,2223.58,1076.1,317.88,1393.98,62.7,MODERATE
0.4363,0.277,2223.58,970.13,347.24,1317.36,59.2,MODERATE
0.6147,0.277,2223.58,1366.85,237.33,1604.19,72.1,CRITICAL
0.5726,0.277,2223.58,1273.19,263.28,1536.47,69.1,HIGH
0.3635,0.277,2223.58,808.21,392.09,1200.3,54.0,LOW
0.7018,0.277,2223.58,1560.48,183.7,1744.17,78.4,CRITICAL
0.4661,0.277,2223.58,1036.43,328.87,1365.3,61.4,MODERATE
0.564,0.277,2223.58,1254.02,268.59,1522.61,68.5,HIGH
0.4626,0.277,2223.58,1028.71,331.01,1359.72,61.1,MODERATE
0.4418,0.277,2223.58,982.43,343.83,1326.26,59.6,MODERATE
0.4796,0.277,2223.58,1066.52,320.54,1387.05,62.4,MODERATE
0.4605,0.277,2223.58,1024.02,332.31,1356.33,61.0,MODERATE
0.4637,0.277,2223.58,1031.15,330.33,1361.48,61.2,MODERATE
0.5946,0.277,2223.58,1322.07,249.74,1571.81,70.7,HIGH
0.5023,0.277,2223.58,1116.97,306.56,1423.53,64.0,MODERATE
0.4345,0.277,2223.58,966.22,348.32,1314.54,59.1,MODERATE
0.5467,0.277,2223.58,1215.62,279.23,1494.85,67.2,HIGH
0.4042,0.277,2223.58,898.81,366.99,1265.8,56.9,MODERATE
0.5251,0.277,2223.58,1167.66,292.52,1460.18,65.7,HIGH
0.3812,0.277,2223.58,847.57,381.19,1228.76,55.3,MODERATE
0.6213,0.277,2223.58,1381.62,233.24,1614.86,72.6,CRITICAL
0.4609,0.277,2223.58,1024.95,332.05,1357.0,61.0,MODERATE
0.5818,0.277,2223.58,1293.69,257.6,1551.3,69.8,HIGH
0.4785,0.277,2223.58,1064.08,321.21,1385.29,62.3,MODERATE
0.6274,0.277,2223.58,1395.19,229.49,1624.67,73.1,CRITICAL
0.5664,0.277,2223.58,1259.49,267.08,1526.57,68.7,HIGH
0.5955,0.277,2223.58,1324.25,249.14,1573.39,70.8,HIGH
0.5542,0.277,2223.58,1232.21,274.63,1506.85,67.8,HIGH
0.5398,0.277,2223.58,1200.31,283.47,1483.78,66.7,HIGH
0.4862,0.277,2223.58,1081.16,316.48,1397.64,62.9,MODERATE
0.3055,0.277,2223.58,679.28,427.81,1107.09,49.8,LOW
0.3917,0.277,2223.58,871.03,374.69,1245.72,56.0,MODERATE
0.6326,0.277,2223.58,1406.69,226.3,1632.99,73.4,CRITICAL
0.4908,0.277,2223.58,1091.24,313.69,1404.92,63.2,MODERATE
0.2134,0.277,2223.58,474.6,484.51,959.11,43.1,LOW
0.4442,0.277,2223.58,987.65,342.38,1330.03,59.8,MODERATE
0.5486,0.277,2223.58,1219.79,278.08,1497.86,67.4,HIGH
0.4947,0.277,2223.58,1100.02,311.25,1411.28,63.5,MODERATE
0.5297,0.277,2223.58,1177.79,289.71,1467.5,66.0,HIGH
0.5249,0.277,2223.58,1167.22,292.64,1459.86,65.7,HIGH
0.5389,0.277,2223.58,1198.25,284.04,1482.29,66.7,HIGH
0.5836,0.277,2223.58,1297.75,256.48,1554.23,69.9,HIGH
0.2549,0.277,2223.58,566.81,458.97,1025.78,46.1,LOW
0.702,0.277,2223.58,1560.88,183.58,1744.47,78.5,CRITICAL
0.6523,0.277,2223.58,1450.43,214.18,1664.61,74.9,CRITICAL
0.595,0.277,2223.58,1323.09,249.46,1572.55,70.7,HIGH
0.4818,0.277,2223.58,1071.28,319.22,1390.5,62.5,MODERATE
0.4242,0.277,2223.58,943.16,354.71,1297.87,58.4,MODERATE
0.394,0.277,2223.58,876.05,373.3,1249.35,56.2,MODERATE
0.3049,0.277,2223.58,678.01,428.16,1106.17,49.7,LOW
0.5486,0.277,2223.58,1219.84,278.06,1497.9,67.4,HIGH
0.4662,0.277,2223.58,1036.74,328.78,1365.52,61.4,MODERATE
0.4897,0.277,2223.58,1088.96,314.32,1403.28,63.1,MODERATE
0.4633,0.277,2223.58,1030.24,330.58,1360.82,61.2,MODERATE
0.3871,0.277,2223.58,860.7,377.55,1238.25,55.7,MODERATE
0.2898,0.277,2223.58,644.4,437.47,1081.87,48.7,LOW
0.4487,0.277,2223.58,997.68,339.6,1337.29,60.1,MODERATE
0.2884,0.277,2223.58,641.32,438.32,1079.65,48.6,LOW
0.2737,0.277,2223.58,608.56,447.4,1055.96,47.5,LOW
0.4029,0.277,2223.58,895.8,367.83,1263.63,56.8,MODERATE
0.624,0.277,2223.58,1387.45,231.63,1619.08,72.8,CRITICAL
0.5484,0.277,2223.58,1219.51,278.15,1497.67,67.4,HIGH
0.4568,0.277,2223.58,1015.69,334.62,1350.3,60.7,MODERATE
0.2957,0.277,2223.58,657.49,433.84,1091.34,49.1,LOW
0.5045,0.277,2223.58,1121.77,305.23,1427.0,64.2,MODERATE
0.5424,0.277,2223.58,1206.07,281.87,1487.95,66.9,HIGH
0.4245,0.277,2223.58,943.81,354.53,1298.34,58.4,MODERATE
0.6959,0.277,2223.58,1547.35,187.33,1734.69,78.0,CRITICAL
0.5407,0.277,2223.58,1202.38,282.9,1485.28,66.8,HIGH
0.5981,0.277,2223.58,1329.83,247.59,1577.42,70.9,HIGH
0.5135,0.277,2223.58,1141.91,299.65,1441.56,64.8,MODERATE
0.4341,0.277,2223.58,965.28,348.58,1313.86,59.1,MODERATE
0.3756,0.277,2223.58,835.28,384.59,1219.88,54.9,LOW
0.4563,0.277,2223.58,1014.64,334.91,1349.55,60.7,MODERATE
0.4085,0.277,2223.58,908.27,364.37,1272.64,57.2,MODERATE
0.3441,0.277,2223.58,765.22,404.0,1169.22,52.6,LOW
0.4254,0.277,2223.58,945.99,353.92,1299.91,58.5,MODERATE
0.418,0.277,2223.58,929.4,358.52,1287.92,57.9,MODERATE
0.5291,0.277,2223.58,1176.54,290.06,1466.59,66.0,HIGH
0.4616,0.277,2223.58,1026.34,331.67,1358.0,61.1,MODERATE
0.3399,0.277,2223.58,755.73,406.63,1162.36,52.3,LOW
0.6599,0.277,2223.58,1467.27,209.52,1676.79,75.4,CRITICAL
0.4534,0.277,2223.58,1008.06,336.73,1344.79,60.5,MODERATE
0.4032,0.277,2223.58,896.5,367.63,1264.13,56.9,MODERATE
0.6202,0.277,2223.58,1379.05,233.96,1613.01,72.5,CRITICAL
0.4561,0.277,2223.58,1014.28,335.0,1349.29,60.7,MODERATE
0.5715,0.277,2223.58,1270.83,263.94,1534.76,69.0,HIGH
0.3428,0.277,2223.58,762.29,404.81,1167.1,52.5,LOW
0.4832,0.277,2223.58,1074.42,318.35,1392.76,62.6,MODERATE
0.5643,0.277,2223.58,1254.73,268.4,1523.12,68.5,HIGH
0.427,0.277,2223.58,949.58,352.93,1302.51,58.6,MODERATE
0.7246,0.277,2223.58,1611.22,169.64,1780.86,80.1,CRITICAL
0.4441,0.277,2223.58,987.59,342.4,1329.99,59.8,MODERATE
0.5275,0.277,2223.58,1172.99,291.04,1464.03,65.8,HIGH
0.4688,0.277,2223.58,1042.36,327.23,1369.59,61.6,MODERATE
0.6474,0.277,2223.58,1439.49,217.21,1656.7,74.5,CRITICAL
0.5737,0.277,2223.58,1275.73,262.58,1538.31,69.2,HIGH
0.4992,0.277,2223.58,1110.01,308.49,1418.5,63.8,MODERATE
0.4965,0.277,2223.58,1104.04,310.14,1414.18,63.6,MODERATE
0.4716,0.277,2223.58,1048.7,325.47,1374.17,61.8,MODERATE
0.6741,0.277,2223.58,1499.01,200.72,1699.74,76.4,CRITICAL
0.4836,0.277,2223.58,1075.28,318.11,1393.39,62.7,MODERATE
0.5529,0.277,2223.58,1229.5,275.39,1504.88,67.7,HIGH
0.5556,0.277,2223.58,1235.37,273.76,1509.13,67.9,HIGH
0.3937,0.277,2223.58,875.45,373.47,1248.92,56.2,MODERATE
0.3985,0.277,2223.58,886.18,370.49,1256.67,56.5,MODERATE
0.2994,0.277,2223.58,665.76,431.56,1097.31,49.3,LOW
0.4393,0.277,2223.58,976.86,345.37,1322.23,59.5,MODERATE
0.6097,0.277,2223.58,1355.79,240.4,1596.19,71.8,HIGH
0.5651,0.277,2223.58,1256.55,267.89,1524.44,68.6,HIGH
0.383,0.277,2223.58,851.56,380.08,1231.64,55.4,MODERATE
0.5619,0.277,2223.58,1249.44,269.86,1519.3,68.3,HIGH
0.4723,0.277,2223.58,1050.13,325.08,1375.2,61.8,MODERATE
0.5636,0.277,2223.58,1253.21,268.82,1522.02,68.4,HIGH
0.4322,0.277,2223.58,961.11,349.74,1310.84,59.0,MODERATE
0.4124,0.277,2223.58,917.12,361.92,1279.04,57.5,MODERATE
0.2896,0.277,2223.58,643.84,437.63,1081.47,48.6,LOW
0.4657,0.277,2223.58,1035.63,329.09,1364.72,61.4,MODERATE
0.4412,0.277,2223.58,980.93,344.24,1325.18,59.6,MODERATE
0.4151,0.277,2223.58,922.92,360.31,1283.24,57.7,MODERATE
0.3994,0.277,2223.58,888.18,369.94,1258.12,56.6,MODERATE
0.6347,0.277,2223.58,1411.23,225.04,1636.27,73.6,CRITICAL
0.5482,0.277,2223.58,1218.88,278.33,1497.21,67.3,HIGH
0.1983,0.277,2223.58,440.99,493.82,934.81,42.0,LOW
0.4158,0.277,2223.58,924.59,359.85,1284.45,57.8,MODERATE
0.4335,0.277,2223.58,963.86,348.97,1312.83,59.0,MODERATE
0.5035,0.277,2223.58,1119.47,305.87,1425.34,64.1,MODERATE
0.3507,0.277,2223.58,779.78,399.97,1179.75,53.1,LOW
0.2573,0.277,2223.58,572.11,457.5,1029.61,46.3,LOW
0.2313,0.277,2223.58,514.36,473.5,987.86,44.4,LOW
0.6242,0.277,2223.58,1388.05,231.46,1619.51,72.8,CRITICAL
0.4062,0.277,2223.58,903.23,365.77,1269.0,57.1,MODERATE
0.4658,0.277,2223.58,1035.67,329.08,1364.75,61.4,MODERATE
0.591,0.277,2223.58,1314.12,251.94,1566.07,70.4,HIGH
0.6213,0.277,2223.58,1381.43,233.3,1614.73,72.6,CRITICAL
0.6038,0.277,2223.58,1342.5,244.08,1586.58,71.4,HIGH
0.6307,0.277,2223.58,1402.46,227.47,1629.93,73.3,CRITICAL
0.5053,0.277,2223.58,1123.5,304.75,1428.25,64.2,MODERATE
0.559,0.277,2223.58,1243.02,271.64,1514.66,68.1,HIGH
0.5583,0.277,2223.58,1241.48,272.07,1513.54,68.1,HIGH
0.5118,0.277,2223.58,1137.96,300.74,1438.7,64.7,MODERATE
0.4719,0.277,2223.58,1049.29,325.31,1374.6,61.8,MODERATE
0.6359,0.277,2223.58,1413.92,224.29,1638.22,73.7,CRITICAL
0.6244,0.277,2223.58,1388.44,231.36,1619.79,72.8,CRITICAL
0.486,0.277,2223.58,1080.65,316.62,1397.27,62.8,MODERATE
0.6474,0.277,2223.58,1439.45,217.22,1656.67,74.5,CRITICAL
0.5238,0.277,2223.58,1164.71,293.33,1458.04,65.6,HIGH
0.6607,0.277,2223.58,1469.04,209.03,1678.07,75.5,CRITICAL
0.4125,0.277,2223.58,917.3,361.87,1279.17,57.5,MODERATE
0.6097,0.277,2223.58,1355.71,240.42,1596.13,71.8,HIGH
0.6927,0.277,2223.58,1540.32,189.28,1729.6,77.8,CRITICAL
0.6339,0.277,2223.58,1409.62,225.49,1635.11,73.5,CRITICAL
0.5033,0.277,2223.58,1119.06,305.98,1425.04,64.1,MODERATE
0.541,0.277,2223.58,1202.9,282.75,1485.65,66.8,HIGH
0.5046,0.277,2223.58,1121.97,305.17,1427.14,64.2,MODERATE
0.5303,0.277,2223.58,1179.07,289.36,1468.42,66.0,HIGH
0.3465,0.277,2223.58,770.5,402.54,1173.04,52.8,LOW
0.4057,0.277,2223.58,902.21,366.05,1268.26,57.0,MODERATE
0.5705,0.277,2223.58,1268.61,264.55,1533.16,68.9,HIGH
0.4479,0.277,2223.58,995.96,340.08,1336.04,60.1,MODERATE
0.5105,0.277,2223.58,1135.2,301.51,1436.71,64.6,MODERATE
0.4899,0.277,2223.58,1089.36,314.21,1403.56,63.1,MODERATE
0.5171,0.277,2223.58,1149.77,297.47,1447.24,65.1,HIGH
0.5244,0.277,2223.58,1166.08,292.95,1459.03,65.6,HIGH
0.6227,0.277,2223.58,1384.57,232.43,1616.99,72.7,CRITICAL
0.6179,0.277,2223.58,1374.04,235.34,1609.38,72.4,CRITICAL
0.6134,0.277,2223.58,1363.96,238.14,1602.1,72.1,CRITICAL
0.4039,0.277,2223.58,898.21,367.16,1265.37,56.9,MODERATE
0.5059,0.277,2223.58,1124.81,304.39,1429.2,64.3,MODERATE
0.3602,0.277,2223.58,800.87,394.13,1194.99,53.7,LOW
0.5739,0.277,2223.58,1276.16,262.46,1538.62,69.2,HIGH
0.6819,0.277,2223.58,1516.23,195.95,1712.18,77.0,CRITICAL
0.3893,0.277,2223.58,865.69,376.17,1241.86,55.8,MODERATE
0.3197,0.277,2223.58,710.8,419.08,1129.88,50.8,LOW
0.5357,0.277,2223.58,1191.27,285.98,1477.24,66.4,HIGH
0.4016,0.277,2223.58,892.89,368.63,1261.53,56.7,MODERATE
0.4473,0.277,2223.58,994.68,340.44,1335.11,60.0,MODERATE
0.5316,0.277,2223.58,1182.08,288.52,1470.6,66.1,HIGH
0.6018,0.277,2223.58,1338.18,245.28,1583.46,71.2,HIGH
0.4381,0.277,2223.58,974.17,346.12,1320.29,59.4,MODERATE
0.3897,0.277,2223.58,866.58,375.92,1242.5,55.9,MODERATE
0.3872,0.277,2223.58,861.04,377.46,1238.5,55.7,MODERATE
0.4996,0.277,2223.58,1110.87,308.25,1419.12,63.8,MODERATE
0.6009,0.277,2223.58,1336.14,245.84,1581.98,71.1,HIGH
0.431,0.277,2223.58,958.29,350.52,1308.81,58.9,MODERATE
0.3291,0.277,2223.58,731.75,413.27,1145.02,51.5,LOW
0.6364,0.277,2223.58,1415.05,223.98,1639.03,73.7,CRITICAL
0.4117,0.277,2223.58,915.38,362.4,1277.78,57.5,MODERATE
0.4663,0.277,2223.58,1036.97,328.72,1365.69,61.4,MODERATE
0.4897,0.277,2223.58,1088.84,314.35,1403.19,63.1,MODERATE
0.473,0.277,2223.58,1051.67,324.65,1376.32,61.9,MODERATE
0.4363,0.277,2223.58,970.11,347.24,1317.35,59.2,MODERATE
0.4537,0.277,2223.58,1008.76,336.54,1345.29,60.5,MODERATE
0.4148,0.277,2223.58,922.28,360.49,1282.77,57.7,MODERATE
0.378,0.277,2223.58,840.58,383.12,1223.71,55.0,MODERATE
0.5777,0.277,2223.58,1284.59,260.12,1544.72,69.5,HIGH
0.4394,0.277,2223.58,977.12,345.3,1322.42,59.5,MODERATE
0.5822,0.277,2223.58,1294.67,257.33,1552.0,69.8,HIGH
0.496,0.277,2223.58,1102.88,310.46,1413.34,63.6,MODERATE
0.607,0.277,2223.58,1349.78,242.06,1591.85,71.6,HIGH
0.4928,0.277,2223.58,1095.75,312.44,1408.19,63.3,MODERATE
0.508,0.277,2223.58,1129.66,303.04,1432.7,64.4,MODERATE
0.4227,0.277,2223.58,939.86,355.62,1295.48,58.3,MODERATE
0.5672,0.277,2223.58,1261.25,266.59,1527.84,68.7,HIGH
0.7333,0.277,2223.58,1630.5,164.3,1794.8,80.7,CRITICAL
0.4958,0.277,2223.58,1102.4,310.59,1413.0,63.5,MODERATE
0.548,0.277,2223.58,1218.55,278.42,1496.97,67.3,HIGH
0.561,0.277,2223.58,1247.49,270.4,1517.89,68.3,HIGH
0.5204,0.277,2223.58,1157.21,295.41,1452.62,65.3,HIGH
0.5722,0.277,2223.58,1272.31,263.53,1535.83,69.1,HIGH
0.4217,0.277,2223.58,937.62,356.24,1293.86,58.2,MODERATE
0.4276,0.277,2223.58,950.88,352.57,1303.45,58.6,MODERATE
0.6233,0.277,2223.58,1385.91,232.05,1617.97,72.8,CRITICAL
0.6014,0.277,2223.58,1337.26,245.53,1582.79,71.2,HIGH
0.5734,0.277,2223.58,1274.97,262.79,1537.76,69.2,HIGH
0.4491,0.277,2223.58,998.61,339.35,1337.96,60.2,MODERATE
0.4093,0.277,2223.58,910.18,363.84,1274.03,57.3,MODERATE
0.4182,0.277,2223.58,929.87,358.39,1288.26,57.9,MODERATE
0.5871,0.277,2223.58,1305.49,254.33,1559.83,70.1,HIGH
0.1515,0.277,2223.58,336.97,522.64,859.6,38.7,LOW
0.414,0.277,2223.58,920.52,360.98,1281.5,57.6,MODERATE
0.5633,0.277,2223.58,1252.52,269.01,1521.53,68.4,HIGH
0.4303,0.277,2223.58,956.76,350.94,1307.7,58.8,MODERATE
0.3837,0.277,2223.58,853.13,379.65,1232.78,55.4,MODERATE
0.4789,0.277,2223.58,1064.85,321.0,1385.84,62.3,MODERATE
0.5626,0.277,2223.58,1250.93,269.45,1520.38,68.4,HIGH
0.6566,0.277,2223.58,1459.94,211.55,1671.49,75.2,CRITICAL
0.4214,0.277,2223.58,937.05,356.4,1293.45,58.2,MODERATE
0.3816,0.277,2223.58,848.58,380.91,1229.49,55.3,MODERATE
0.4107,0.277,2223.58,913.3,362.98,1276.28,57.4,MODERATE
0.5523,0.277,2223.58,1228.07,275.78,1503.85,67.6,HIGH
0.3464,0.277,2223.58,770.22,402.62,1172.84,52.7,LOW
0.4787,0.277,2223.58,1064.46,321.1,1385.57,62.3,MODERATE
0.4336,0.277,2223.58,964.22,348.87,1313.09,59.1,MODERATE
0.4305,0.277,2223.58,957.31,350.79,1308.1,58.8,MODERATE
0.3843,0.277,2223.58,854.47,379.28,1233.74,55.5,MODERATE
0.4142,0.277,2223.58,921.12,360.81,1281.93,57.7,MODERATE
0.4535,0.277,2223.58,1008.42,336.63,1345.05,60.5,MODERATE
0.5925,0.277,2223.58,1317.49,251.01,1568.5,70.5,HIGH
0.5113,0.277,2223.58,1137.0,301.01,1438.01,64.7,MODERATE
0.4749,0.277,2223.58,1055.91,323.47,1379.38,62.0,MODERATE
0.5388,0.277,2223.58,1198.02,284.11,1482.12,66.7,HIGH
0.472,0.277,2223.58,1049.56,325.23,1374.79,61.8,MODERATE
0.4807,0.277,2223.58,1068.98,319.85,1388.83,62.5,MODERATE
0.5632,0.277,2223.58,1252.34,269.06,1521.39,68.4,HIGH
0.4394,0.277,2223.58,977.0,345.33,1322.33,59.5,MODERATE
0.2897,0.277,2223.58,644.17,437.54,1081.7,48.6,LOW
0.3751,0.277,2223.58,834.02,384.94,1218.96,54.8,LOW
0.563,0.277,2223.58,1251.77,269.22,1520.98,68.4,HIGH
0.5862,0.277,2223.58,1303.41,254.91,1558.32,70.1,HIGH
0.6847,0.277,2223.58,1522.39,194.25,1716.64,77.2,CRITICAL
0.3892,0.277,2223.58,865.35,376.26,1241.61,55.8,MODERATE
0.6376,0.277,2223.58,1417.71,223.25,1640.96,73.8,CRITICAL
0.3703,0.277,2223.58,823.32,387.91,1211.23,54.5,LOW
0.6255,0.277,2223.58,1390.95,230.66,1621.61,72.9,CRITICAL
0.481,0.277,2223.58,1069.55,319.7,1389.24,62.5,MODERATE
0.5348,0.277,2223.58,1189.12,286.57,1475.69,66.4,HIGH
0.5113,0.277,2223.58,1137.02,301.0,1438.02,64.7,MODERATE
0.4872,0.277,2223.58,1083.23,315.91,1399.13,62.9,MODERATE
0.4385,0.277,2223.58,975.12,345.85,1320.98,59.4,MODERATE
0.4247,0.277,2223.58,944.33,354.38,1298.71,58.4,MODERATE
0.4935,0.277,2223.58,1097.26,312.02,1409.28,63.4,MODERATE
0.4394,0.277,2223.58,977.05,345.32,1322.37,59.5,MODERATE
0.4087,0.277,2223.58,908.72,364.25,1272.97,57.2,MODERATE
0.4087,0.277,2223.58,908.82,364.22,1273.04,57.3,MODERATE
0.5417,0.277,2223.58,1204.59,282.28,1486.88,66.9,HIGH
0.4371,0.277,2223.58,972.02,346.71,1318.73,59.3,MODERATE
0.4385,0.277,2223.58,974.98,345.89,1320.87,59.4,MODERATE
0.1919,0.277,2223.58,426.8,497.75,924.55,41.6,LOW
0.5129,0.277,2223.58,1140.4,300.07,1440.47,64.8,MODERATE
0.4014,0.277,2223.58,892.58,368.72,1261.3,56.7,MODERATE
0.3432,0.277,2223.58,763.14,404.58,1167.72,52.5,LOW
0.3829,0.277,2223.58,851.4,380.13,1231.52,55.4,MODERATE
0.3563,0.277,2223.58,792.19,396.53,1188.72,53.5,LOW
0.7295,0.277,2223.58,1622.04,166.64,1788.68,80.4,CRITICAL
0.4596,0.277,2223.58,1022.04,332.86,1354.9,60.9,MODERATE
0.4813,0.277,2223.58,1070.14,319.53,1389.67,62.5,MODERATE
0.4643,0.277,2223.58,1032.43,329.98,1362.41,61.3,MODERATE
0.5473,0.277,2223.58,1216.86,278.89,1495.75,67.3,HIGH
0.6317,0.277,2223.58,1404.57,226.89,1631.45,73.4,CRITICAL
0.6076,0.277,2223.58,1351.03,241.72,1592.75,71.6,HIGH
0.5549,0.277,2223.58,1233.81,274.19,1508.0,67.8,HIGH
0.5801,0.277,2223.58,1290.01,258.62,1548.63,69.6,HIGH
0.4157,0.277,2223.58,924.41,359.9,1284.31,57.8,MODERATE
0.4806,0.277,2223.58,1068.63,319.95,1388.58,62.4,MODERATE
0.4392,0.277,2223.58,976.63,345.43,1322.07,59.5,MODERATE
0.4889,0.277,2223.58,1087.07,314.84,1401.91,63.0,MODERATE
0.4997,0.277,2223.58,1111.15,308.17,1419.32,63.8,MODERATE
0.5737,0.277,2223.58,1275.78,262.57,1538.34,69.2,HIGH
0.4305,0.277,2223.58,957.35,350.78,1308.13,58.8,MODERATE
0.5862,0.277,2223.58,1303.54,254.87,1558.41,70.1,HIGH
0.4071,0.277,2223.58,905.11,365.25,1270.36,57.1,MODERATE
0.5623,0.277,2223.58,1250.37,269.6,1519.97,68.4,HIGH
0.3468,0.277,2223.58,771.03,402.39,1173.42,52.8,LOW
0.4008,0.277,2223.58,891.18,369.11,1260.29,56.7,MODERATE
0.5711,0.277,2223.58,1269.94,264.18,1534.13,69.0,HIGH
0.498,0.277,2223.58,1107.42,309.2,1416.63,63.7,MODERATE
0.42,0.277,2223.58,933.95,357.26,1291.21,58.1,MODERATE
0.4764,0.277,2223.58,1059.26,322.55,1381.81,62.1,MODERATE
0.5087,0.277,2223.58,1131.19,302.62,1433.81,64.5,MODERATE
0.5747,0.277,2223.58,1277.82,262.0,1539.82,69.2,HIGH
0.6057,0.277,2223.58,1346.92,242.86,1589.78,71.5,HIGH
0.3394,0.277,2223.58,754.63,406.93,1161.57,52.2,LOW
0.3936,0.277,2223.58,875.09,373.56,1248.66,56.2,MODERATE
0.4178,0.277,2223.58,928.98,358.63,1287.62,57.9,MODERATE
0.3741,0.277,2223.58,831.75,385.57,1217.32,54.7,LOW
0.4639,0.277,2223.58,1031.49,330.24,1361.73,61.2,MODERATE
0.3458,0.277,2223.58,769.0,402.95,1171.96,52.7,LOW
0.583,0.277,2223.58,1296.25,256.89,1553.14,69.8,HIGH
0.5676,0.277,2223.58,1262.04,266.37,1528.41,68.7,HIGH
0.6086,0.277,2223.58,1353.28,241.1,1594.37,71.7,HIGH
0.5552,0.277,2223.58,1234.6,273.97,1508.57,67.8,HIGH
0.5891,0.277,2223.58,1309.85,253.13,1562.98,70.3,HIGH
0.5591,0.277,2223.58,1243.23,271.58,1514.81,68.1,HIGH
0.4916,0.277,2223.58,1093.15,313.16,1406.3,63.2,MODERATE
0.5448,0.277,2223.58,1211.47,280.38,1491.85,67.1,HIGH
0.5098,0.277,2223.58,1133.59,301.96,1435.54,64.6,MODERATE
0.442,0.277,2223.58,982.79,343.73,1326.52,59.7,MODERATE
0.571,0.277,2223.58,1269.77,264.23,1534.0,69.0,HIGH
0.5958,0.277,2223.58,1324.86,248.97,1573.83,70.8,HIGH
0.2107,0.277,2223.58,468.59,486.17,954.77,42.9,LOW
0.5706,0.277,2223.58,1268.85,264.48,1533.33,69.0,HIGH
0.3459,0.277,2223.58,769.14,402.91,1172.06,52.7,LOW
0.4639,0.277,2223.58,1031.57,330.22,1361.79,61.2,MODERATE
0.4436,0.277,2223.58,986.44,342.72,1329.16,59.8,MODERATE
0.54,0.277,2223.58,1200.72,283.36,1484.08,66.7,HIGH
0.4805,0.277,2223.58,1068.47,319.99,1388.46,62.4,MODERATE
0.4661,0.277,2223.58,1036.4,328.88,1365.28,61.4,MODERATE
0.4382,0.277,2223.58,974.28,346.09,1320.36,59.4,MODERATE
0.5006,0.277,2223.58,1113.16,307.61,1420.77,63.9,MODERATE
0.5565,0.277,2223.58,1237.44,273.19,1510.62,67.9,HIGH
0.443,0.277,2223.58,985.16,343.07,1328.23,59.7,MODERATE
0.4405,0.277,2223.58,979.44,344.66,1324.1,59.5,MODERATE
0.5626,0.277,2223.58,1251.08,269.41,1520.49,68.4,HIGH
0.5508,0.277,2223.58,1224.64,276.73,1501.37,67.5,HIGH
0.6068,0.277,2223.58,1349.38,242.18,1591.55,71.6,HIGH
0.6297,0.277,2223.58,1400.2,228.1,1628.3,73.2,CRITICAL
0.3899,0.277,2223.58,866.97,375.81,1242.79,55.9,MODERATE
0.6026,0.277,2223.58,1339.88,244.81,1584.69,71.3,HIGH
0.5411,0.277,2223.58,1203.1,282.7,1485.8,66.8,HIGH
0.5683,0.277,2223.58,1263.68,265.92,1529.59,68.8,HIGH
0.4055,0.277,2223.58,901.74,366.18,1267.92,57.0,MODERATE
0.3821,0.277,2223.58,849.73,380.59,1230.32,55.3,MODERATE
0.5052,0.277,2223.58,1123.44,304.77,1428.21,64.2,MODERATE
0.4236,0.277,2223.58,941.98,355.03,1297.02,58.3,MODERATE
0.3174,0.277,2223.58,705.86,420.45,1126.3,50.7,LOW
0.6375,0.277,2223.58,1417.52,223.3,1640.82,73.8,CRITICAL
0.5266,0.277,2223.58,1170.99,291.59,1462.59,65.8,HIGH
0.6652,0.277,2223.58,1479.05,206.25,1685.3,75.8,CRITICAL
0.4668,0.277,2223.58,1038.02,328.43,1366.45,61.5,MODERATE
0.278,0.277,2223.58,618.07,444.76,1062.84,47.8,LOW
0.3255,0.277,2223.58,723.82,415.47,1139.29,51.2,LOW
0.5642,0.277,2223.58,1254.61,268.43,1523.04,68.5,HIGH
0.4934,0.277,2223.58,1097.11,312.06,1409.17,63.4,MODERATE
0.5816,0.277,2223.58,1293.18,257.74,1550.92,69.7,HIGH
0.4856,0.277,2223.58,1079.76,316.87,1396.62,62.8,MODERATE
0.3774,0.277,2223.58,839.13,383.53,1222.65,55.0,LOW
0.5177,0.277,2223.58,1151.04,297.12,1448.16,65.1,HIGH
0.3732,0.277,2223.58,829.83,386.1,1215.93,54.7,LOW
0.5908,0.277,2223.58,1313.65,252.07,1565.72,70.4,HIGH
0.3592,0.277,2223.58,798.78,394.7,1193.49,53.7,LOW
0.5352,0.277,2223.58,1190.05,286.31,1476.37,66.4,HIGH
0.515,0.277,2223.58,1145.22,298.73,1443.95,64.9,MODERATE
0.5451,0.277,2223.58,1212.13,280.2,1492.33,67.1,HIGH
0.3116,0.277,2223.58,692.79,424.07,1116.85,50.2,LOW
0.4404,0.277,2223.58,979.24,344.71,1323.95,59.5,MODERATE
0.4855,0.277,2223.58,1079.55,316.93,1396.47,62.8,MODERATE
0.4172,0.277,2223.58,927.61,359.02,1286.62,57.9,MODERATE
0.4303,0.277,2223.58,956.74,350.94,1307.69,58.8,MODERATE
0.5604,0.277,2223.58,1246.02,270.81,1516.83,68.2,HIGH
0.6045,0.277,2223.58,1344.09,243.64,1587.73,71.4,HIGH
0.5751,0.277,2223.58,1278.78,261.73,1540.51,69.3,HIGH
0.5961,0.277,2223.58,1325.54,248.78,1574.32,70.8,HIGH
0.6553,0.277,2223.58,1457.1,212.34,1669.43,75.1,CRITICAL
0.5169,0.277,2223.58,1149.26,297.61,1446.88,65.1,HIGH
0.3073,0.277,2223.58,683.2,426.72,1109.92,49.9,LOW
0.5867,0.277,2223.58,1304.51,254.6,1559.12,70.1,HIGH
0.4596,0.277,2223.58,1021.94,332.89,1354.82,60.9,MODERATE
0.4072,0.277,2223.58,905.42,365.16,1270.58,57.1,MODERATE
0.4401,0.277,2223.58,978.61,344.89,1323.5,59.5,MODERATE
0.5598,0.277,2223.58,1244.8,271.15,1515.95,68.2,HIGH
0.5957,0.277,2223.58,1324.63,249.03,1573.66,70.8,HIGH
0.6309,0.277,2223.58,1402.92,227.34,1630.26,73.3,CRITICAL
0.4637,0.277,2223.58,1031.0,330.37,1361.37,61.2,MODERATE
0.5651,0.277,2223.58,1256.45,267.92,1524.37,68.6,HIGH
0.3903,0.277,2223.58,867.9,375.56,1243.46,55.9,MODERATE
0.6253,0.277,2223.58,1390.39,230.81,1621.21,72.9,CRITICAL
0.6345,0.277,2223.58,1410.77,225.17,1635.93,73.6,CRITICAL
0.5516,0.277,2223.58,1226.63,276.18,1502.81,67.6,HIGH
0.5961,0.277,2223.58,1325.39,248.82,1574.21,70.8,HIGH
0.4799,0.277,2223.58,1067.14,320.36,1387.5,62.4,MODERATE
0.3336,0.277,2223.58,741.88,410.47,1152.35,51.8,LOW
0.616,0.277,2223.58,1369.79,236.52,1606.31,72.2,CRITICAL
0.5529,0.277,2223.58,1229.44,275.4,1504.84,67.7,HIGH
0.415,0.277,2223.58,922.74,360.37,1283.1,57.7,MODERATE
0.6238,0.277,2223.58,1387.17,231.71,1618.87,72.8,CRITICAL
0.411,0.277,2223.58,913.97,362.79,1276.77,57.4,MODERATE
0.3922,0.277,2223.58,871.99,374.42,1246.42,56.1,MODERATE
0.5688,0.277,2223.58,1264.81,265.6,1530.41,68.8,HIGH
0.4245,0.277,2223.58,943.96,354.49,1298.44,58.4,MODERATE
0.4248,0.277,2223.58,944.67,354.29,1298.96,58.4,MODERATE
0.4847,0.277,2223.58,1077.67,317.45,1395.11,62.7,MODERATE
0.5184,0.277,2223.58,1152.64,296.68,1449.32,65.2,HIGH
0.3989,0.277,2223.58,887.03,370.26,1257.28,56.5,MODERATE
0.6297,0.277,2223.58,1400.27,228.08,1628.35,73.2,CRITICAL
0.6446,0.277,2223.58,1433.35,218.91,1652.26,74.3,CRITICAL
0.5191,0.277,2223.58,1154.3,296.22,1450.52,65.2,HIGH
0.279,0.277,2223.58,620.31,444.14,1064.46,47.9,LOW
0.4304,0.277,2223.58,956.96,350.88,1307.85,58.8,MODERATE
0.3239,0.277,2223.58,720.16,416.48,1136.65,51.1,LOW
0.2558,0.277,2223.58,568.86,458.4,1027.26,46.2,LOW
0.4296,0.277,2223.58,955.19,351.37,1306.57,58.8,MODERATE
0.4246,0.277,2223.58,944.03,354.47,1298.5,58.4,MODERATE
0.4026,0.277,2223.58,895.17,368.0,1263.17,56.8,MODERATE
0.49,0.277,2223.58,1089.52,314.16,1403.68,63.1,MODERATE
0.3042,0.277,2223.58,676.39,428.61,1105.0,49.7,LOW
0.5515,0.277,2223.58,1226.3,276.27,1502.57,67.6,HIGH
0.3981,0.277,2223.58,885.25,370.75,1256.0,56.5,MODERATE
0.4642,0.277,2223.58,1032.08,330.08,1362.15,61.3,MODERATE
0.6112,0.277,2223.58,1359.05,239.5,1598.55,71.9,HIGH
0.5186,0.277,2223.58,1153.21,296.52,1449.73,65.2,HIGH
0.6676,0.277,2223.58,1484.4,204.77,1689.17,76.0,CRITICAL
0.4645,0.277,2223.58,1032.87,329.86,1362.73,61.3,MODERATE
0.2783,0.277,2223.58,618.85,444.55,1063.4,47.8,LOW
0.4789,0.277,2223.58,1064.91,320.98,1385.89,62.3,MODERATE
0.4309,0.277,2223.58,958.16,350.55,1308.71,58.9,MODERATE
0.6805,0.277,2223.58,1513.17,196.8,1709.97,76.9,CRITICAL
0.5689,0.277,2223.58,1264.97,265.56,1530.53,68.8,HIGH
0.5357,0.277,2223.58,1191.11,286.02,1477.13,66.4,HIGH
0.4758,0.277,2223.58,1057.91,322.92,1380.83,62.1,MODERATE
0.2462,0.277,2223.58,547.45,464.33,1011.78,45.5,LOW
0.4663,0.277,2223.58,1036.85,328.75,1365.6,61.4,MODERATE
0.3165,0.277,2223.58,703.85,421.0,1124.85,50.6,LOW
0.4163,0.277,2223.58,925.58,359.58,1285.16,57.8,MODERATE
0.2868,0.277,2223.58,637.79,439.3,1077.09,48.4,LOW
0.4939,0.277,2223.58,1098.19,311.76,1409.95,63.4,MODERATE
0.516,0.277,2223.58,1147.35,298.14,1445.49,65.0,HIGH
0.4073,0.277,2223.58,905.74,365.07,1270.82,57.2,MODERATE
0.6104,0.277,2223.58,1357.38,239.96,1597.34,71.8,HIGH
0.475,0.277,2223.58,1056.12,323.41,1379.54,62.0,MODERATE
0.5747,0.277,2223.58,1277.79,262.01,1539.8,69.2,HIGH
0.2077,0.277,2223.58,461.89,488.03,949.92,42.7,LOW
0.6696,0.277,2223.58,1488.96,203.51,1692.46,76.1,CRITICAL
0.4661,0.277,2223.58,1036.38,328.88,1365.26,61.4,MODERATE
0.4924,0.277,2223.58,1094.79,312.7,1407.49,63.3,MODERATE
0.5433,0.277,2223.58,1208.04,281.33,1489.37,67.0,HIGH
0.5459,0.277,2223.58,1213.76,279.74,1493.51,67.2,HIGH
0.5482,0.277,2223.58,1218.92,278.31,1497.24,67.3,HIGH
0.6398,0.277,2223.58,1422.57,221.9,1644.47,74.0,CRITICAL
0.3071,0.277,2223.58,682.76,426.85,1109.6,49.9,LOW
0.6391,0.277,2223.58,1421.03,222.33,1643.35,73.9,CRITICAL
0.4716,0.277,2223.58,1048.56,325.51,1374.07,61.8,MODERATE
0.3809,0.277,2223.58,847.02,381.34,1228.36,55.2,MODERATE
0.5292,0.277,2223.58,1176.72,290.01,1466.72,66.0,HIGH
0.6137,0.277,2223.58,1364.57,237.97,1602.54,72.1,CRITICAL
0.481,0.277,2223.58,1069.59,319.68,1389.27,62.5,MODERATE
0.6557,0.277,2223.58,1457.92,212.11,1670.03,75.1,CRITICAL
0.6857,0.277,2223.58,1524.74,193.6,1718.34,77.3,CRITICAL
0.5989,0.277,2223.58,1331.77,247.05,1578.82,71.0,HIGH
0.6267,0.277,2223.58,1393.42,229.98,1623.39,73.0,CRITICAL
0.6829,0.277,2223.58,1518.45,195.34,1713.79,77.1,CRITICAL
0.6819,0.277,2223.58,1516.32,195.93,1712.25,77.0,CRITICAL
0.5036,0.277,2223.58,1119.69,305.8,1425.5,64.1,MODERATE
0.5484,0.277,2223.58,1219.51,278.15,1497.66,67.4,HIGH
0.3528,0.277,2223.58,784.44,398.68,1183.12,53.2,LOW
0.4872,0.277,2223.58,1083.31,315.88,1399.19,62.9,MODERATE
0.3561,0.277,2223.58,791.84,396.63,1188.47,53.4,LOW
0.4697,0.277,2223.58,1044.33,326.68,1371.01,61.7,MODERATE
0.5435,0.277,2223.58,1208.58,281.18,1489.76,67.0,HIGH
0.4977,0.277,2223.58,1106.79,309.38,1416.17,63.7,MODERATE
0.463,0.277,2223.58,1029.49,330.79,1360.28,61.2,MODERATE
0.5508,0.277,2223.58,1224.67,276.72,1501.39,67.5,HIGH
0.5283,0.277,2223.58,1174.82,290.53,1465.35,65.9,HIGH
0.5294,0.277,2223.58,1177.25,289.86,1467.11,66.0,HIGH
0.5772,0.277,2223.58,1283.39,260.46,1543.84,69.4,HIGH
0.5218,0.277,2223.58,1160.2,294.58,1454.78,65.4,HIGH
0.4186,0.277,2223.58,930.75,358.14,1288.9,58.0,MODERATE
0.4187,0.277,2223.58,931.06,358.06,1289.12,58.0,MODERATE
0.3852,0.277,2223.58,856.43,378.73,1235.16,55.5,MODERATE
0.6073,0.277,2223.58,1350.39,241.89,1592.29,71.6,HIGH
0.3255,0.277,2223.58,723.72,415.5,1139.22,51.2,LOW
0.4048,0.277,2223.58,900.17,366.62,1266.78,57.0,MODERATE
0.4809,0.277,2223.58,1069.24,319.78,1389.02,62.5,MODERATE
0.5653,0.277,2223.58,1257.05,267.75,1524.8,68.6,HIGH
0.5116,0.277,2223.58,1137.61,300.84,1438.45,64.7,MODERATE
0.6505,0.277,2223.58,1446.48,215.28,1661.75,74.7,CRITICAL
0.423,0.277,2223.58,940.67,355.4,1296.06,58.3,MODERATE
0.4776,0.277,2223.58,1062.01,321.78,1383.79,62.2,MODERATE
0.6512,0.277,2223.58,1448.08,214.83,1662.92,74.8,CRITICAL
0.4201,0.277,2223.58,934.13,357.21,1291.34,58.1,MODERATE
0.4355,0.277,2223.58,968.48,347.69,1316.17,59.2,MODERATE
0.5525,0.277,2223.58,1228.53,275.65,1504.19,67.6,HIGH
0.4962,0.277,2223.58,1103.35,310.33,1413.68,63.6,MODERATE
0.4015,0.277,2223.58,892.68,368.69,1261.37,56.7,MODERATE
0.5225,0.277,2223.58,1161.91,294.11,1456.02,65.5,HIGH
0.6304,0.277,2223.58,1401.83,227.65,1629.47,73.3,CRITICAL
0.5523,0.277,2223.58,1227.99,275.8,1503.79,67.6,HIGH
0.344,0.277,2223.58,764.88,404.1,1168.97,52.6,LOW
0.4141,0.277,2223.58,920.86,360.88,1281.75,57.6,MODERATE
0.4256,0.277,2223.58,946.46,353.79,1300.26,58.5,MODERATE
0.5291,0.277,2223.58,1176.41,290.09,1466.5,66.0,HIGH
0.6228,0.277,2223.58,1384.89,232.34,1617.23,72.7,CRITICAL
0.495,0.277,2223.58,1100.59,311.1,1411.68,63.5,MODERATE
0.2422,0.277,2223.58,538.61,466.78,1005.39,45.2,LOW
0.5801,0.277,2223.58,1289.98,258.63,1548.61,69.6,HIGH
0.4666,0.277,2223.58,1037.56,328.56,1366.12,61.4,MODERATE
0.6703,0.277,2223.58,1490.53,203.07,1693.6,76.2,CRITICAL
0.411,0.277,2223.58,913.97,362.79,1276.76,57.4,MODERATE
0.5309,0.277,2223.58,1180.55,288.95,1469.49,66.1,HIGH
0.5018,0.277,2223.58,1115.87,306.86,1422.73,64.0,MODERATE
0.663,0.277,2223.58,1474.15,207.61,1681.76,75.6,CRITICAL
0.4595,0.277,2223.58,1021.63,332.97,1354.6,60.9,MODERATE
0.5186,0.277,2223.58,1153.24,296.51,1449.75,65.2,HIGH
0.5943,0.277,2223.58,1321.4,249.93,1571.32,70.7,HIGH
0.4048,0.277,2223.58,900.2,366.61,1266.81,57.0,MODERATE
0.5564,0.277,2223.58,1237.25,273.24,1510.49,67.9,HIGH
0.5755,0.277,2223.58,1279.63,261.5,1541.13,69.3,HIGH
0.6354,0.277,2223.58,1412.86,224.59,1637.45,73.6,CRITICAL
0.3595,0.277,2223.58,799.46,394.52,1193.98,53.7,LOW
0.5761,0.277,2223.58,1281.11,261.09,1542.2,69.4,HIGH
0.5959,0.277,2223.58,1325.13,248.89,1574.02,70.8,HIGH
0.5449,0.277,2223.58,1211.72,280.31,1492.03,67.1,HIGH
0.4387,0.277,2223.58,975.59,345.72,1321.32,59.4,MODERATE
0.5468,0.277,2223.58,1215.77,279.19,1494.96,67.2,HIGH
0.4546,0.277,2223.58,1010.73,335.99,1346.72,60.6,MODERATE
0.411,0.277,2223.58,913.8,362.84,1276.64,57.4,MODERATE
0.5946,0.277,2223.58,1322.19,249.71,1571.9,70.7,HIGH
0.4211,0.277,2223.58,936.41,356.58,1292.98,58.1,MODERATE
0.6209,0.277,2223.58,1380.71,233.5,1614.21,72.6,CRITICAL
0.4526,0.277,2223.58,1006.28,337.22,1343.51,60.4,MODERATE
0.487,0.277,2223.58,1082.95,315.98,1398.93,62.9,MODERATE
0.2612,0.277,2223.58,580.86,455.07,1035.93,46.6,LOW
0.5289,0.277,2223.58,1176.05,290.19,1466.24,65.9,HIGH
0.5733,0.277,2223.58,1274.68,262.87,1537.55,69.1,HIGH
0.4591,0.277,2223.58,1020.81,333.2,1354.01,60.9,MODERATE
0.5727,0.277,2223.58,1273.44,263.21,1536.65,69.1,HIGH
0.5609,0.277,2223.58,1247.3,270.45,1517.75,68.3,HIGH
0.6071,0.277,2223.58,1349.89,242.03,1591.92,71.6,HIGH
0.5129,0.277,2223.58,1140.38,300.07,1440.45,64.8,MODERATE
0.393,0.277,2223.58,873.94,373.88,1247.82,56.1,MODERATE
0.5646,0.277,2223.58,1255.44,268.2,1523.64,68.5,HIGH
0.6084,0.277,2223.58,1352.84,241.22,1594.06,71.7,HIGH
0.5266,0.277,2223.58,1170.97,291.6,1462.57,65.8,HIGH
0.5305,0.277,2223.58,1179.67,289.19,1468.86,66.1,HIGH
0.3057,0.277,2223.58,679.76,427.68,1107.44,49.8,LOW
0.3872,0.277,2223.58,861.01,377.46,1238.48,55.7,MODERATE
0.6135,0.277,2223.58,1364.09,238.1,1602.19,72.1,CRITICAL
0.6777,0.277,2223.58,1506.83,198.56,1705.39,76.7,CRITICAL
0.4838,0.277,2223.58,1075.8,317.96,1393.76,62.7,MODERATE
0.5829,0.277,2223.58,1296.05,256.95,1553.0,69.8,HIGH
0.4616,0.277,2223.58,1026.47,331.63,1358.1,61.1,MODERATE
0.7595,0.277,2223.58,1688.89,148.12,1837.01,82.6,CRITICAL
0.5417,0.277,2223.58,1204.56,282.29,1486.86,66.9,HIGH
0.5769,0.277,2223.58,1282.7,260.65,1543.34,69.4,HIGH
0.5615,0.277,2223.58,1248.59,270.1,1518.69,68.3,HIGH
0.5823,0.277,2223.58,1294.75,257.31,1552.06,69.8,HIGH
0.3437,0.277,2223.58,764.21,404.28,1168.49,52.6,LOW
0.5754,0.277,2223.58,1279.35,261.57,1540.93,69.3,HIGH
0.1818,0.277,2223.58,404.24,504.0,908.24,40.8,LOW
0.5155,0.277,2223.58,1146.17,298.47,1444.64,65.0,MODERATE
0.4572,0.277,2223.58,1016.71,334.33,1351.04,60.8,MODERATE
0.5585,0.277,2223.58,1241.96,271.93,1513.89,68.1,HIGH
0.524,0.277,2223.58,1165.18,293.2,1458.38,65.6,HIGH
0.3922,0.277,2223.58,872.05,374.41,1246.46,56.1,MODERATE
0.467,0.277,2223.58,1038.3,328.35,1366.65,61.5,MODERATE
0.5077,0.277,2223.58,1128.96,303.24,1432.2,64.4,MODERATE
0.5512,0.277,2223.58,1225.58,276.47,1502.05,67.6,HIGH
0.3985,0.277,2223.58,886.04,370.53,1256.57,56.5,MODERATE
0.4839,0.277,2223.58,1076.04,317.9,1393.94,62.7,MODERATE
0.3669,0.277,2223.58,815.81,389.99,1205.8,54.2,LOW
0.3134,0.277,2223.58,696.81,422.95,1119.76,50.4,LOW
0.3883,0.277,2223.58,863.42,376.8,1240.22,55.8,MODERATE
0.3168,0.277,2223.58,704.48,420.83,1125.31,50.6,LOW
0.4813,0.277,2223.58,1070.3,319.49,1389.79,62.5,MODERATE
0.4925,0.277,2223.58,1095.17,312.6,1407.77,63.3,MODERATE
0.4515,0.277,2223.58,1004.03,337.84,1341.88,60.3,MODERATE
0.5326,0.277,2223.58,1184.19,287.94,1472.13,66.2,HIGH
0.4959,0.277,2223.58,1102.78,310.49,1413.27,63.6,MODERATE
0.5582,0.277,2223.58,1241.17,272.15,1513.32,68.1,HIGH
0.66,0.277,2223.58,1467.66,209.41,1677.07,75.4,CRITICAL
0.4981,0.277,2223.58,1107.47,309.19,1416.66,63.7,MODERATE
0.4331,0.277,2223.58,962.93,349.23,1312.16,59.0,MODERATE
0.4089,0.277,2223.58,909.15,364.13,1273.28,57.3,MODERATE
0.4611,0.277,2223.58,1025.37,331.93,1357.31,61.0,MODERATE
0.6118,0.277,2223.58,1360.48,239.1,1599.58,71.9,HIGH
0.4245,0.277,2223.58,943.81,354.53,1298.34,58.4,MODERATE
0.6272,0.277,2223.58,1394.58,229.65,1624.24,73.0,CRITICAL
0.5237,0.277,2223.58,1164.47,293.4,1457.87,65.6,HIGH
0.6702,0.277,2223.58,1490.18,203.17,1693.35,76.2,CRITICAL
0.5955,0.277,2223.58,1324.17,249.16,1573.33,70.8,HIGH
0.5415,0.277,2223.58,1203.96,282.46,1486.42,66.8,HIGH
0.5083,0.277,2223.58,1130.27,302.88,1433.14,64.5,MODERATE
0.4927,0.277,2223.58,1095.45,312.52,1407.97,63.3,MODERATE
0.3334,0.277,2223.58,741.24,410.64,1151.88,51.8,LOW
0.4979,0.277,2223.58,1107.18,309.27,1416.45,63.7,MODERATE
0.6123,0.277,2223.58,1361.51,238.81,1600.33,72.0,HIGH
0.4284,0.277,2223.58,952.57,352.1,1304.67,58.7,MODERATE
0.4645,0.277,2223.58,1032.8,329.88,1362.67,61.3,MODERATE
0.4174,0.277,2223.58,928.1,358.88,1286.98,57.9,MODERATE
0.5446,0.277,2223.58,1210.9,280.54,1491.44,67.1,HIGH
0.1802,0.277,2223.58,400.58,505.02,905.6,40.7,LOW
0.6102,0.277,2223.58,1356.89,240.09,1596.98,71.8,HIGH
0.5426,0.277,2223.58,1206.5,281.76,1488.26,66.9,HIGH
0.3821,0.277,2223.58,849.54,380.64,1230.18,55.3,MODERATE
0.4774,0.277,2223.58,1061.6,321.9,1383.49,62.2,MODERATE
0.4615,0.277,2223.58,1026.21,331.7,1357.91,61.1,MODERATE
0.5825,0.277,2223.58,1295.23,257.17,1552.41,69.8,HIGH
0.5513,0.277,2223.58,1225.86,276.39,1502.25,67.6,HIGH
0.5587,0.277,2223.58,1242.34,271.83,1514.17,68.1,HIGH
0.5007,0.277,2223.58,1113.43,307.54,1420.97,63.9,MODERATE
0.4792,0.277,2223.58,1065.5,320.82,1386.32,62.3,MODERATE
0.4417,0.277,2223.58,982.08,343.93,1326.0,59.6,MODERATE
0.5986,0.277,2223.58,1330.96,247.28,1578.24,71.0,HIGH
0.5039,0.277,2223.58,1120.51,305.58,1426.08,64.1,MODERATE
0.3941,0.277,2223.58,876.31,373.23,1249.53,56.2,MODERATE
0.4606,0.277,2223.58,1024.25,332.24,1356.5,61.0,MODERATE
0.5044,0.277,2223.58,1121.47,305.31,1426.78,64.2,MODERATE
0.4687,0.277,2223.58,1042.26,327.26,1369.51,61.6,MODERATE
0.4239,0.277,2223.58,942.53,354.88,1297.41,58.3,MODERATE
0.3535,0.277,2223.58,786.06,398.23,1184.29,53.3,LOW
0.448,0.277,2223.58,996.13,340.03,1336.16,60.1,MODERATE
0.4992,0.277,2223.58,1110.0,308.49,1418.49,63.8,MODERATE
0.5351,0.277,2223.58,1189.8,286.38,1476.18,66.4,HIGH
0.4703,0.277,2223.58,1045.7,326.3,1372.0,61.7,MODERATE
0.5557,0.277,2223.58,1235.56,273.71,1509.27,67.9,HIGH
0.4926,0.277,2223.58,1095.36,312.54,1407.9,63.3,MODERATE
0.472,0.277,2223.58,1049.43,325.27,1374.7,61.8,MODERATE
0.3559,0.277,2223.58,791.33,396.77,1188.1,53.4,LOW
0.4323,0.277,2223.58,961.15,349.72,1310.87,59.0,MODERATE
0.5215,0.277,2223.58,1159.66,294.73,1454.39,65.4,HIGH
0.5476,0.277,2223.58,1217.53,278.7,1496.23,67.3,HIGH
0.4729,0.277,2223.58,1051.53,324.69,1376.22,61.9,MODERATE
0.4524,0.277,2223.58,1005.93,337.32,1343.25,60.4,MODERATE
0.2326,0.277,2223.58,517.21,472.71,989.91,44.5,LOW
0.2027,0.277,2223.58,450.73,491.12,941.85,42.4,LOW
0.4177,0.277,2223.58,928.7,358.71,1287.41,57.9,MODERATE
0.4304,0.277,2223.58,957.09,350.85,1307.94,58.8,MODERATE
0.6068,0.277,2223.58,1349.17,242.23,1591.4,71.6,HIGH
0.6092,0.277,2223.58,1354.7,240.7,1595.4,71.7,HIGH
0.5102,0.277,2223.58,1134.55,301.69,1436.24,64.6,MODERATE
0.5104,0.277,2223.58,1134.98,301.57,1436.55,64.6,MODERATE
0.4168,0.277,2223.58,926.79,359.24,1286.04,57.8,MODERATE
0.4185,0.277,2223.58,930.62,358.18,1288.8,58.0,MODERATE
0.3954,0.277,2223.58,879.11,372.45,1251.56,56.3,MODERATE
0.5652,0.277,2223.58,1256.81,267.82,1524.63,68.6,HIGH
0.3558,0.277,2223.58,791.1,396.83,1187.93,53.4,LOW
0.4969,0.277,2223.58,1104.81,309.93,1414.74,63.6,MODERATE
0.6089,0.277,2223.58,1353.83,240.94,1594.77,71.7,HIGH
0.5508,0.277,2223.58,1224.64,276.73,1501.37,67.5,HIGH
0.4151,0.277,2223.58,923.0,360.29,1283.3,57.7,MODERATE
0.548,0.277,2223.58,1218.54,278.42,1496.96,67.3,HIGH
0.4484,0.277,2223.58,997.1,339.77,1336.86,60.1,MODERATE
0.556,0.277,2223.58,1236.22,273.52,1509.75,67.9,HIGH
0.489,0.277,2223.58,1087.27,314.79,1402.06,63.1,MODERATE
0.5865,0.277,2223.58,1304.2,254.69,1558.89,70.1,HIGH
0.4059,0.277,2223.58,902.57,365.95,1268.52,57.0,MODERATE
0.3923,0.277,2223.58,872.34,374.33,1246.67,56.1,MODERATE
0.4547,0.277,2223.58,1011.16,335.87,1347.03,60.6,MODERATE
0.487,0.277,2223.58,1082.92,315.99,1398.91,62.9,MODERATE
0.5738,0.277,2223.58,1275.87,262.54,1538.41,69.2,HIGH
0.4387,0.277,2223.58,975.58,345.73,1321.31,59.4,MODERATE
0.5423,0.277,2223.58,1205.83,281.94,1487.78,66.9,HIGH
0.6191,0.277,2223.58,1376.59,234.64,1611.22,72.5,CRITICAL
0.5363,0.277,2223.58,1192.42,285.66,1478.08,66.5,HIGH
0.5836,0.277,2223.58,1297.79,256.47,1554.26,69.9,HIGH
0.445,0.277,2223.58,989.42,341.89,1331.31,59.9,MODERATE
0.332,0.277,2223.58,738.33,411.45,1149.78,51.7,LOW
0.4485,0.277,2223.58,997.21,339.73,1336.95,60.1,MODERATE
0.5003,0.277,2223.58,1112.39,307.83,1420.22,63.9,MODERATE
0.4853,0.277,2223.58,1079.07,317.06,1396.13,62.8,MODERATE
0.5616,0.277,2223.58,1248.7,270.06,1518.77,68.3,HIGH
0.4495,0.277,2223.58,999.59,339.08,1338.66,60.2,MODERATE
0.534,0.277,2223.58,1187.41,287.05,1474.45,66.3,HIGH
0.5125,0.277,2223.58,1139.53,300.31,1439.84,64.8,MODERATE
0.4066,0.277,2223.58,904.16,365.51,1269.67,57.1,MODERATE
0.1969,0.277,2223.58,437.84,494.69,932.53,41.9,LOW
0.4563,0.277,2223.58,1014.6,334.92,1349.52,60.7,MODERATE
0.6125,0.277,2223.58,1362.01,238.68,1600.69,72.0,HIGH
0.5413,0.277,2223.58,1203.69,282.54,1486.22,66.8,HIGH
0.5589,0.277,2223.58,1242.68,271.73,1514.42,68.1,HIGH
0.5707,0.277,2223.58,1268.98,264.45,1533.43,69.0,HIGH
0.5538,0.277,2223.58,1231.38,274.87,1506.24,67.7,HIGH
0.4882,0.277,2223.58,1085.64,315.24,1400.87,63.0,MODERATE
0.3929,0.277,2223.58,873.69,373.95,1247.64,56.1,MODERATE
0.4094,0.277,2223.58,910.31,363.81,1274.12,57.3,MODERATE
0.5168,0.277,2223.58,1149.13,297.65,1446.78,65.1,HIGH
0.4879,0.277,2223.58,1084.79,315.47,1400.26,63.0,MODERATE
0.4929,0.277,2223.58,1096.08,312.35,1408.43,63.3,MODERATE
0.5535,0.277,2223.58,1230.8,275.03,1505.82,67.7,HIGH
0.4139,0.277,2223.58,920.44,361.0,1281.44,57.6,MODERATE
0.3523,0.277,2223.58,783.33,398.98,1182.32,53.2,LOW
0.6308,0.277,2223.58,1402.54,227.45,1629.99,73.3,CRITICAL
0.4099,0.277,2223.58,911.39,363.51,1274.9,57.3,MODERATE
0.3283,0.277,2223.58,730.0,413.76,1143.76,51.4,LOW
0.5678,0.277,2223.58,1262.53,266.23,1528.77,68.8,HIGH
0.5362,0.277,2223.58,1192.38,285.67,1478.05,66.5,HIGH
0.5647,0.277,2223.58,1255.68,268.13,1523.81,68.5,HIGH
0.4388,0.277,2223.58,975.78,345.67,1321.45,59.4,MODERATE
0.5169,0.277,2223.58,1149.43,297.57,1447.0,65.1,HIGH
0.3907,0.277,2223.58,868.64,375.35,1243.99,55.9,MODERATE
0.3364,0.277,2223.58,747.97,408.78,1156.75,52.0,LOW
0.4183,0.277,2223.58,930.09,358.33,1288.42,57.9,MODERATE
0.5824,0.277,2223.58,1294.99,257.24,1552.23,69.8,HIGH
0.4251,0.277,2223.58,945.32,354.11,1299.43,58.4,MODERATE
0.5367,0.277,2223.58,1193.37,285.39,1478.76,66.5,HIGH
0.5824,0.277,2223.58,1295.09,257.22,1552.3,69.8,HIGH
0.4058,0.277,2223.58,902.29,366.03,1268.32,57.0,MODERATE
0.4573,0.277,2223.58,1016.9,334.28,1351.18,60.8,MODERATE
0.6437,0.277,2223.58,1431.38,219.46,1650.84,74.2,CRITICAL
0.5749,0.277,2223.58,1278.36,261.85,1540.21,69.3,HIGH
0.3642,0.277,2223.58,809.92,391.62,1201.54,54.0,LOW
0.2921,0.277,2223.58,649.4,436.09,1085.49,48.8,LOW
0.2124,0.277,2223.58,472.22,485.17,957.39,43.1,LOW
0.4132,0.277,2223.58,918.85,361.44,1280.29,57.6,MODERATE
0.3911,0.277,2223.58,869.71,375.06,1244.76,56.0,MODERATE
0.5912,0.277,2223.58,1314.5,251.84,1566.34,70.4,HIGH
0.6037,0.277,2223.58,1342.32,244.13,1586.45,71.3,HIGH
0.4633,0.277,2223.58,1030.24,330.58,1360.83,61.2,MODERATE
0.5337,0.277,2223.58,1186.62,287.26,1473.88,66.3,HIGH
0.3491,0.277,2223.58,776.33,400.92,1177.25,52.9,LOW
0.6243,0.277,2223.58,1388.2,231.42,1619.62,72.8,CRITICAL
0.4877,0.277,2223.58,1084.49,315.56,1400.05,63.0,MODERATE
0.562,0.277,2223.58,1249.69,269.79,1519.48,68.3,HIGH
0.577,0.277,2223.58,1282.94,260.58,1543.52,69.4,HIGH
0.5119,0.277,2223.58,1138.25,300.66,1438.91,64.7,MODERATE
0.5022,0.277,2223.58,1116.79,306.61,1423.4,64.0,MODERATE
0.6941,0.277,2223.58,1543.43,188.42,1731.85,77.9,CRITICAL
0.5267,0.277,2223.58,1171.08,291.57,1462.65,65.8,HIGH
0.466,0.277,2223.58,1036.23,328.93,1365.15,61.4,MODERATE
0.6133,0.277,2223.58,1363.78,238.19,1601.97,72.0,CRITICAL
0.553,0.277,2223.58,1229.71,275.33,1505.04,67.7,HIGH
0.4521,0.277,2223.58,1005.21,337.52,1342.73,60.4,MODERATE
0.4511,0.277,2223.58,1003.13,338.09,1341.22,60.3,MODERATE
0.462,0.277,2223.58,1027.22,331.42,1358.64,61.1,MODERATE
0.4607,0.277,2223.58,1024.34,332.22,1356.56,61.0,MODERATE
0.5441,0.277,2223.58,1209.84,280.83,1490.67,67.0,HIGH
0.5028,0.277,2223.58,1117.96,306.28,1424.25,64.1,MODERATE
0.4737,0.277,2223.58,1053.31,324.19,1377.51,61.9,MODERATE
0.4143,0.277,2223.58,921.16,360.8,1281.96,57.7,MODERATE
0.4751,0.277,2223.58,1056.45,323.32,1379.78,62.1,MODERATE
0.3976,0.277,2223.58,884.18,371.05,1255.23,56.5,MODERATE
0.608,0.277,2223.58,1351.99,241.45,1593.44,71.7,HIGH
0.1995,0.277,2223.58,443.54,493.12,936.65,42.1,LOW
0.5259,0.277,2223.58,1169.3,292.06,1461.36,65.7,HIGH
0.4247,0.277,2223.58,944.37,354.37,1298.75,58.4,MODERATE
0.4223,0.277,2223.58,938.97,355.87,1294.84,58.2,MODERATE
0.4815,0.277,2223.58,1070.71,319.37,1390.08,62.5,MODERATE
0.4491,0.277,2223.58,998.56,339.36,1337.92,60.2,MODERATE
0.4537,0.277,2223.58,1008.81,336.52,1345.33,60.5,MODERATE
0.6113,0.277,2223.58,1359.33,239.42,1598.75,71.9,HIGH
0.4491,0.277,2223.58,998.56,339.36,1337.92,60.2,MODERATE
0.6729,0.277,2223.58,1496.25,201.49,1697.74,76.4,CRITICAL
0.4999,0.277,2223.58,1111.58,308.05,1419.63,63.8,MODERATE
0.383,0.277,2223.58,851.71,380.04,1231.75,55.4,MODERATE
0.5654,0.277,2223.58,1257.14,267.73,1524.87,68.6,HIGH
0.5758,0.277,2223.58,1280.3,261.31,1541.61,69.3,HIGH
0.6726,0.277,2223.58,1495.65,201.66,1697.3,76.3,CRITICAL
0.3148,0.277,2223.58,700.03,422.06,1122.09,50.5,LOW
0.3825,0.277,2223.58,850.63,380.34,1230.97,55.4,MODERATE
0.519,0.277,2223.58,1153.94,296.32,1450.25,65.2,HIGH
0.6525,0.277,2223.58,1450.9,214.05,1664.95,74.9,CRITICAL
0.5054,0.277,2223.58,1123.84,304.65,1428.5,64.2,MODERATE
0.6242,0.277,2223.58,1388.03,231.47,1619.49,72.8,CRITICAL
0.5266,0.277,2223.58,1170.9,291.62,1462.52,65.8,HIGH
0.4159,0.277,2223.58,924.78,359.8,1284.58,57.8,MODERATE
0.3818,0.277,2223.58,848.96,380.8,1229.76,55.3,MODERATE
0.5266,0.277,2223.58,1170.96,291.6,1462.56,65.8,HIGH
0.5139,0.277,2223.58,1142.79,299.4,1442.2,64.9,MODERATE
0.6629,0.277,2223.58,1474.12,207.62,1681.74,75.6,CRITICAL
0.5442,0.277,2223.58,1210.05,280.77,1490.82,67.0,HIGH
0.662,0.277,2223.58,1472.09,208.18,1680.27,75.6,CRITICAL
0.4576,0.277,2223.58,1017.5,334.11,1351.61,60.8,MODERATE
0.5615,0.277,2223.58,1248.59,270.1,1518.69,68.3,HIGH
0.52,0.277,2223.58,1156.18,295.69,1451.88,65.3,HIGH
0.6219,0.277,2223.58,1382.81,232.92,1615.72,72.7,CRITICAL
0.345,0.277,2223.58,767.07,403.49,1170.56,52.6,LOW
0.4342,0.277,2223.58,965.46,348.53,1313.99,59.1,MODERATE
0.7454,0.277,2223.58,1657.38,156.85,1814.23,81.6,CRITICAL
0.4829,0.277,2223.58,1073.77,318.53,1392.3,62.6,MODERATE
0.5707,0.277,2223.58,1268.9,264.47,1533.37,69.0,HIGH
0.555,0.277,2223.58,1234.08,274.11,1508.2,67.8,HIGH
0.4553,0.277,2223.58,1012.33,335.55,1347.88,60.6,MODERATE
0.3757,0.277,2223.58,835.3,384.59,1219.89,54.9,LOW
0.3871,0.277,2223.58,860.67,377.56,1238.23,55.7,MODERATE
0.4159,0.277,2223.58,924.79,359.8,1284.58,57.8,MODERATE
0.607,0.277,2223.58,1349.78,242.06,1591.84,71.6,HIGH
0.5228,0.277,2223.58,1162.57,293.93,1456.49,65.5,HIGH
0.512,0.277,2223.58,1138.41,300.62,1439.03,64.7,MODERATE
0.5429,0.277,2223.58,1207.14,281.58,1488.72,67.0,HIGH
0.3825,0.277,2223.58,850.58,380.36,1230.93,55.4,MODERATE
0.2315,0.277,2223.58,514.83,473.37,988.19,44.4,LOW
0.392,0.277,2223.58,871.63,374.52,1246.15,56.0,MODERATE
0.4954,0.277,2223.58,1101.52,310.84,1412.36,63.5,MODERATE
0.4811,0.277,2223.58,1069.67,319.66,1389.33,62.5,MODERATE
0.3333,0.277,2223.58,741.21,410.65,1151.86,51.8,LOW
0.4382,0.277,2223.58,974.28,346.09,1320.37,59.4,MODERATE
0.5764,0.277,2223.58,1281.62,260.95,1542.57,69.4,HIGH
0.2661,0.277,2223.58,591.62,452.09,1043.71,46.9,LOW
0.3924,0.277,2223.58,872.5,374.28,1246.78,56.1,MODERATE
0.2671,0.277,2223.58,593.99,451.44,1045.42,47.0,LOW
0.4707,0.277,2223.58,1046.64,326.04,1372.68,61.7,MODERATE
0.3255,0.277,2223.58,723.72,415.5,1139.22,51.2,LOW
0.449,0.277,2223.58,998.46,339.39,1337.85,60.2,MODERATE
0.6363,0.277,2223.58,1414.82,224.05,1638.87,73.7,CRITICAL
0.415,0.277,2223.58,922.71,360.37,1283.09,57.7,MODERATE
0.381,0.277,2223.58,847.12,381.31,1228.43,55.2,MODERATE
0.51,0.277,2223.58,1134.05,301.83,1435.88,64.6,MODERATE
0.5567,0.277,2223.58,1237.85,273.07,1510.92,68.0,HIGH
0.466,0.277,2223.58,1036.24,328.92,1365.16,61.4,MODERATE
0.435,0.277,2223.58,967.17,348.06,1315.23,59.1,MODERATE
0.446,0.277,2223.58,991.77,341.24,1333.01,59.9,MODERATE
0.4734,0.277,2223.58,1052.64,324.38,1377.02,61.9,MODERATE
0.537,0.277,2223.58,1193.97,285.23,1479.2,66.5,HIGH
0.491,0.277,2223.58,1091.86,313.52,1405.37,63.2,MODERATE
0.494,0.277,2223.58,1098.4,311.7,1410.11,63.4,MODERATE
0.4578,0.277,2223.58,1017.86,334.01,1351.87,60.8,MODERATE
0.4145,0.277,2223.58,921.65,360.67,1282.32,57.7,MODERATE
0.4904,0.277,2223.58,1090.41,313.92,1404.33,63.2,MODERATE
0.4826,0.277,2223.58,1073.01,318.74,1391.75,62.6,MODERATE
0.4066,0.277,2223.58,904.07,365.54,1269.61,57.1,MODERATE
0.6171,0.277,2223.58,1372.27,235.83,1608.1,72.3,CRITICAL
0.6224,0.277,2223.58,1383.85,232.63,1616.48,72.7,CRITICAL
0.55,0.277,2223.58,1223.02,277.18,1500.2,67.5,HIGH
0.5673,0.277,2223.58,1261.33,266.57,1527.9,68.7,HIGH
0.6842,0.277,2223.58,1521.39,194.52,1715.92,77.2,CRITICAL
0.3734,0.277,2223.58,830.2,386.0,1216.2,54.7,LOW
0.3933,0.277,2223.58,874.52,373.72,1248.24,56.1,MODERATE
0.4134,0.277,2223.58,919.18,361.35,1280.53,57.6,MODERATE
0.5374,0.277,2223.58,1194.99,284.94,1479.94,66.6,HIGH
0.3778,0.277,2223.58,839.99,383.29,1223.28,55.0,MODERATE
0.4898,0.277,2223.58,1089.07,314.29,1403.36,63.1,MODERATE
0.5097,0.277,2223.58,1133.4,302.01,1435.41,64.6,MODERATE
0.6937,0.277,2223.58,1542.57,188.66,1731.23,77.9,CRITICAL
0.5404,0.277,2223.58,1201.63,283.1,1484.74,66.8,HIGH
0.3056,0.277,2223.58,679.42,427.77,1107.19,49.8,LOW
0.5163,0.277,2223.58,1147.98,297.97,1445.95,65.0,HIGH
0.5228,0.277,2223.58,1162.45,293.96,1456.41,65.5,HIGH
0.2714,0.277,2223.58,603.38,448.84,1052.21,47.3,LOW
0.2055,0.277,2223.58,456.85,489.43,946.28,42.6,LOW
0.2878,0.277,2223.58,639.94,438.71,1078.65,48.5,LOW
0.6462,0.277,2223.58,1436.92,217.92,1654.84,74.4,CRITICAL
0.4866,0.277,2223.58,1082.04,316.24,1398.27,62.9,MODERATE
0.4966,0.277,2223.58,1104.22,310.09,1414.31,63.6,MODERATE
0.3849,0.277,2223.58,855.75,378.92,1234.67,55.5,MODERATE
0.4097,0.277,2223.58,911.03,363.61,1274.64,57.3,MODERATE
0.4667,0.277,2223.58,1037.75,328.5,1366.26,61.4,MODERATE
0.3298,0.277,2223.58,733.35,412.83,1146.18,51.5,LOW
0.5314,0.277,2223.58,1181.63,288.65,1470.28,66.1,HIGH
0.6211,0.277,2223.58,1381.09,233.39,1614.48,72.6,CRITICAL
0.5225,0.277,2223.58,1161.77,294.15,1455.92,65.5,HIGH
0.6689,0.277,2223.58,1487.33,203.96,1691.29,76.1,CRITICAL
0.4491,0.277,2223.58,998.67,339.33,1338.0,60.2,MODERATE
0.4103,0.277,2223.58,912.44,363.22,1275.66,57.4,MODERATE
0.4865,0.277,2223.58,1081.79,316.3,1398.1,62.9,MODERATE
0.4828,0.277,2223.58,1073.62,318.57,1392.18,62.6,MODERATE
0.4251,0.277,2223.58,945.27,354.12,1299.4,58.4,MODERATE
0.5551,0.277,2223.58,1234.31,274.05,1508.36,67.8,HIGH
0.3859,0.277,2223.58,858.1,378.27,1236.37,55.6,MODERATE
0.4934,0.277,2223.58,1097.15,312.05,1409.2,63.4,MODERATE
0.4067,0.277,2223.58,904.41,365.44,1269.85,57.1,MODERATE
0.5238,0.277,2223.58,1164.64,293.35,1457.99,65.6,HIGH
0.4686,0.277,2223.58,1042.07,327.31,1369.38,61.6,MODERATE
0.4975,0.277,2223.58,1106.34,309.5,1415.85,63.7,MODERATE
0.4133,0.277,2223.58,919.1,361.37,1280.47,57.6,MODERATE
0.5836,0.277,2223.58,1297.75,256.48,1554.22,69.9,HIGH
0.4238,0.277,2223.58,942.44,354.91,1297.35,58.3,MODERATE
0.4044,0.277,2223.58,899.24,366.87,1266.12,56.9,MODERATE
0.5256,0.277,2223.58,1168.73,292.22,1460.95,65.7,HIGH
0.4657,0.277,2223.58,1035.42,329.15,1364.57,61.4,MODERATE
0.5113,0.277,2223.58,1136.81,301.06,1437.87,64.7,MODERATE
0.4761,0.277,2223.58,1058.58,322.73,1381.31,62.1,MODERATE
0.4566,0.277,2223.58,1015.21,334.75,1349.96,60.7,MODERATE
0.5273,0.277,2223.58,1172.56,291.16,1463.72,65.8,HIGH
0.5284,0.277,2223.58,1175.04,290.47,1465.51,65.9,HIGH
0.6582,0.277,2223.58,1463.61,210.53,1674.14,75.3,CRITICAL
0.4316,0.277,2223.58,959.62,350.15,1309.77,58.9,MODERATE
0.5985,0.277,2223.58,1330.87,247.3,1578.18,71.0,HIGH
0.3804,0.277,2223.58,845.95,381.64,1227.59,55.2,MODERATE
0.4092,0.277,2223.58,909.9,363.92,1273.82,57.3,MODERATE
0.5837,0.277,2223.58,1297.85,256.45,1554.3,69.9,HIGH
0.5662,0.277,2223.58,1258.97,267.22,1526.19,68.6,HIGH
0.6547,0.277,2223.58,1455.87,212.67,1668.55,75.0,CRITICAL
0.5053,0.277,2223.58,1123.5,304.75,1428.25,64.2,MODERATE
0.4789,0.277,2223.58,1064.97,320.96,1385.94,62.3,MODERATE
0.4114,0.277,2223.58,914.76,362.57,1277.34,57.4,MODERATE
0.4874,0.277,2223.58,1083.72,315.77,1399.49,62.9,MODERATE
0.5301,0.277,2223.58,1178.71,289.45,1468.16,66.0,HIGH
0.3601,0.277,2223.58,800.71,394.17,1194.88,53.7,LOW
0.419,0.277,2223.58,931.62,357.9,1289.53,58.0,MODERATE
0.5703,0.277,2223.58,1268.05,264.71,1532.76,68.9,HIGH
0.6732,0.277,2223.58,1496.93,201.3,1698.23,76.4,CRITICAL
0.6677,0.277,2223.58,1484.74,204.68,1689.42,76.0,CRITICAL
0.3611,0.277,2223.58,802.92,393.56,1196.48,53.8,LOW
0.5388,0.277,2223.58,1198.04,284.1,1482.14,66.7,HIGH
0.2132,0.277,2223.58,474.02,484.67,958.69,43.1,LOW
0.5037,0.277,2223.58,1120.1,305.69,1425.79,64.1,MODERATE
0.4072,0.277,2223.58,905.51,365.14,1270.64,57.1,MODERATE
0.6191,0.277,2223.58,1376.56,234.64,1611.21,72.5,CRITICAL
0.5537,0.277,2223.58,1231.22,274.91,1506.13,67.7,HIGH
0.405,0.277,2223.58,900.6,366.5,1267.1,57.0,MODERATE
0.4523,0.277,2223.58,1005.69,337.39,1343.07,60.4,MODERATE
0.3912,0.277,2223.58,869.9,375.0,1244.91,56.0,MODERATE
0.5782,0.277,2223.58,1285.63,259.84,1545.46,69.5,HIGH
0.584,0.277,2223.58,1298.48,256.28,1554.75,69.9,HIGH
0.3624,0.277,2223.58,805.73,392.78,1198.51,53.9,LOW
0.5453,0.277,2223.58,1212.45,280.11,1492.56,67.1,HIGH
0.3827,0.277,2223.58,850.9,380.27,1231.17,55.4,MODERATE
0.3973,0.277,2223.58,883.41,371.26,1254.67,56.4,MODERATE
0.5406,0.277,2223.58,1202.07,282.98,1485.06,66.8,HIGH
0.5376,0.277,2223.58,1195.29,284.86,1480.15,66.6,HIGH
0.4173,0.277,2223.58,927.95,358.92,1286.87,57.9,MODERATE
0.5498,0.277,2223.58,1222.53,277.31,1499.85,67.5,HIGH
0.4554,0.277,2223.58,1012.59,335.47,1348.06,60.6,MODERATE
0.4398,0.277,2223.58,977.94,345.07,1323.01,59.5,MODERATE
0.4849,0.277,2223.58,1078.22,317.29,1395.51,62.8,MODERATE
0.5438,0.277,2223.58,1209.13,281.03,1490.16,67.0,HIGH
0.2018,0.277,2223.58,448.69,491.69,940.38,42.3,LOW
0.3038,0.277,2223.58,675.61,428.83,1104.43,49.7,LOW
0.6722,0.277,2223.58,1494.75,201.9,1696.65,76.3,CRITICAL
0.6246,0.277,2223.58,1388.93,231.22,1620.15,72.9,CRITICAL
0.5514,0.277,2223.58,1226.19,276.3,1502.49,67.6,HIGH
0.4688,0.277,2223.58,1042.52,327.18,1369.7,61.6,MODERATE
0.3688,0.277,2223.58,819.97,388.83,1208.81,54.4,LOW
0.6204,0.277,2223.58,1379.59,233.81,1613.39,72.6,CRITICAL
0.5373,0.277,2223.58,1194.77,285.01,1479.77,66.5,HIGH
0.1723,0.277,2223.58,383.07,509.87,892.94,40.2,LOW
0.6283,0.277,2223.58,1396.98,228.99,1625.97,73.1,CRITICAL
0.5028,0.277,2223.58,1117.98,306.28,1424.26,64.1,MODERATE
0.3681,0.277,2223.58,818.43,389.26,1207.69,54.3,LOW
0.4409,0.277,2223.58,980.46,344.38,1324.83,59.6,MODERATE
0.5774,0.277,2223.58,1283.9,260.31,1544.22,69.4,HIGH
0.4379,0.277,2223.58,973.61,346.27,1319.88,59.4,MODERATE
0.462,0.277,2223.58,1027.21,331.42,1358.64,61.1,MODERATE
0.4216,0.277,2223.58,937.5,356.28,1293.78,58.2,MODERATE
0.5667,0.277,2223.58,1260.2,266.88,1527.08,68.7,HIGH
0.4919,0.277,2223.58,1093.83,312.97,1406.8,63.3,MODERATE
0.6353,0.277,2223.58,1412.59,224.66,1637.26,73.6,CRITICAL
0.6039,0.277,2223.58,1342.92,243.96,1586.89,71.4,HIGH
0.4182,0.277,2223.58,929.99,358.36,1288.35,57.9,MODERATE
0.5113,0.277,2223.58,1136.81,301.06,1437.87,64.7,MODERATE
0.5697,0.277,2223.58,1266.7,265.08,1531.78,68.9,HIGH
0.3809,0.277,2223.58,846.99,381.35,1228.34,55.2,MODERATE
0.5448,0.277,2223.58,1211.42,280.39,1491.81,67.1,HIGH
0.523,0.277,2223.58,1162.83,293.85,1456.68,65.5,HIGH
0.49,0.277,2223.58,1089.49,314.17,1403.66,63.1,MODERATE
0.536,0.277,2223.58,1191.77,285.84,1477.61,66.5,HIGH
0.433,0.277,2223.58,962.78,349.27,1312.05,59.0,MODERATE
0.6083,0.277,2223.58,1352.61,241.28,1593.89,71.7,HIGH
0.5781,0.277,2223.58,1285.48,259.88,1545.36,69.5,HIGH
0.4193,0.277,2223.58,932.38,357.69,1290.07,58.0,MODERATE
0.4499,0.277,2223.58,1000.41,338.85,1339.26,60.2,MODERATE
0.5245,0.277,2223.58,1166.26,292.9,1459.16,65.6,HIGH
0.4902,0.277,2223.58,1090.1,314.0,1404.1,63.1,MODERATE
0.6154,0.277,2223.58,1368.49,236.88,1605.37,72.2,CRITICAL
0.5607,0.277,2223.58,1246.78,270.6,1517.38,68.2,HIGH
0.4604,0.277,2223.58,1023.81,332.37,1356.18,61.0,MODERATE
0.4323,0.277,2223.58,961.22,349.71,1310.92,59.0,MODERATE
0.3089,0.277,2223.58,686.79,425.73,1112.52,50.0,LOW
0.6469,0.277,2223.58,1438.36,217.53,1655.89,74.5,CRITICAL
0.4192,0.277,2223.58,932.07,357.78,1289.85,58.0,MODERATE
0.5357,0.277,2223.58,1191.28,285.97,1477.25,66.4,HIGH
0.5505,0.277,2223.58,1224.08,276.89,1500.97,67.5,HIGH
0.4671,0.277,2223.58,1038.57,328.28,1366.85,61.5,MODERATE
0.4868,0.277,2223.58,1082.35,316.15,1398.5,62.9,MODERATE
0.623,0.277,2223.58,1385.3,232.23,1617.52,72.7,CRITICAL
0.3792,0.277,2223.58,843.1,382.43,1225.52,55.1,MODERATE
0.4172,0.277,2223.58,927.74,358.98,1286.72,57.9,MODERATE
0.5702,0.277,2223.58,1267.8,264.78,1532.57,68.9,HIGH
0.5898,0.277,2223.58,1311.58,252.65,1564.22,70.3,HIGH
0.5148,0.277,2223.58,1144.8,298.85,1443.65,64.9,MODERATE
0.5592,0.277,2223.58,1243.39,271.54,1514.92,68.1,HIGH
0.4324,0.277,2223.58,961.45,349.64,1311.09,59.0,MODERATE
0.2944,0.277,2223.58,654.62,434.64,1089.26,49.0,LOW
0.6328,0.277,2223.58,1407.15,226.17,1633.32,73.5,CRITICAL
0.4562,0.277,2223.58,1014.35,334.99,1349.33,60.7,MODERATE
0.5385,0.277,2223.58,1197.34,284.29,1481.63,66.6,HIGH
0.4325,0.277,2223.58,961.69,349.57,1311.27,59.0,MODERATE
0.4183,0.277,2223.58,930.11,358.32,1288.43,57.9,MODERATE
0.4412,0.277,2223.58,981.03,344.22,1325.24,59.6,MODERATE
0.6189,0.277,2223.58,1376.24,234.73,1610.97,72.4,CRITICAL
0.5202,0.277,2223.58,1156.7,295.55,1452.25,65.3,HIGH
0.6018,0.277,2223.58,1338.2,245.27,1583.47,71.2,HIGH
0.4469,0.277,2223.58,993.64,340.72,1334.36,60.0,MODERATE
0.6047,0.277,2223.58,1344.58,243.51,1588.08,71.4,HIGH
0.5455,0.277,2223.58,1212.95,279.97,1492.92,67.1,HIGH
0.4876,0.277,2223.58,1084.15,315.65,1399.8,63.0,MODERATE
0.4216,0.277,2223.58,937.56,356.26,1293.82,58.2,MODERATE
0.4267,0.277,2223.58,948.72,353.17,1301.89,58.5,MODERATE
0.6735,0.277,2223.58,1497.49,201.15,1698.63,76.4,CRITICAL
0.3855,0.277,2223.58,857.19,378.52,1235.71,55.6,MODERATE
0.5919,0.277,2223.58,1316.21,251.36,1567.57,70.5,HIGH
0.1927,0.277,2223.58,428.51,497.28,925.79,41.6,LOW
0.5968,0.277,2223.58,1326.96,248.39,1575.34,70.8,HIGH
0.5207,0.277,2223.58,1157.92,295.21,1453.14,65.4,HIGH
0.4008,0.277,2223.58,891.26,369.09,1260.34,56.7,MODERATE
0.4548,0.277,2223.58,1011.23,335.85,1347.08,60.6,MODERATE
0.4797,0.277,2223.58,1066.57,320.52,1387.09,62.4,MODERATE
0.5623,0.277,2223.58,1250.36,269.61,1519.96,68.4,HIGH
0.2198,0.277,2223.58,488.66,480.62,969.27,43.6,LOW
0.385,0.277,2223.58,856.03,378.85,1234.87,55.5,MODERATE
0.4117,0.277,2223.58,915.34,362.41,1277.76,57.5,MODERATE
0.4851,0.277,2223.58,1078.65,317.17,1395.83,62.8,MODERATE
0.4563,0.277,2223.58,1014.59,334.92,1349.51,60.7,MODERATE
0.4055,0.277,2223.58,901.61,366.22,1267.83,57.0,MODERATE
0.5069,0.277,2223.58,1127.23,303.72,1430.95,64.4,MODERATE
0.6141,0.277,2223.58,1365.56,237.69,1603.25,72.1,CRITICAL
0.5618,0.277,2223.58,1249.14,269.94,1519.09,68.3,HIGH
0.5506,0.277,2223.58,1224.21,276.85,1501.06,67.5,HIGH
0.6656,0.277,2223.58,1480.08,205.97,1686.05,75.8,CRITICAL
0.4406,0.277,2223.58,979.79,344.56,1324.35,59.6,MODERATE
0.4828,0.277,2223.58,1073.48,318.6,1392.09,62.6,MODERATE
0.4425,0.277,2223.58,983.91,343.42,1327.33,59.7,MODERATE
0.5927,0.277,2223.58,1317.9,250.9,1568.79,70.6,HIGH
0.5142,0.277,2223.58,1143.35,299.25,1442.6,64.9,MODERATE
0.4388,0.277,2223.58,975.78,345.67,1321.45,59.4,MODERATE
0.4629,0.277,2223.58,1029.35,330.83,1360.18,61.2,MODERATE
0.5487,0.277,2223.58,1220.08,277.99,1498.07,67.4,HIGH
0.4796,0.277,2223.58,1066.43,320.56,1386.99,62.4,MODERATE
0.3815,0.277,2223.58,848.19,381.02,1229.21,55.3,MODERATE
0.4353,0.277,2223.58,967.93,347.85,1315.78,59.2,MODERATE
0.5562,0.277,2223.58,1236.73,273.38,1510.12,67.9,HIGH
0.4161,0.277,2223.58,925.33,359.65,1284.98,57.8,MODERATE
0.4378,0.277,2223.58,973.46,346.31,1319.77,59.4,MODERATE
0.7043,0.277,2223.58,1566.13,182.13,1748.26,78.6,CRITICAL
0.3438,0.277,2223.58,764.46,404.21,1168.67,52.6,LOW
0.4724,0.277,2223.58,1050.53,324.96,1375.49,61.9,MODERATE
0.5332,0.277,2223.58,1185.69,287.52,1473.21,66.3,HIGH
0.502,0.277,2223.58,1116.21,306.77,1422.98,64.0,MODERATE
0.4197,0.277,2223.58,933.21,357.47,1290.67,58.0,MODERATE
0.6057,0.277,2223.58,1346.9,242.86,1589.76,71.5,HIGH
0.6076,0.277,2223.58,1351.09,241.7,1592.79,71.6,HIGH
0.5959,0.277,2223.58,1325.06,248.91,1573.97,70.8,HIGH
0.5583,0.277,2223.58,1241.32,272.11,1513.43,68.1,HIGH
0.5279,0.277,2223.58,1173.91,290.79,1464.69,65.9,HIGH
0.4617,0.277,2223.58,1026.64,331.58,1358.22,61.1,MODERATE
0.4148,0.277,2223.58,922.31,360.48,1282.79,57.7,MODERATE
0.467,0.277,2223.58,1038.43,328.32,1366.74,61.5,MODERATE
0.4005,0.277,2223.58,890.47,369.3,1259.78,56.7,MODERATE
0.4985,0.277,2223.58,1108.36,308.94,1417.3,63.7,MODERATE
0.5108,0.277,2223.58,1135.91,301.31,1437.22,64.6,MODERATE
0.4629,0.277,2223.58,1029.33,330.84,1360.17,61.2,MODERATE
0.4951,0.277,2223.58,1100.88,311.01,1411.9,63.5,MODERATE
0.319,0.277,2223.58,709.34,419.48,1128.82,50.8,LOW
0.5003,0.277,2223.58,1112.43,307.82,1420.25,63.9,MODERATE
0.5926,0.277,2223.58,1317.7,250.95,1568.65,70.5,HIGH
0.6998,0.277,2223.58,1556.07,184.92,1740.99,78.3,CRITICAL
0.4813,0.277,2223.58,1070.14,319.53,1389.67,62.5,MODERATE
0.4351,0.277,2223.58,967.4,347.99,1315.39,59.2,MODERATE
0.5996,0.277,2223.58,1333.25,246.64,1579.9,71.1,HIGH
0.6089,0.277,2223.58,1354.05,240.88,1594.93,71.7,HIGH
0.493,0.277,2223.58,1096.34,312.27,1408.61,63.3,MODERATE
0.6236,0.277,2223.58,1386.52,231.89,1618.41,72.8,CRITICAL
0.3931,0.277,2223.58,874.08,373.85,1247.92,56.1,MODERATE
0.6588,0.277,2223.58,1465.01,210.14,1675.15,75.3,CRITICAL
0.5012,0.277,2223.58,1114.55,307.23,1421.78,63.9,MODERATE
0.4818,0.277,2223.58,1071.33,319.2,1390.53,62.5,MODERATE
0.768,0.277,2223.58,1707.64,142.93,1850.57,83.2,CRITICAL
0.4305,0.277,2223.58,957.19,350.82,1308.01,58.8,MODERATE
0.4293,0.277,2223.58,954.64,351.53,1306.17,58.7,MODERATE
0.3694,0.277,2223.58,821.36,388.45,1209.81,54.4,LOW
0.5534,0.277,2223.58,1230.46,275.12,1505.58,67.7,HIGH
0.4413,0.277,2223.58,981.18,344.18,1325.35,59.6,MODERATE
0.3566,0.277,2223.58,792.91,396.33,1189.24,53.5,LOW
0.6484,0.277,2223.58,1441.76,216.58,1658.34,74.6,CRITICAL
0.5833,0.277,2223.58,1296.96,256.7,1553.66,69.9,HIGH
0.5801,0.277,2223.58,1289.99,258.63,1548.62,69.6,HIGH
0.4896,0.277,2223.58,1088.63,314.41,1403.04,63.1,MODERATE
0.3111,0.277,2223.58,691.7,424.37,1116.07,50.2,LOW
0.54,0.277,2223.58,1200.84,283.32,1484.17,66.7,HIGH
0.4855,0.277,2223.58,1079.64,316.9,1396.54,62.8,MODERATE
0.633,0.277,2223.58,1407.59,226.05,1633.64,73.5,CRITICAL
0.5457,0.277,2223.58,1213.43,279.84,1493.27,67.2,HIGH
0.3065,0.277,2223.58,681.44,427.21,1108.65,49.9,LOW
0.4659,0.277,2223.58,1035.88,329.02,1364.9,61.4,MODERATE
0.5675,0.277,2223.58,1261.95,266.4,1528.34,68.7,HIGH
0.7276,0.277,2223.58,1617.8,167.82,1785.62,80.3,CRITICAL
0.4038,0.277,2223.58,897.93,367.24,1265.17,56.9,MODERATE
0.4037,0.277,2223.58,897.75,367.29,1265.03,56.9,MODERATE
0.5022,0.277,2223.58,1116.62,306.65,1423.28,64.0,MODERATE
0.5375,0.277,2223.58,1195.26,284.87,1480.13,66.6,HIGH
0.4047,0.277,2223.58,899.86,366.7,1266.56,57.0,MODERATE
0.4455,0.277,2223.58,990.55,341.58,1332.13,59.9,MODERATE
0.3784,0.277,2223.58,841.42,382.89,1224.31,55.1,MODERATE
0.4136,0.277,2223.58,919.65,361.22,1280.87,57.6,MODERATE
0.3334,0.277,2223.58,741.25,410.64,1151.89,51.8,LOW
0.3934,0.277,2223.58,874.74,373.66,1248.4,56.1,MODERATE
0.4332,0.277,2223.58,963.27,349.14,1312.41,59.0,MODERATE
0.6229,0.277,2223.58,1385.16,232.26,1617.42,72.7,CRITICAL
0.4824,0.277,2223.58,1072.68,318.83,1391.51,62.6,MODERATE
0.504,0.277,2223.58,1120.74,305.51,1426.25,64.1,MODERATE
0.4962,0.277,2223.58,1103.32,310.34,1413.66,63.6,MODERATE
0.3977,0.277,2223.58,884.28,371.02,1255.3,56.5,MODERATE
0.5551,0.277,2223.58,1234.36,274.04,1508.4,67.8,HIGH
0.3875,0.277,2223.58,861.73,377.27,1239.0,55.7,MODERATE
0.2862,0.277,2223.58,636.43,439.68,1076.11,48.4,LOW
0.4612,0.277,2223.58,1025.55,331.88,1357.43,61.0,MODERATE
0.4042,0.277,2223.58,898.72,367.02,1265.74,56.9,MODERATE
0.4104,0.277,2223.58,912.62,363.17,1275.79,57.4,MODERATE
0.3981,0.277,2223.58,885.24,370.75,1255.99,56.5,MODERATE
0.4695,0.277,2223.58,1043.99,326.78,1370.76,61.6,MODERATE
0.5688,0.277,2223.58,1264.76,265.62,1530.38,68.8,HIGH
0.6761,0.277,2223.58,1503.45,199.49,1702.95,76.6,CRITICAL
0.5246,0.277,2223.58,1166.6,292.81,1459.41,65.6,HIGH
0.4224,0.277,2223.58,939.35,355.76,1295.11,58.2,MODERATE
0.5176,0.277,2223.58,1150.97,297.14,1448.11,65.1,HIGH
0.3447,0.277,2223.58,766.58,403.63,1170.2,52.6,LOW
0.4154,0.277,2223.58,923.58,360.13,1283.71,57.7,MODERATE
0.503,0.277,2223.58,1118.48,306.14,1424.62,64.1,MODERATE
0.3529,0.277,2223.58,784.68,398.61,1183.29,53.2,LOW
0.4386,0.277,2223.58,975.34,345.79,1321.14,59.4,MODERATE
0.5025,0.277,2223.58,1117.38,306.44,1423.83,64.0,MODERATE
0.3818,0.277,2223.58,848.9,380.82,1229.72,55.3,MODERATE
0.5764,0.277,2223.58,1281.57,260.96,1542.53,69.4,HIGH
0.3851,0.277,2223.58,856.22,378.79,1235.02,55.5,MODERATE
0.495,0.277,2223.58,1100.6,311.09,1411.7,63.5,MODERATE
0.5249,0.277,2223.58,1167.21,292.64,1459.85,65.7,HIGH
0.5284,0.277,2223.58,1175.0,290.48,1465.48,65.9,HIGH
0.5324,0.277,2223.58,1183.93,288.01,1471.94,66.2,HIGH
0.5051,0.277,2223.58,1123.03,304.88,1427.91,64.2,MODERATE
0.6037,0.277,2223.58,1342.28,244.14,1586.42,71.3,HIGH
0.6087,0.277,2223.58,1353.53,241.03,1594.55,71.7,HIGH
0.5441,0.277,2223.58,1209.79,280.84,1490.64,67.0,HIGH
0.4589,0.277,2223.58,1020.49,333.29,1353.77,60.9,MODERATE
0.5473,0.277,2223.58,1216.87,278.88,1495.75,67.3,HIGH
0.4341,0.277,2223.58,965.29,348.58,1313.86,59.1,MODERATE
0.5931,0.277,2223.58,1318.83,250.64,1569.46,70.6,HIGH
0.559,0.277,2223.58,1243.01,271.64,1514.66,68.1,HIGH
0.5352,0.277,2223.58,1190.17,286.28,1476.45,66.4,HIGH
0.4357,0.277,2223.58,968.8,347.6,1316.41,59.2,MODERATE
0.3902,0.277,2223.58,867.6,375.64,1243.24,55.9,MODERATE
0.3663,0.277,2223.58,814.49,390.35,1204.84,54.2,LOW
0.6516,0.277,2223.58,1448.8,214.63,1663.44,74.8,CRITICAL
0.4943,0.277,2223.58,1099.05,311.52,1410.57,63.4,MODERATE
0.4206,0.277,2223.58,935.31,356.88,1292.19,58.1,MODERATE
0.6294,0.277,2223.58,1399.59,228.27,1627.85,73.2,CRITICAL
0.4477,0.277,2223.58,995.48,340.21,1335.7,60.1,MODERATE
0.5098,0.277,2223.58,1133.49,301.98,1435.47,64.6,MODERATE
0.5325,0.277,2223.58,1184.13,287.95,1472.08,66.2,HIGH
0.4075,0.277,2223.58,906.04,364.99,1271.03,57.2,MODERATE
0.5211,0.277,2223.58,1158.81,294.97,1453.78,65.4,HIGH
0.6465,0.277,2223.58,1437.61,217.73,1655.34,74.4,CRITICAL
0.4274,0.277,2223.58,950.44,352.69,1303.13,58.6,MODERATE
0.4927,0.277,2223.58,1095.61,312.47,1408.09,63.3,MODERATE
0.6042,0.277,2223.58,1343.54,243.79,1587.33,71.4,HIGH
0.4856,0.277,2223.58,1079.74,316.87,1396.62,62.8,MODERATE
0.4312,0.277,2223.58,958.76,350.39,1309.15,58.9,MODERATE
0.4731,0.277,2223.58,1051.87,324.59,1376.46,61.9,MODERATE
0.5747,0.277,2223.58,1277.82,262.0,1539.82,69.2,HIGH
0.4172,0.277,2223.58,927.62,359.01,1286.63,57.9,MODERATE
0.4246,0.277,2223.58,944.08,354.45,1298.53,58.4,MODERATE
0.4467,0.277,2223.58,993.32,340.81,1334.13,60.0,MODERATE
0.4019,0.277,2223.58,893.77,368.39,1262.16,56.8,MODERATE
0.4304,0.277,2223.58,956.97,350.88,1307.85,58.8,MODERATE
0.4548,0.277,2223.58,1011.39,335.81,1347.2,60.6,MODERATE
0.4706,0.277,2223.58,1046.35,326.12,1372.47,61.7,MODERATE
0.4887,0.277,2223.58,1086.63,314.96,1401.59,63.0,MODERATE
0.6058,0.277,2223.58,1347.1,242.81,1589.91,71.5,HIGH
0.4872,0.277,2223.58,1083.23,315.9,1399.14,62.9,MODERATE
0.4261,0.277,2223.58,947.4,353.53,1300.93,58.5,MODERATE
0.5561,0.277,2223.58,1236.54,273.43,1509.97,67.9,HIGH
0.5555,0.277,2223.58,1235.28,273.78,1509.07,67.9,HIGH
0.5044,0.277,2223.58,1121.66,305.26,1426.92,64.2,MODERATE
0.68,0.277,2223.58,1512.04,197.11,1709.16,76.9,CRITICAL
0.5472,0.277,2223.58,1216.75,278.92,1495.67,67.3,HIGH
0.4288,0.277,2223.58,953.52,351.84,1305.36,58.7,MODERATE
0.485,0.277,2223.58,1078.38,317.25,1395.63,62.8,MODERATE
0.2632,0.277,2223.58,585.31,453.84,1039.15,46.7,LOW
0.4258,0.277,2223.58,946.91,353.67,1300.58,58.5,MODERATE
0.4511,0.277,2223.58,1003.04,338.12,1341.16,60.3,MODERATE
0.524,0.277,2223.58,1165.12,293.22,1458.34,65.6,HIGH
0.4188,0.277,2223.58,931.26,358.0,1289.27,58.0,MODERATE
0.4905,0.277,2223.58,1090.77,313.81,1404.59,63.2,MODERATE
0.442,0.277,2223.58,982.81,343.72,1326.54,59.7,MODERATE
0.5672,0.277,2223.58,1261.21,266.6,1527.81,68.7,HIGH
0.6138,0.277,2223.58,1364.82,237.9,1602.72,72.1,CRITICAL
0.4776,0.277,2223.58,1061.93,321.8,1383.74,62.2,MODERATE
0.4375,0.277,2223.58,972.75,346.51,1319.26,59.3,MODERATE
0.4007,0.277,2223.58,890.9,369.19,1260.08,56.7,MODERATE
0.5986,0.277,2223.58,1331.1,247.24,1578.34,71.0,HIGH
0.4781,0.277,2223.58,1063.15,321.47,1384.62,62.3,MODERATE
0.4925,0.277,2223.58,1095.2,312.59,1407.79,63.3,MODERATE
0.4434,0.277,2223.58,985.87,342.88,1328.75,59.8,MODERATE
0.4457,0.277,2223.58,990.98,341.46,1332.44,59.9,MODERATE
0.402,0.277,2223.58,893.8,368.38,1262.18,56.8,MODERATE
0.3366,0.277,2223.58,748.44,408.65,1157.09,52.0,LOW
0.5293,0.277,2223.58,1176.98,289.93,1466.92,66.0,HIGH
0.2144,0.277,2223.58,476.71,483.92,960.64,43.2,LOW
0.5482,0.277,2223.58,1219.01,278.29,1497.3,67.3,HIGH
0.5298,0.277,2223.58,1178.14,289.61,1467.76,66.0,HIGH
0.3651,0.277,2223.58,811.82,391.09,1202.91,54.1,LOW
0.4575,0.277,2223.58,1017.36,334.15,1351.51,60.8,MODERATE
0.5127,0.277,2223.58,1140.06,300.16,1440.22,64.8,MODERATE
0.5599,0.277,2223.58,1244.91,271.12,1516.02,68.2,HIGH
0.4283,0.277,2223.58,952.26,352.19,1304.45,58.7,MODERATE
0.5317,0.277,2223.58,1182.18,288.49,1470.67,66.1,HIGH
0.4257,0.277,2223.58,946.51,353.78,1300.29,58.5,MODERATE
0.654,0.277,2223.58,1454.16,213.15,1667.31,75.0,CRITICAL
0.4256,0.277,2223.58,946.43,353.8,1300.23,58.5,MODERATE
0.6405,0.277,2223.58,1424.31,221.42,1645.73,74.0,CRITICAL
0.2455,0.277,2223.58,545.92,464.75,1010.68,45.5,LOW
0.4333,0.277,2223.58,963.38,349.11,1312.48,59.0,MODERATE
0.5954,0.277,2223.58,1324.01,249.2,1573.21,70.8,HIGH
0.5318,0.277,2223.58,1182.44,288.42,1470.86,66.1,HIGH
0.5149,0.277,2223.58,1145.03,298.79,1443.81,64.9,MODERATE
0.6331,0.277,2223.58,1407.8,225.99,1633.79,73.5,CRITICAL
0.3353,0.277,2223.58,745.64,409.43,1155.06,51.9,LOW
0.4943,0.277,2223.58,1099.03,311.53,1410.56,63.4,MODERATE
0.5709,0.277,2223.58,1269.44,264.32,1533.76,69.0,HIGH
0.4207,0.277,2223.58,935.48,356.83,1292.32,58.1,MODERATE
0.4345,0.277,2223.58,966.13,348.34,1314.48,59.1,MODERATE
0.4531,0.277,2223.58,1007.46,336.89,1344.36,60.5,MODERATE
0.5383,0.277,2223.58,1197.02,284.38,1481.41,66.6,HIGH
0.5597,0.277,2223.58,1244.49,271.23,1515.72,68.2,HIGH
0.4053,0.277,2223.58,901.3,366.3,1267.6,57.0,MODERATE
0.6395,0.277,2223.58,1421.97,222.07,1644.03,73.9,CRITICAL
0.6667,0.277,2223.58,1482.55,205.28,1687.84,75.9,CRITICAL
0.4443,0.277,2223.58,988.05,342.27,1330.32,59.8,MODERATE
0.4339,0.277,2223.58,964.85,348.7,1313.55,59.1,MODERATE
0.4176,0.277,2223.58,928.64,358.73,1287.37,57.9,MODERATE
0.43,0.277,2223.58,956.06,351.14,1307.19,58.8,MODERATE
0.6163,0.277,2223.58,1370.41,236.35,1606.76,72.3,CRITICAL
0.5429,0.277,2223.58,1207.25,281.55,1488.8,67.0,HIGH
0.4422,0.277,2223.58,983.17,343.63,1326.79,59.7,MODERATE
0.5528,0.277,2223.58,1229.14,275.48,1504.63,67.7,HIGH
0.6546,0.277,2223.58,1455.62,212.74,1668.37,75.0,CRITICAL
0.3816,0.277,2223.58,848.56,380.91,1229.47,55.3,MODERATE
0.4223,0.277,2223.58,938.91,355.88,1294.8,58.2,MODERATE
0.5273,0.277,2223.58,1172.54,291.16,1463.7,65.8,HIGH
0.4837,0.277,2223.58,1075.55,318.03,1393.58,62.7,MODERATE
0.4597,0.277,2223.58,1022.15,332.83,1354.98,60.9,MODERATE
0.4822,0.277,2223.58,1072.17,318.97,1391.14,62.6,MODERATE
0.5552,0.277,2223.58,1234.53,273.99,1508.52,67.8,HIGH
0.446,0.277,2223.58,991.66,341.27,1332.93,59.9,MODERATE
0.4124,0.277,2223.58,916.96,361.97,1278.93,57.5,MODERATE
0.5188,0.277,2223.58,1153.68,296.39,1450.07,65.2,HIGH
0.4993,0.277,2223.58,1110.32,308.4,1418.72,63.8,MODERATE
0.3683,0.277,2223.58,818.86,389.14,1208.0,54.3,LOW
0.5716,0.277,2223.58,1270.96,263.9,1534.86,69.0,HIGH
0.4455,0.277,2223.58,990.61,341.56,1332.17,59.9,MODERATE
0.5918,0.277,2223.58,1315.87,251.46,1567.33,70.5,HIGH
0.6375,0.277,2223.58,1417.5,223.3,1640.81,73.8,CRITICAL
0.3753,0.277,2223.58,834.57,384.79,1219.36,54.8,LOW
0.5794,0.277,2223.58,1288.3,259.1,1547.39,69.6,HIGH
0.4309,0.277,2223.58,958.16,350.55,1308.71,58.9,MODERATE
0.6739,0.277,2223.58,1498.48,200.87,1699.35,76.4,CRITICAL
0.3043,0.277,2223.58,676.66,428.54,1105.19,49.7,LOW
0.652,0.277,2223.58,1449.68,214.39,1664.07,74.8,CRITICAL
0.5491,0.277,2223.58,1220.96,277.75,1498.71,67.4,HIGH
0.3823,0.277,2223.58,850.04,380.5,1230.55,55.3,MODERATE
0.6004,0.277,2223.58,1335.01,246.16,1581.16,71.1,HIGH
0.4339,0.277,2223.58,964.87,348.69,1313.56,59.1,MODERATE
0.4124,0.277,2223.58,917.02,361.95,1278.97,57.5,MODERATE
0.4954,0.277,2223.58,1101.67,310.8,1412.47,63.5,MODERATE
0.6003,0.277,2223.58,1334.84,246.2,1581.04,71.1,HIGH
0.4456,0.277,2223.58,990.79,341.51,1332.3,59.9,MODERATE
0.5068,0.277,2223.58,1126.83,303.83,1430.66,64.3,MODERATE
0.5853,0.277,2223.58,1301.46,255.45,1556.91,70.0,HIGH
0.5063,0.277,2223.58,1125.7,304.14,1429.84,64.3,MODERATE
0.4752,0.277,2223.58,1056.59,323.29,1379.87,62.1,MODERATE
0.3986,0.277,2223.58,886.37,370.44,1256.81,56.5,MODERATE
0.3268,0.277,2223.58,726.68,414.68,1141.35,51.3,LOW
0.5557,0.277,2223.58,1235.73,273.66,1509.39,67.9,HIGH
0.6164,0.277,2223.58,1370.73,236.26,1606.99,72.3,CRITICAL
0.4872,0.277,2223.58,1083.37,315.87,1399.23,62.9,MODERATE
0.5667,0.277,2223.58,1260.01,266.93,1526.95,68.7,HIGH
0.4461,0.277,2223.58,991.98,341.18,1333.16,60.0,MODERATE
0.433,0.277,2223.58,962.86,349.25,1312.11,59.0,MODERATE
0.5675,0.277,2223.58,1261.93,266.4,1528.33,68.7,HIGH
0.5737,0.277,2223.58,1275.74,262.57,1538.32,69.2,HIGH
0.4237,0.277,2223.58,942.11,355.0,1297.11,58.3,MODERATE
0.451,0.277,2223.58,1002.78,338.19,1340.97,60.3,MODERATE
0.229,0.277,2223.58,509.31,474.89,984.2,44.3,LOW
0.6365,0.277,2223.58,1415.27,223.92,1639.19,73.7,CRITICAL
0.6859,0.277,2223.58,1525.14,193.49,1718.63,77.3,CRITICAL
0.585,0.277,2223.58,1300.68,255.66,1556.35,70.0,HIGH
0.41,0.277,2223.58,911.65,363.44,1275.08,57.3,MODERATE
0.5244,0.277,2223.58,1166.03,292.97,1459.0,65.6,HIGH
0.3915,0.277,2223.58,870.48,374.84,1245.32,56.0,MODERATE
0.6295,0.277,2223.58,1399.76,228.22,1627.98,73.2,CRITICAL
0.4687,0.277,2223.58,1042.21,327.27,1369.48,61.6,MODERATE
0.5154,0.277,2223.58,1146.14,298.48,1444.62,65.0,MODERATE
0.5029,0.277,2223.58,1118.31,306.19,1424.5,64.1,MODERATE
0.4618,0.277,2223.58,1026.88,331.52,1358.39,61.1,MODERATE
0.4095,0.277,2223.58,910.49,363.76,1274.25,57.3,MODERATE
0.5841,0.277,2223.58,1298.83,256.18,1555.01,69.9,HIGH
0.3191,0.277,2223.58,709.59,419.41,1129.01,50.8,LOW
0.6505,0.277,2223.58,1446.47,215.28,1661.75,74.7,CRITICAL
0.5536,0.277,2223.58,1231.03,274.96,1505.99,67.7,HIGH
0.4831,0.277,2223.58,1074.17,318.41,1392.58,62.6,MODERATE
0.5212,0.277,2223.58,1158.93,294.93,1453.86,65.4,HIGH
0.4063,0.277,2223.58,903.4,365.72,1269.12,57.1,MODERATE
0.4954,0.277,2223.58,1101.6,310.82,1412.41,63.5,MODERATE
0.4172,0.277,2223.58,927.78,358.97,1286.75,57.9,MODERATE
0.4482,0.277,2223.58,996.54,339.92,1336.46,60.1,MODERATE
0.3176,0.277,2223.58,706.31,420.32,1126.63,50.7,LOW
0.5181,0.277,2223.58,1152.03,296.85,1448.87,65.2,HIGH
0.5348,0.277,2223.58,1189.09,286.58,1475.67,66.4,HIGH
0.5138,0.277,2223.58,1142.51,299.48,1441.99,64.9,MODERATE
0.6061,0.277,2223.58,1347.71,242.64,1590.35,71.5,HIGH
0.4286,0.277,2223.58,953.04,351.97,1305.01,58.7,MODERATE
0.3847,0.277,2223.58,855.48,379.0,1234.48,55.5,MODERATE
0.4816,0.277,2223.58,1070.84,319.34,1390.18,62.5,MODERATE
0.5659,0.277,2223.58,1258.33,267.4,1525.73,68.6,HIGH
0.6699,0.277,2223.58,1489.62,203.32,1692.95,76.1,CRITICAL
0.2456,0.277,2223.58,546.19,464.68,1010.87,45.5,LOW
0.3752,0.277,2223.58,834.2,384.89,1219.09,54.8,LOW
0.4982,0.277,2223.58,1107.8,309.1,1416.9,63.7,MODERATE
0.6128,0.277,2223.58,1362.52,238.54,1601.05,72.0,CRITICAL
0.6819,0.277,2223.58,1516.28,195.94,1712.22,77.0,CRITICAL
0.4727,0.277,2223.58,1051.04,324.82,1375.86,61.9,MODERATE
0.4808,0.277,2223.58,1069.12,319.81,1388.93,62.5,MODERATE
0.5275,0.277,2223.58,1173.05,291.02,1464.07,65.8,HIGH
0.4515,0.277,2223.58,1003.94,337.87,1341.81,60.3,MODERATE
0.5577,0.277,2223.58,1240.11,272.44,1512.56,68.0,HIGH
0.5656,0.277,2223.58,1257.69,267.58,1525.26,68.6,HIGH
0.5723,0.277,2223.58,1272.59,263.45,1536.04,69.1,HIGH
0.6006,0.277,2223.58,1335.51,246.02,1581.53,71.1,HIGH
0.4656,0.277,2223.58,1035.27,329.19,1364.46,61.4,MODERATE
0.5113,0.277,2223.58,1137.0,301.01,1438.01,64.7,MODERATE
0.5007,0.277,2223.58,1113.24,307.59,1420.83,63.9,MODERATE
0.6561,0.277,2223.58,1458.93,211.83,1670.76,75.1,CRITICAL
0.5655,0.277,2223.58,1257.51,267.63,1525.13,68.6,HIGH
0.6093,0.277,2223.58,1354.8,240.67,1595.47,71.8,HIGH
0.6009,0.277,2223.58,1336.17,245.83,1582.01,71.1,HIGH
0.6316,0.277,2223.58,1404.38,226.94,1631.32,73.4,CRITICAL
0.5289,0.277,2223.58,1176.05,290.19,1466.24,65.9,HIGH
0.6367,0.277,2223.58,1415.74,223.79,1639.53,73.7,CRITICAL
0.5368,0.277,2223.58,1193.68,285.31,1478.99,66.5,HIGH
0.5694,0.277,2223.58,1266.15,265.23,1531.38,68.9,HIGH
0.3763,0.277,2223.58,836.7,384.2,1220.9,54.9,LOW
0.6898,0.277,2223.58,1533.82,191.08,1724.9,77.6,CRITICAL
0.4459,0.277,2223.58,991.4,341.34,1332.75,59.9,MODERATE
0.699,0.277,2223.58,1554.29,185.41,1739.7,78.2,CRITICAL
0.2158,0.277,2223.58,479.8,483.07,962.87,43.3,LOW
0.477,0.277,2223.58,1060.56,322.18,1382.75,62.2,MODERATE
0.5792,0.277,2223.58,1287.91,259.2,1547.11,69.6,HIGH
0.4661,0.277,2223.58,1036.4,328.88,1365.28,61.4,MODERATE
0.5828,0.277,2223.58,1295.93,256.98,1552.91,69.8,HIGH
0.4907,0.277,2223.58,1091.08,313.73,1404.81,63.2,MODERATE
0.4789,0.277,2223.58,1064.8,321.01,1385.81,62.3,MODERATE
0.3131,0.277,2223.58,696.14,423.14,1119.28,50.3,LOW
0.4328,0.277,2223.58,962.38,349.38,1311.76,59.0,MODERATE
0.5435,0.277,2223.58,1208.61,281.17,1489.78,67.0,HIGH
0.4727,0.277,2223.58,1051.09,324.81,1375.9,61.9,MODERATE
0.4936,0.277,2223.58,1097.48,311.96,1409.44,63.4,MODERATE
0.4061,0.277,2223.58,903.05,365.82,1268.87,57.1,MODERATE
0.5862,0.277,2223.58,1303.54,254.87,1558.42,70.1,HIGH
0.6228,0.277,2223.58,1384.8,232.36,1617.16,72.7,CRITICAL
0.4323,0.277,2223.58,961.23,349.7,1310.93,59.0,MODERATE
0.675,0.277,2223.58,1500.96,200.18,1701.14,76.5,CRITICAL
0.5861,0.277,2223.58,1303.14,254.98,1558.13,70.1,HIGH
0.5183,0.277,2223.58,1152.44,296.73,1449.17,65.2,HIGH
0.4241,0.277,2223.58,943.1,354.72,1297.83,58.4,MODERATE
0.4724,0.277,2223.58,1050.38,325.0,1375.39,61.9,MODERATE
0.5927,0.277,2223.58,1317.81,250.92,1568.73,70.5,HIGH
0.4734,0.277,2223.58,1052.66,324.37,1377.04,61.9,MODERATE
0.5811,0.277,2223.58,1292.07,258.05,1550.12,69.7,HIGH
0.5472,0.277,2223.58,1216.83,278.9,1495.72,67.3,HIGH
0.5331,0.277,2223.58,1185.46,287.59,1473.04,66.2,HIGH
0.565,0.277,2223.58,1256.36,267.94,1524.3,68.6,HIGH
0.4198,0.277,2223.58,933.43,357.4,1290.83,58.1,MODERATE
0.4945,0.277,2223.58,1099.57,311.38,1410.95,63.5,MODERATE
0.4477,0.277,2223.58,995.48,340.21,1335.7,60.1,MODERATE
0.7103,0.277,2223.58,1579.32,178.48,1757.8,79.1,CRITICAL
0.625,0.277,2223.58,1389.83,230.97,1620.8,72.9,CRITICAL
0.5442,0.277,2223.58,1210.09,280.76,1490.85,67.0,HIGH
0.431,0.277,2223.58,958.33,350.5,1308.84,58.9,MODERATE
0.6065,0.277,2223.58,1348.6,242.39,1590.99,71.6,HIGH
0.4937,0.277,2223.58,1097.83,311.86,1409.69,63.4,MODERATE
0.5558,0.277,2223.58,1235.79,273.64,1509.44,67.9,HIGH
0.4323,0.277,2223.58,961.28,349.69,1310.97,59.0,MODERATE
0.5341,0.277,2223.58,1187.53,287.01,1474.54,66.3,HIGH
0.3051,0.277,2223.58,678.32,428.07,1106.4,49.8,LOW
0.4279,0.277,2223.58,951.51,352.39,1303.9,58.6,MODERATE
0.4342,0.277,2223.58,965.37,348.55,1313.93,59.1,MODERATE
0.4468,0.277,2223.58,993.57,340.74,1334.31,60.0,MODERATE
0.5924,0.277,2223.58,1317.29,251.06,1568.36,70.5,HIGH
0.51,0.277,2223.58,1134.02,301.83,1435.86,64.6,MODERATE
0.6247,0.277,2223.58,1389.18,231.15,1620.33,72.9,CRITICAL
0.5064,0.277,2223.58,1126.13,304.02,1430.15,64.3,MODERATE
0.4123,0.277,2223.58,916.79,362.01,1278.8,57.5,MODERATE
0.556,0.277,2223.58,1236.42,273.47,1509.89,67.9,HIGH
0.3101,0.277,2223.58,689.48,424.98,1114.46,50.1,LOW
0.6314,0.277,2223.58,1403.94,227.06,1631.0,73.4,CRITICAL
0.5385,0.277,2223.58,1197.39,284.28,1481.67,66.6,HIGH
0.5738,0.277,2223.58,1275.79,262.56,1538.35,69.2,HIGH
0.508,0.277,2223.58,1129.5,303.09,1432.59,64.4,MODERATE
0.393,0.277,2223.58,873.97,373.87,1247.85,56.1,MODERATE
0.2365,0.277,2223.58,525.86,470.31,996.17,44.8,LOW
0.5412,0.277,2223.58,1203.3,282.64,1485.95,66.8,HIGH
0.6002,0.277,2223.58,1334.6,246.27,1580.87,71.1,HIGH
0.5339,0.277,2223.58,1187.27,287.08,1474.35,66.3,HIGH
0.438,0.277,2223.58,973.91,346.19,1320.1,59.4,MODERATE
0.5463,0.277,2223.58,1214.69,279.49,1494.18,67.2,HIGH
0.4075,0.277,2223.58,906.05,364.99,1271.04,57.2,MODERATE
0.6199,0.277,2223.58,1378.39,234.14,1612.53,72.5,CRITICAL
0.387,0.277,2223.58,860.55,377.59,1238.14,55.7,MODERATE
0.397,0.277,2223.58,882.73,371.45,1254.18,56.4,MODERATE
0.5239,0.277,2223.58,1164.95,293.27,1458.21,65.6,HIGH
0.4636,0.277,2223.58,1030.82,330.42,1361.25,61.2,MODERATE
0.4034,0.277,2223.58,897.01,367.49,1264.5,56.9,MODERATE
0.6966,0.277,2223.58,1548.88,186.91,1735.79,78.1,CRITICAL
0.6586,0.277,2223.58,1464.38,210.32,1674.7,75.3,CRITICAL
0.4805,0.277,2223.58,1068.42,320.01,1388.43,62.4,MODERATE
0.4805,0.277,2223.58,1068.36,320.03,1388.38,62.4,MODERATE
0.4622,0.277,2223.58,1027.72,331.28,1359.0,61.1,MODERATE
0.3995,0.277,2223.58,888.37,369.89,1258.26,56.6,MODERATE
0.4472,0.277,2223.58,994.38,340.52,1334.9,60.0,MODERATE
0.5748,0.277,2223.58,1278.16,261.91,1540.06,69.3,HIGH
0.4386,0.277,2223.58,975.19,345.84,1321.02,59.4,MODERATE
0.6657,0.277,2223.58,1480.2,205.93,1686.14,75.8,CRITICAL
0.3967,0.277,2223.58,882.07,371.63,1253.7,56.4,MODERATE
0.614,0.277,2223.58,1365.21,237.79,1603.0,72.1,CRITICAL
0.4132,0.277,2223.58,918.75,361.47,1280.22,57.6,MODERATE
0.5493,0.277,2223.58,1221.41,277.63,1499.04,67.4,HIGH
0.3859,0.277,2223.58,858.11,378.27,1236.38,55.6,MODERATE
0.5699,0.277,2223.58,1267.3,264.91,1532.21,68.9,HIGH
0.3684,0.277,2223.58,819.15,389.06,1208.21,54.3,LOW
0.424,0.277,2223.58,942.78,354.81,1297.59,58.4,MODERATE
0.5265,0.277,2223.58,1170.74,291.66,1462.4,65.8,HIGH
0.4303,0.277,2223.58,956.76,350.94,1307.7,58.8,MODERATE
0.4571,0.277,2223.58,1016.47,334.4,1350.87,60.8,MODERATE
0.6099,0.277,2223.58,1356.13,240.31,1596.43,71.8,HIGH
0.4159,0.277,2223.58,924.73,359.81,1284.55,57.8,MODERATE
0.5083,0.277,2223.58,1130.19,302.89,1433.09,64.4,MODERATE
0.6213,0.277,2223.58,1381.46,233.29,1614.75,72.6,CRITICAL
0.5909,0.277,2223.58,1313.85,252.02,1565.87,70.4,HIGH
0.4607,0.277,2223.58,1024.32,332.22,1356.55,61.0,MODERATE
0.4492,0.277,2223.58,998.75,339.31,1338.06,60.2,MODERATE
0.6693,0.277,2223.58,1488.17,203.73,1691.9,76.1,CRITICAL
0.5467,0.277,2223.58,1215.73,279.2,1494.93,67.2,HIGH
0.492,0.277,2223.58,1094.08,312.9,1406.98,63.3,MODERATE
0.6452,0.277,2223.58,1434.75,218.52,1653.28,74.4,CRITICAL
0.411,0.277,2223.58,913.8,362.84,1276.64,57.4,MODERATE
0.4789,0.277,2223.58,1064.97,320.96,1385.94,62.3,MODERATE
0.5567,0.277,2223.58,1237.88,273.06,1510.94,68.0,HIGH
0.5083,0.277,2223.58,1130.23,302.88,1433.12,64.5,MODERATE
0.5308,0.277,2223.58,1180.35,289.0,1469.35,66.1,HIGH
0.6062,0.277,2223.58,1347.92,242.58,1590.5,71.5,HIGH
0.4933,0.277,2223.58,1096.84,312.13,1408.98,63.4,MODERATE
0.3416,0.277,2223.58,759.59,405.56,1165.15,52.4,LOW
0.4549,0.277,2223.58,1011.48,335.78,1347.26,60.6,MODERATE
0.5852,0.277,2223.58,1301.3,255.5,1556.79,70.0,HIGH
0.6012,0.277,2223.58,1336.86,245.64,1582.5,71.2,HIGH
0.5128,0.277,2223.58,1140.33,300.09,1440.41,64.8,MODERATE
0.4916,0.277,2223.58,1093.17,313.15,1406.32,63.2,MODERATE
0.5432,0.277,2223.58,1207.84,281.38,1489.23,67.0,HIGH
0.4213,0.277,2223.58,936.77,356.48,1293.25,58.2,MODERATE
0.5115,0.277,2223.58,1137.39,300.9,1438.29,64.7,MODERATE
0.6788,0.277,2223.58,1509.27,197.88,1707.15,76.8,CRITICAL
0.6468,0.277,2223.58,1438.17,217.58,1655.75,74.5,CRITICAL
0.4066,0.277,2223.58,904.18,365.51,1269.69,57.1,MODERATE
0.4251,0.277,2223.58,945.15,354.16,1299.31,58.4,MODERATE
0.4158,0.277,2223.58,924.62,359.84,1284.47,57.8,MODERATE
0.551,0.277,2223.58,1225.11,276.6,1501.71,67.5,HIGH
0.5391,0.277,2223.58,1198.72,283.91,1482.63,66.7,HIGH
0.6129,0.277,2223.58,1362.78,238.46,1601.24,72.0,CRITICAL
0.407,0.277,2223.58,905.05,365.26,1270.32,57.1,MODERATE
0.611,0.277,2223.58,1358.63,239.61,1598.24,71.9,HIGH
0.493,0.277,2223.58,1096.26,312.29,1408.56,63.3,MODERATE
0.3765,0.277,2223.58,837.22,384.06,1221.27,54.9,LOW
0.5465,0.277,2223.58,1215.19,279.35,1494.54,67.2,HIGH
0.4928,0.277,2223.58,1095.76,312.43,1408.19,63.3,MODERATE
0.4862,0.277,2223.58,1081.05,316.51,1397.56,62.9,MODERATE
0.5675,0.277,2223.58,1261.94,266.4,1528.34,68.7,HIGH
0.3948,0.277,2223.58,877.91,372.78,1250.69,56.2,MODERATE
0.6103,0.277,2223.58,1357.11,240.03,1597.14,71.8,HIGH
0.4594,0.277,2223.58,1021.56,332.99,1354.55,60.9,MODERATE
0.3933,0.277,2223.58,874.51,373.73,1248.24,56.1,MODERATE
0.6944,0.277,2223.58,1543.99,188.26,1732.25,77.9,CRITICAL
0.6106,0.277,2223.58,1357.72,239.87,1597.58,71.8,HIGH
0.6333,0.277,2223.58,1408.19,225.88,1634.07,73.5,CRITICAL
0.3837,0.277,2223.58,853.09,379.66,1232.75,55.4,MODERATE
0.401,0.277,2223.58,891.65,368.98,1260.62,56.7,MODERATE
0.5564,0.277,2223.58,1237.21,273.25,1510.46,67.9,HIGH
0.5225,0.277,2223.58,1161.75,294.15,1455.9,65.5,HIGH
0.5892,0.277,2223.58,1310.21,253.03,1563.24,70.3,HIGH
0.5105,0.277,2223.58,1135.14,301.52,1436.66,64.6,MODERATE
0.5546,0.277,2223.58,1233.1,274.39,1507.49,67.8,HIGH
0.5707,0.277,2223.58,1268.96,264.45,1533.41,69.0,HIGH
0.5141,0.277,2223.58,1143.06,299.33,1442.39,64.9,MODERATE
0.4891,0.277,2223.58,1087.56,314.71,1402.26,63.1,MODERATE
0.4467,0.277,2223.58,993.36,340.8,1334.16,60.0,MODERATE
0.2792,0.277,2223.58,620.73,444.03,1064.76,47.9,LOW
0.4177,0.277,2223.58,928.82,358.68,1287.5,57.9,MODERATE
0.6875,0.277,2223.58,1528.64,192.51,1721.16,77.4,CRITICAL
0.3082,0.277,2223.58,685.31,426.14,1111.45,50.0,LOW
0.2867,0.277,2223.58,637.44,439.4,1076.84,48.4,LOW
0.5399,0.277,2223.58,1200.48,283.42,1483.91,66.7,HIGH
0.4428,0.277,2223.58,984.7,343.2,1327.9,59.7,MODERATE
0.5578,0.277,2223.58,1240.22,272.41,1512.64,68.0,HIGH
0.4199,0.277,2223.58,933.66,357.34,1291.0,58.1,MODERATE
0.5091,0.277,2223.58,1132.13,302.36,1434.49,64.5,MODERATE
0.5546,0.277,2223.58,1233.22,274.35,1507.58,67.8,HIGH
0.5715,0.277,2223.58,1270.82,263.94,1534.76,69.0,HIGH
0.3266,0.277,2223.58,726.12,414.83,1140.95,51.3,LOW
0.5192,0.277,2223.58,1154.38,296.19,1450.58,65.2,HIGH
0.4668,0.277,2223.58,1037.97,328.44,1366.41,61.5,MODERATE
0.7632,0.277,2223.58,1696.97,145.88,1842.85,82.9,CRITICAL
0.6595,0.277,2223.58,1466.49,209.73,1676.22,75.4,CRITICAL
0.6243,0.277,2223.58,1388.1,231.45,1619.55,72.8,CRITICAL
0.4372,0.277,2223.58,972.16,346.68,1318.83,59.3,MODERATE
0.6826,0.277,2223.58,1517.74,195.54,1713.27,77.1,CRITICAL
0.4847,0.277,2223.58,1077.67,317.44,1395.12,62.7,MODERATE
0.6612,0.277,2223.58,1470.18,208.71,1678.89,75.5,CRITICAL
0.4167,0.277,2223.58,926.48,359.33,1285.81,57.8,MODERATE
0.569,0.277,2223.58,1265.21,265.49,1530.7,68.8,HIGH
0.4106,0.277,2223.58,912.91,363.09,1276.0,57.4,MODERATE
0.6477,0.277,2223.58,1440.32,216.98,1657.3,74.5,CRITICAL
0.5644,0.277,2223.58,1254.89,268.35,1523.24,68.5,HIGH
0.5448,0.277,2223.58,1211.5,280.37,1491.87,67.1,HIGH
0.6523,0.277,2223.58,1450.43,214.18,1664.61,74.9,CRITICAL
0.4365,0.277,2223.58,970.63,347.1,1317.73,59.3,MODERATE
0.5686,0.277,2223.58,1264.3,265.74,1530.04,68.8,HIGH
0.3521,0.277,2223.58,782.86,399.12,1181.97,53.2,LOW
0.5266,0.277,2223.58,1170.93,291.61,1462.54,65.8,HIGH
0.5864,0.277,2223.58,1303.98,254.75,1558.73,70.1,HIGH
0.5603,0.277,2223.58,1245.83,270.86,1516.69,68.2,HIGH
0.4293,0.277,2223.58,954.69,351.51,1306.21,58.7,MODERATE
0.5142,0.277,2223.58,1143.27,299.27,1442.54,64.9,MODERATE
0.6483,0.277,2223.58,1441.44,216.67,1658.11,74.6,CRITICAL
0.4301,0.277,2223.58,956.46,351.02,1307.49,58.8,MODERATE
0.4893,0.277,2223.58,1087.92,314.61,1402.53,63.1,MODERATE
0.6607,0.277,2223.58,1469.23,208.97,1678.2,75.5,CRITICAL
0.5577,0.277,2223.58,1240.07,272.46,1512.53,68.0,HIGH
0.3938,0.277,2223.58,875.61,373.42,1249.03,56.2,MODERATE
0.6766,0.277,2223.58,1504.46,199.21,1703.68,76.6,CRITICAL
0.5748,0.277,2223.58,1278.06,261.93,1539.99,69.3,HIGH
0.5624,0.277,2223.58,1250.51,269.57,1520.07,68.4,HIGH
0.295,0.277,2223.58,656.06,434.24,1090.3,49.0,LOW
0.3843,0.277,2223.58,854.56,379.25,1233.81,55.5,MODERATE
0.5058,0.277,2223.58,1124.7,304.42,1429.12,64.3,MODERATE
0.7128,0.277,2223.58,1585.08,176.88,1761.96,79.2,CRITICAL
0.5428,0.277,2223.58,1206.88,281.65,1488.53,66.9,HIGH
0.5898,0.277,2223.58,1311.49,252.67,1564.16,70.3,HIGH
0.43,0.277,2223.58,956.04,351.14,1307.18,58.8,MODERATE
0.4671,0.277,2223.58,1038.56,328.28,1366.84,61.5,MODERATE
0.2994,0.277,2223.58,665.84,431.53,1097.37,49.4,LOW
0.6427,0.277,2223.58,1429.05,220.11,1649.15,74.2,CRITICAL
0.5235,0.277,2223.58,1163.94,293.55,1457.48,65.5,HIGH
0.4764,0.277,2223.58,1059.38,322.51,1381.89,62.1,MODERATE
0.6654,0.277,2223.58,1479.58,206.11,1685.68,75.8,CRITICAL
0.4351,0.277,2223.58,967.51,347.96,1315.47,59.2,MODERATE
0.6054,0.277,2223.58,1346.05,243.1,1589.15,71.5,HIGH
0.5189,0.277,2223.58,1153.86,296.34,1450.2,65.2,HIGH
0.5657,0.277,2223.58,1257.83,267.54,1525.36,68.6,HIGH
0.3652,0.277,2223.58,812.06,391.02,1203.09,54.1,LOW
0.5174,0.277,2223.58,1150.38,297.3,1447.68,65.1,HIGH
0.6375,0.277,2223.58,1417.53,223.3,1640.82,73.8,CRITICAL
0.5463,0.277,2223.58,1214.64,279.5,1494.14,67.2,HIGH
0.5,0.277,2223.58,1111.69,308.02,1419.71,63.8,MODERATE
0.4861,0.277,2223.58,1080.89,316.55,1397.44,62.8,MODERATE
0.4953,0.277,2223.58,1101.42,310.87,1412.29,63.5,MODERATE
0.4089,0.277,2223.58,909.15,364.13,1273.28,57.3,MODERATE
0.5361,0.277,2223.58,1192.03,285.77,1477.79,66.5,HIGH
0.4388,0.277,2223.58,975.79,345.67,1321.46,59.4,MODERATE
0.5284,0.277,2223.58,1174.85,290.52,1465.38,65.9,HIGH
0.5885,0.277,2223.58,1308.6,253.47,1562.07,70.3,HIGH
0.5777,0.277,2223.58,1284.61,260.12,1544.72,69.5,HIGH
0.5386,0.277,2223.58,1197.64,284.21,1481.85,66.6,HIGH
0.437,0.277,2223.58,971.63,346.82,1318.45,59.3,MODERATE
0.4075,0.277,2223.58,906.07,364.98,1271.05,57.2,MODERATE
0.4506,0.277,2223.58,1001.97,338.41,1340.39,60.3,MODERATE
0.353,0.277,2223.58,784.93,398.54,1183.47,53.2,LOW
0.3782,0.277,2223.58,840.9,383.04,1223.93,55.0,MODERATE
0.6806,0.277,2223.58,1513.33,196.76,1710.09,76.9,CRITICAL
0.5092,0.277,2223.58,1132.28,302.32,1434.6,64.5,MODERATE
0.5447,0.277,2223.58,1211.18,280.46,1491.64,67.1,HIGH
0.5082,0.277,2223.58,1130.11,302.92,1433.03,64.4,MODERATE
0.5936,0.277,2223.58,1319.91,250.34,1570.25,70.6,HIGH
0.4033,0.277,2223.58,896.82,367.55,1264.36,56.9,MODERATE
0.4421,0.277,2223.58,983.02,343.67,1326.68,59.7,MODERATE
0.4348,0.277,2223.58,966.78,348.16,1314.94,59.1,MODERATE
0.5196,0.277,2223.58,1155.41,295.91,1451.32,65.3,HIGH
0.3629,0.277,2223.58,807.01,392.43,1199.43,53.9,LOW
0.5889,0.277,2223.58,1309.43,253.24,1562.67,70.3,HIGH
0.5486,0.277,2223.58,1219.81,278.07,1497.88,67.4,HIGH
0.4689,0.277,2223.58,1042.61,327.16,1369.77,61.6,MODERATE
0.5687,0.277,2223.58,1264.57,265.67,1530.24,68.8,HIGH
0.5552,0.277,2223.58,1234.58,273.98,1508.56,67.8,HIGH
0.624,0.277,2223.58,1387.59,231.59,1619.18,72.8,CRITICAL
0.4205,0.277,2223.58,935.03,356.96,1291.99,58.1,MODERATE
0.2931,0.277,2223.58,651.76,435.43,1087.19,48.9,LOW
0.3744,0.277,2223.58,832.55,385.35,1217.9,54.8,LOW
0.4721,0.277,2223.58,1049.78,325.17,1374.95,61.8,MODERATE
0.4367,0.277,2223.58,971.11,346.97,1318.07,59.3,MODERATE
0.3649,0.277,2223.58,811.44,391.2,1202.64,54.1,LOW
0.6141,0.277,2223.58,1365.39,237.74,1603.13,72.1,CRITICAL
0.4726,0.277,2223.58,1050.8,324.89,1375.69,61.9,MODERATE
0.6695,0.277,2223.58,1488.6,203.61,1692.21,76.1,CRITICAL
0.4224,0.277,2223.58,939.19,355.81,1295.0,58.2,MODERATE
0.7111,0.277,2223.58,1581.15,177.97,1759.12,79.1,CRITICAL
0.5713,0.277,2223.58,1270.32,264.08,1534.39,69.0,HIGH
0.3884,0.277,2223.58,863.6,376.75,1240.35,55.8,MODERATE
0.5018,0.277,2223.58,1115.75,306.9,1422.65,64.0,MODERATE
0.3326,0.277,2223.58,739.53,411.12,1150.65,51.7,LOW
0.3937,0.277,2223.58,875.41,373.48,1248.89,56.2,MODERATE
0.5533,0.277,2223.58,1230.34,275.15,1505.49,67.7,HIGH
0.3794,0.277,2223.58,843.55,382.3,1225.85,55.1,MODERATE
0.5688,0.277,2223.58,1264.81,265.6,1530.41,68.8,HIGH
0.5872,0.277,2223.58,1305.71,254.27,1559.98,70.2,HIGH
0.4994,0.277,2223.58,1110.39,308.38,1418.77,63.8,MODERATE
0.5197,0.277,2223.58,1155.58,295.86,1451.44,65.3,HIGH
0.4202,0.277,2223.58,934.31,357.16,1291.47,58.1,MODERATE
0.3968,0.277,2223.58,882.43,371.53,1253.96,56.4,MODERATE
0.4854,0.277,2223.58,1079.39,316.97,1396.36,62.8,MODERATE
0.6177,0.277,2223.58,1373.5,235.49,1608.99,72.4,CRITICAL
0.3423,0.277,2223.58,761.23,405.11,1166.34,52.5,LOW
0.5802,0.277,2223.58,1290.04,258.61,1548.65,69.6,HIGH
0.541,0.277,2223.58,1202.91,282.75,1485.66,66.8,HIGH
0.5317,0.277,2223.58,1182.18,288.49,1470.67,66.1,HIGH
0.4693,0.277,2223.58,1043.5,326.91,1370.41,61.6,MODERATE
0.4276,0.277,2223.58,950.88,352.57,1303.45,58.6,MODERATE
0.4094,0.277,2223.58,910.32,363.8,1274.13,57.3,MODERATE
0.543,0.277,2223.58,1207.32,281.53,1488.85,67.0,HIGH
0.3655,0.277,2223.58,812.81,390.82,1203.63,54.1,LOW
0.5002,0.277,2223.58,1112.31,307.85,1420.16,63.9,MODERATE
0.5616,0.277,2223.58,1248.69,270.07,1518.76,68.3,HIGH
0.572,0.277,2223.58,1271.91,263.64,1535.55,69.1,HIGH
0.4853,0.277,2223.58,1079.04,317.07,1396.1,62.8,MODERATE
0.3792,0.277,2223.58,843.28,382.38,1225.66,55.1,MODERATE
0.5088,0.277,2223.58,1131.45,302.55,1433.99,64.5,MODERATE
0.4557,0.277,2223.58,1013.32,335.27,1348.59,60.6,MODERATE
0.4825,0.277,2223.58,1072.84,318.78,1391.62,62.6,MODERATE
0.4257,0.277,2223.58,946.51,353.78,1300.29,58.5,MODERATE
0.4886,0.277,2223.58,1086.38,315.03,1401.42,63.0,MODERATE
0.4156,0.277,2223.58,924.12,359.98,1284.1,57.7,MODERATE
0.368,0.277,2223.58,818.27,389.31,1207.57,54.3,LOW
0.5861,0.277,2223.58,1303.2,254.97,1558.17,70.1,HIGH
0.4063,0.277,2223.58,903.37,365.73,1269.1,57.1,MODERATE
0.421,0.277,2223.58,936.2,356.64,1292.83,58.1,MODERATE
0.4032,0.277,2223.58,896.55,367.62,1264.17,56.9,MODERATE
0.5339,0.277,2223.58,1187.2,287.1,1474.3,66.3,HIGH
0.6235,0.277,2223.58,1386.45,231.91,1618.36,72.8,CRITICAL
0.6115,0.277,2223.58,1359.65,239.33,1598.98,71.9,HIGH
0.6555,0.277,2223.58,1457.54,212.21,1669.75,75.1,CRITICAL
0.6434,0.277,2223.58,1430.68,219.65,1650.33,74.2,CRITICAL
0.5457,0.277,2223.58,1213.32,279.87,1493.19,67.2,HIGH
0.5286,0.277,2223.58,1175.34,290.39,1465.73,65.9,HIGH
0.4976,0.277,2223.58,1106.4,309.49,1415.89,63.7,MODERATE
0.6302,0.277,2223.58,1401.37,227.77,1629.14,73.3,CRITICAL
0.4727,0.277,2223.58,1051.0,324.83,1375.83,61.9,MODERATE
0.4301,0.277,2223.58,956.35,351.05,1307.4,58.8,MODERATE
0.4111,0.277,2223.58,914.21,362.73,1276.94,57.4,MODERATE
0.581,0.277,2223.58,1291.96,258.08,1550.04,69.7,HIGH
0.5197,0.277,2223.58,1155.51,295.88,1451.39,65.3,HIGH
0.5758,0.277,2223.58,1280.33,261.3,1541.63,69.3,HIGH
0.5803,0.277,2223.58,1290.33,258.53,1548.86,69.7,HIGH
0.3937,0.277,2223.58,875.38,373.48,1248.86,56.2,MODERATE
0.6212,0.277,2223.58,1381.24,233.35,1614.59,72.6,CRITICAL
0.3853,0.277,2223.58,856.71,378.66,1235.36,55.6,MODERATE
0.2973,0.277,2223.58,660.97,432.88,1093.85,49.2,LOW
0.2674,0.277,2223.58,594.69,451.24,1045.93,47.0,LOW
0.4861,0.277,2223.58,1080.79,316.58,1397.37,62.8,MODERATE
0.5072,0.277,2223.58,1127.89,303.53,1431.43,64.4,MODERATE
0.3968,0.277,2223.58,882.25,371.58,1253.83,56.4,MODERATE
0.4124,0.277,2223.58,917.08,361.93,1279.01,57.5,MODERATE
0.6053,0.277,2223.58,1345.87,243.15,1589.02,71.5,HIGH
0.4737,0.277,2223.58,1053.27,324.2,1377.47,61.9,MODERATE
0.4706,0.277,2223.58,1046.38,326.11,1372.49,61.7,MODERATE
0.4169,0.277,2223.58,926.92,359.21,1286.13,57.8,MODERATE
0.3828,0.277,2223.58,851.13,380.2,1231.33,55.4,MODERATE
0.449,0.277,2223.58,998.32,339.43,1337.75,60.2,MODERATE
0.3675,0.277,2223.58,817.06,389.64,1206.7,54.3,LOW
0.5642,0.277,2223.58,1254.64,268.42,1523.06,68.5,HIGH
0.5166,0.277,2223.58,1148.59,297.8,1446.39,65.0,HIGH
0.2226,0.277,2223.58,495.0,478.86,973.86,43.8,LOW
0.6435,0.277,2223.58,1430.87,219.6,1650.47,74.2,CRITICAL
0.3714,0.277,2223.58,825.94,387.18,1213.12,54.6,LOW
0.3779,0.277,2223.58,840.4,383.18,1223.57,55.0,MODERATE
0.4157,0.277,2223.58,924.42,359.9,1284.32,57.8,MODERATE
0.4422,0.277,2223.58,983.2,343.62,1326.82,59.7,MODERATE
0.4421,0.277,2223.58,983.14,343.63,1326.77,59.7,MODERATE
0.5611,0.277,2223.58,1247.56,270.38,1517.94,68.3,HIGH
0.5371,0.277,2223.58,1194.18,285.17,1479.35,66.5,HIGH
0.6815,0.277,2223.58,1515.43,196.18,1711.6,77.0,CRITICAL
0.4055,0.277,2223.58,901.58,366.23,1267.81,57.0,MODERATE
0.4782,0.277,2223.58,1063.37,321.41,1384.78,62.3,MODERATE
0.488,0.277,2223.58,1085.21,315.36,1400.57,63.0,MODERATE
0.3695,0.277,2223.58,821.71,388.35,1210.06,54.4,LOW
0.3302,0.277,2223.58,734.21,412.59,1146.8,51.6,LOW
0.3867,0.277,2223.58,859.92,377.77,1237.68,55.7,MODERATE
0.5904,0.277,2223.58,1312.73,252.33,1565.06,70.4,HIGH
0.4996,0.277,2223.58,1110.97,308.22,1419.19,63.8,MODERATE
0.4755,0.277,2223.58,1057.39,323.06,1380.45,62.1,MODERATE
0.5175,0.277,2223.58,1150.67,297.22,1447.89,65.1,HIGH
0.5575,0.277,2223.58,1239.61,272.58,1512.2,68.0,HIGH
0.5311,0.277,2223.58,1180.98,288.82,1469.81,66.1,HIGH
0.6083,0.277,2223.58,1352.7,241.25,1593.96,71.7,HIGH
0.4939,0.277,2223.58,1098.26,311.74,1410.0,63.4,MODERATE
0.4091,0.277,2223.58,909.72,363.97,1273.69,57.3,MODERATE
0.5992,0.277,2223.58,1332.43,246.87,1579.3,71.0,HIGH
0.7433,0.277,2223.58,1652.85,158.11,1810.96,81.4,CRITICAL
0.562,0.277,2223.58,1249.58,269.82,1519.4,68.3,HIGH
0.429,0.277,2223.58,953.99,351.71,1305.7,58.7,MODERATE
0.5443,0.277,2223.58,1210.4,280.68,1491.07,67.1,HIGH
0.6108,0.277,2223.58,1358.12,239.75,1597.88,71.9,HIGH
0.55,0.277,2223.58,1222.94,277.2,1500.14,67.5,HIGH
0.4205,0.277,2223.58,935.02,356.96,1291.99,58.1,MODERATE
0.4209,0.277,2223.58,935.81,356.75,1292.55,58.1,MODERATE
0.7043,0.277,2223.58,1565.99,182.17,1748.16,78.6,CRITICAL
0.5268,0.277,2223.58,1171.36,291.49,1462.85,65.8,HIGH
0.502,0.277,2223.58,1116.15,306.78,1422.94,64.0,MODERATE
0.5337,0.277,2223.58,1186.75,287.23,1473.98,66.3,HIGH
0.3495,0.277,2223.58,777.25,400.67,1177.92,53.0,LOW
0.4749,0.277,2223.58,1055.91,323.47,1379.38,62.0,MODERATE
0.4413,0.277,2223.58,981.18,344.18,1325.36,59.6,MODERATE
0.5516,0.277,2223.58,1226.46,276.23,1502.69,67.6,HIGH
0.5519,0.277,2223.58,1227.25,276.01,1503.26,67.6,HIGH
0.4916,0.277,2223.58,1093.03,313.19,1406.22,63.2,MODERATE
0.5792,0.277,2223.58,1287.98,259.18,1547.17,69.6,HIGH
0.2927,0.277,2223.58,650.73,435.72,1086.45,48.9,LOW
0.4082,0.277,2223.58,907.66,364.54,1272.2,57.2,MODERATE
0.5918,0.277,2223.58,1315.86,251.46,1567.32,70.5,HIGH
0.4935,0.277,2223.58,1097.25,312.02,1409.27,63.4,MODERATE
0.6296,0.277,2223.58,1400.04,228.14,1628.18,73.2,CRITICAL
0.4818,0.277,2223.58,1071.32,319.2,1390.53,62.5,MODERATE
0.4906,0.277,2223.58,1090.79,313.81,1404.6,63.2,MODERATE
0.2674,0.277,2223.58,594.59,451.27,1045.86,47.0,LOW
0.4787,0.277,2223.58,1064.42,321.12,1385.53,62.3,MODERATE
0.4258,0.277,2223.58,946.77,353.71,1300.48,58.5,MODERATE
0.6096,0.277,2223.58,1355.45,240.49,1595.94,71.8,HIGH
0.5572,0.277,2223.58,1238.88,272.79,1511.66,68.0,HIGH
0.4682,0.277,2223.58,1041.1,327.58,1368.67,61.6,MODERATE
0.5854,0.277,2223.58,1301.58,255.42,1557.0,70.0,HIGH
0.4267,0.277,2223.58,948.9,353.12,1302.02,58.6,MODERATE
0.4794,0.277,2223.58,1066.02,320.67,1386.69,62.4,MODERATE
0.4879,0.277,2223.58,1084.95,315.43,1400.38,63.0,MODERATE
0.5026,0.277,2223.58,1117.67,306.36,1424.03,64.0,MODERATE
0.4181,0.277,2223.58,929.78,358.42,1288.19,57.9,MODERATE
0.4102,0.277,2223.58,912.09,363.31,1275.41,57.4,MODERATE
0.5868,0.277,2223.58,1304.79,254.53,1559.32,70.1,HIGH
0.4902,0.277,2223.58,1090.05,314.02,1404.06,63.1,MODERATE
0.4107,0.277,2223.58,913.22,363.0,1276.22,57.4,MODERATE
0.5115,0.277,2223.58,1137.47,300.88,1438.35,64.7,MODERATE
0.55,0.277,2223.58,1223.01,277.18,1500.19,67.5,HIGH
0.5665,0.277,2223.58,1259.69,267.02,1526.71,68.7,HIGH
0.4415,0.277,2223.58,981.78,344.01,1325.79,59.6,MODERATE
0.4099,0.277,2223.58,911.5,363.48,1274.98,57.3,MODERATE
0.4946,0.277,2223.58,1099.81,311.31,1411.13,63.5,MODERATE
0.5032,0.277,2223.58,1118.82,306.04,1424.87,64.1,MODERATE
0.4912,0.277,2223.58,1092.18,313.43,1405.6,63.2,MODERATE
0.4769,0.277,2223.58,1060.48,322.21,1382.69,62.2,MODERATE
0.5081,0.277,2223.58,1129.71,303.03,1432.74,64.4,MODERATE
0.3891,0.277,2223.58,865.15,376.32,1241.47,55.8,MODERATE
0.2785,0.277,2223.58,619.24,444.44,1063.68,47.8,LOW
0.6084,0.277,2223.58,1352.91,241.2,1594.1,71.7,HIGH
0.4637,0.277,2223.58,1030.97,330.38,1361.36,61.2,MODERATE
0.4144,0.277,2223.58,921.43,360.73,1282.16,57.7,MODERATE
0.4519,0.277,2223.58,1004.84,337.62,1342.46,60.4,MODERATE
0.5152,0.277,2223.58,1145.54,298.64,1444.18,64.9,MODERATE
0.5537,0.277,2223.58,1231.21,274.91,1506.12,67.7,HIGH
0.4833,0.277,2223.58,1074.75,318.26,1393.0,62.6,MODERATE
0.6403,0.277,2223.58,1423.67,221.6,1645.26,74.0,CRITICAL
0.4444,0.277,2223.58,988.18,342.24,1330.42,59.8,MODERATE
0.3279,0.277,2223.58,729.03,414.03,1143.05,51.4,LOW
0.6167,0.277,2223.58,1371.38,236.08,1607.46,72.3,CRITICAL
0.5255,0.277,2223.58,1168.41,292.31,1460.72,65.7,HIGH
0.5132,0.277,2223.58,1141.05,299.89,1440.94,64.8,MODERATE
0.3375,0.277,2223.58,750.53,408.07,1158.6,52.1,LOW
0.5768,0.277,2223.58,1282.53,260.7,1543.22,69.4,HIGH
0.3764,0.277,2223.58,836.98,384.12,1221.1,54.9,LOW
0.3992,0.277,2223.58,887.65,370.09,1257.73,56.6,MODERATE
0.4435,0.277,2223.58,986.08,342.82,1328.9,59.8,MODERATE
0.4091,0.277,2223.58,909.72,363.97,1273.69,57.3,MODERATE
0.4359,0.277,2223.58,969.26,347.48,1316.73,59.2,MODERATE
0.4282,0.277,2223.58,952.11,352.23,1304.34,58.7,MODERATE
0.5087,0.277,2223.58,1131.06,302.65,1433.72,64.5,MODERATE
0.6127,0.277,2223.58,1362.36,238.58,1600.94,72.0,HIGH
0.3602,0.277,2223.58,800.83,394.14,1194.97,53.7,LOW
0.5285,0.277,2223.58,1175.27,290.41,1465.67,65.9,HIGH
0.3263,0.277,2223.58,725.63,414.97,1140.6,51.3,LOW
0.5161,0.277,2223.58,1147.5,298.1,1445.6,65.0,HIGH
0.542,0.277,2223.58,1205.28,282.09,1487.37,66.9,HIGH
0.4822,0.277,2223.58,1072.22,318.96,1391.17,62.6,MODERATE
0.5285,0.277,2223.58,1175.17,290.44,1465.6,65.9,HIGH
0.6744,0.277,2223.58,1499.6,200.56,1700.16,76.5,CRITICAL
0.4999,0.277,2223.58,1111.48,308.08,1419.56,63.8,MODERATE
0.6253,0.277,2223.58,1390.38,230.82,1621.2,72.9,CRITICAL
0.579,0.277,2223.58,1287.53,259.31,1546.84,69.6,HIGH
0.3302,0.277,2223.58,734.21,412.59,1146.8,51.6,LOW
0.3316,0.277,2223.58,737.3,411.73,1149.04,51.7,LOW
0.5677,0.277,2223.58,1262.39,266.27,1528.66,68.7,HIGH
0.3047,0.277,2223.58,677.56,428.29,1105.84,49.7,LOW
0.392,0.277,2223.58,871.64,374.52,1246.16,56.0,MODERATE
0.4275,0.277,2223.58,950.55,352.66,1303.21,58.6,MODERATE
0.6021,0.277,2223.58,1338.74,245.12,1583.86,71.2,HIGH
0.6114,0.277,2223.58,1359.49,239.38,1598.86,71.9,HIGH
0.3089,0.277,2223.58,686.83,425.72,1112.55,50.0,LOW
0.5248,0.277,2223.58,1167.02,292.69,1459.71,65.6,HIGH
0.4665,0.277,2223.58,1037.25,328.64,1365.89,61.4,MODERATE
0.5939,0.277,2223.58,1320.64,250.14,1570.77,70.6,HIGH
0.3835,0.277,2223.58,852.7,379.77,1232.46,55.4,MODERATE
0.4884,0.277,2223.58,1086.03,315.13,1401.16,63.0,MODERATE
0.3897,0.277,2223.58,866.55,375.93,1242.48,55.9,MODERATE
0.5725,0.277,2223.58,1272.97,263.34,1536.31,69.1,HIGH
0.5271,0.277,2223.58,1171.96,291.33,1463.28,65.8,HIGH
0.4655,0.277,2223.58,1035.04,329.26,1364.29,61.4,MODERATE
0.474,0.277,2223.58,1053.93,324.02,1377.95,62.0,MODERATE
0.6403,0.277,2223.58,1423.76,221.57,1645.33,74.0,CRITICAL
0.3682,0.277,2223.58,818.79,389.16,1207.95,54.3,LOW
0.4025,0.277,2223.58,894.97,368.06,1263.03,56.8,MODERATE
0.3071,0.277,2223.58,682.83,426.83,1109.65,49.9,LOW
0.5682,0.277,2223.58,1263.53,265.96,1529.49,68.8,HIGH
0.4826,0.277,2223.58,1073.08,318.72,1391.8,62.6,MODERATE
0.417,0.277,2223.58,927.26,359.11,1286.37,57.9,MODERATE
0.3624,0.277,2223.58,805.72,392.78,1198.5,53.9,LOW
0.4243,0.277,2223.58,943.55,354.6,1298.15,58.4,MODERATE
0.5721,0.277,2223.58,1272.05,263.6,1535.65,69.1,HIGH
0.6704,0.277,2223.58,1490.67,203.03,1693.7,76.2,CRITICAL
0.2892,0.277,2223.58,643.09,437.83,1080.92,48.6,LOW
0.4064,0.277,2223.58,903.65,365.65,1269.3,57.1,MODERATE
0.4942,0.277,2223.58,1099.0,311.54,1410.53,63.4,MODERATE
0.5679,0.277,2223.58,1262.68,266.19,1528.87,68.8,HIGH
0.5066,0.277,2223.58,1126.44,303.94,1430.37,64.3,MODERATE
0.4315,0.277,2223.58,959.54,350.17,1309.71,58.9,MODERATE
0.4782,0.277,2223.58,1063.28,321.43,1384.71,62.3,MODERATE
0.4339,0.277,2223.58,964.82,348.71,1313.52,59.1,MODERATE
0.6724,0.277,2223.58,1495.23,201.77,1697.0,76.3,CRITICAL
0.5743,0.277,2223.58,1277.05,262.21,1539.26,69.2,HIGH
0.4476,0.277,2223.58,995.2,340.29,1335.49,60.1,MODERATE
0.4862,0.277,2223.58,1081.1,316.5,1397.59,62.9,MODERATE
0.4317,0.277,2223.58,959.87,350.08,1309.95,58.9,MODERATE
0.3024,0.277,2223.58,672.51,429.68,1102.19,49.6,LOW
0.7046,0.277,2223.58,1566.68,181.98,1748.66,78.6,CRITICAL
0.6288,0.277,2223.58,1398.16,228.66,1626.82,73.2,CRITICAL
0.4346,0.277,2223.58,966.41,348.27,1314.68,59.1,MODERATE
0.4327,0.277,2223.58,962.25,349.42,1311.67,59.0,MODERATE
0.4664,0.277,2223.58,1036.98,328.72,1365.7,61.4,MODERATE
0.719,0.277,2223.58,1598.73,173.1,1771.83,79.7,CRITICAL
0.4859,0.277,2223.58,1080.46,316.67,1397.13,62.8,MODERATE
0.5525,0.277,2223.58,1228.44,275.68,1504.12,67.6,HIGH
0.5084,0.277,2223.58,1130.44,302.83,1433.27,64.5,MODERATE
0.3958,0.277,2223.58,880.13,372.17,1252.3,56.3,MODERATE
0.7623,0.277,2223.58,1695.14,146.39,1841.53,82.8,CRITICAL
0.4565,0.277,2223.58,1015.01,334.8,1349.81,60.7,MODERATE
0.3289,0.277,2223.58,731.29,413.4,1144.69,51.5,LOW
0.6681,0.277,2223.58,1485.54,204.46,1689.99,76.0,CRITICAL
0.4932,0.277,2223.58,1096.67,312.18,1408.85,63.4,MODERATE
0.3019,0.277,2223.58,671.29,430.02,1101.31,49.5,LOW
0.5472,0.277,2223.58,1216.71,278.93,1495.64,67.3,HIGH
0.4672,0.277,2223.58,1038.93,328.18,1367.11,61.5,MODERATE
0.4055,0.277,2223.58,901.72,366.19,1267.91,57.0,MODERATE
0.4325,0.277,2223.58,961.71,349.57,1311.28,59.0,MODERATE
0.5176,0.277,2223.58,1150.89,297.16,1448.05,65.1,HIGH
0.6913,0.277,2223.58,1537.09,190.17,1727.27,77.7,CRITICAL
0.4867,0.277,2223.58,1082.33,316.16,1398.48,62.9,MODERATE
0.6247,0.277,2223.58,1388.98,231.21,1620.18,72.9,CRITICAL
0.5996,0.277,2223.58,1333.25,246.64,1579.89,71.1,HIGH
0.5116,0.277,2223.58,1137.56,300.85,1438.42,64.7,MODERATE
0.356,0.277,2223.58,791.63,396.69,1188.31,53.4,LOW
0.5143,0.277,2223.58,1143.55,299.19,1442.75,64.9,MODERATE
0.7006,0.277,2223.58,1557.75,184.45,1742.2,78.4,CRITICAL
0.4312,0.277,2223.58,958.91,350.34,1309.25,58.9,MODERATE
0.6076,0.277,2223.58,1351.03,241.72,1592.75,71.6,HIGH
0.5934,0.277,2223.58,1319.52,250.45,1569.96,70.6,HIGH
0.421,0.277,2223.58,936.1,356.66,1292.76,58.1,MODERATE
0.4697,0.277,2223.58,1044.31,326.69,1370.99,61.7,MODERATE
0.5408,0.277,2223.58,1202.44,282.88,1485.32,66.8,HIGH
0.6211,0.277,2223.58,1381.16,233.37,1614.53,72.6,CRITICAL
0.4315,0.277,2223.58,959.46,350.19,1309.65,58.9,MODERATE
0.5075,0.277,2223.58,1128.5,303.36,1431.87,64.4,MODERATE
0.6706,0.277,2223.58,1491.09,202.92,1694.0,76.2,CRITICAL
0.5645,0.277,2223.58,1255.23,268.26,1523.48,68.5,HIGH
0.4485,0.277,2223.58,997.23,339.73,1336.96,60.1,MODERATE
0.3774,0.277,2223.58,839.26,383.49,1222.75,55.0,LOW
0.6301,0.277,2223.58,1400.98,227.88,1628.86,73.3,CRITICAL
0.575,0.277,2223.58,1278.45,261.82,1540.27,69.3,HIGH
0.3928,0.277,2223.58,873.48,374.01,1247.49,56.1,MODERATE
0.6648,0.277,2223.58,1478.34,206.45,1684.79,75.8,CRITICAL
0.4152,0.277,2223.58,923.15,360.25,1283.4,57.7,MODERATE
0.4258,0.277,2223.58,946.83,353.69,1300.52,58.5,MODERATE
0.3873,0.277,2223.58,861.29,377.39,1238.68,55.7,MODERATE
0.5921,0.277,2223.58,1316.67,251.24,1567.9,70.5,HIGH
0.544,0.277,2223.58,1209.57,280.91,1490.48,67.0,HIGH
0.4414,0.277,2223.58,981.57,344.07,1325.63,59.6,MODERATE
0.3967,0.277,2223.58,882.21,371.59,1253.8,56.4,MODERATE
0.2155,0.277,2223.58,479.19,483.24,962.43,43.3,LOW
0.4583,0.277,2223.58,1019.05,333.68,1352.73,60.8,MODERATE
0.2274,0.277,2223.58,505.66,475.91,981.56,44.1,LOW
0.4803,0.277,2223.58,1067.96,320.13,1388.1,62.4,MODERATE
0.497,0.277,2223.58,1105.15,309.83,1414.98,63.6,MODERATE
0.3943,0.277,2223.58,876.67,373.13,1249.8,56.2,MODERATE
0.2557,0.277,2223.58,568.55,458.48,1027.03,46.2,LOW
0.4261,0.277,2223.58,947.42,353.53,1300.95,58.5,MODERATE
0.5329,0.277,2223.58,1184.93,287.73,1472.66,66.2,HIGH
0.5834,0.277,2223.58,1297.2,256.63,1553.83,69.9,HIGH
0.4889,0.277,2223.58,1087.0,314.86,1401.86,63.0,MODERATE
0.4238,0.277,2223.58,942.46,354.9,1297.36,58.3,MODERATE
0.5878,0.277,2223.58,1306.97,253.92,1560.89,70.2,HIGH
0.4093,0.277,2223.58,910.1,363.87,1273.96,57.3,MODERATE
0.5417,0.277,2223.58,1204.55,282.3,1486.85,66.9,HIGH
0.3585,0.277,2223.58,797.18,395.15,1192.33,53.6,LOW
0.4288,0.277,2223.58,953.37,351.88,1305.25,58.7,MODERATE
0.5156,0.277,2223.58,1146.4,298.41,1444.81,65.0,MODERATE
0.5202,0.277,2223.58,1156.66,295.56,1452.22,65.3,HIGH
0.3985,0.277,2223.58,886.08,370.52,1256.6,56.5,MODERATE
0.4892,0.277,2223.58,1087.75,314.65,1402.41,63.1,MODERATE
0.4501,0.277,2223.58,1000.78,338.75,1339.52,60.2,MODERATE
0.3898,0.277,2223.58,866.68,375.89,1242.57,55.9,MODERATE
0.453,0.277,2223.58,1007.37,336.92,1344.29,60.5,MODERATE
0.5591,0.277,2223.58,1243.2,271.59,1514.79,68.1,HIGH
0.5172,0.277,2223.58,1150.07,297.39,1447.46,65.1,HIGH
0.573,0.277,2223.58,1274.15,263.02,1537.16,69.1,HIGH
0.4792,0.277,2223.58,1065.55,320.8,1386.35,62.3,MODERATE
0.4145,0.277,2223.58,921.7,360.65,1282.35,57.7,MODERATE
0.6073,0.277,2223.58,1350.49,241.87,1592.36,71.6,HIGH
0.6015,0.277,2223.58,1337.49,245.47,1582.96,71.2,HIGH
0.651,0.277,2223.58,1447.44,215.01,1662.45,74.8,CRITICAL
0.3956,0.277,2223.58,879.72,372.28,1252.0,56.3,MODERATE
0.4311,0.277,2223.58,958.64,350.42,1309.06,58.9,MODERATE
0.4278,0.277,2223.58,951.27,352.46,1303.73,58.6,MODERATE
0.4927,0.277,2223.58,1095.62,312.47,1408.09,63.3,MODERATE
0.3881,0.277,2223.58,863.02,376.91,1239.93,55.8,MODERATE
0.5433,0.277,2223.58,1208.1,281.31,1489.41,67.0,HIGH
0.41,0.277,2223.58,911.67,363.43,1275.1,57.3,MODERATE
0.4834,0.277,2223.58,1074.81,318.24,1393.04,62.6,MODERATE
0.4166,0.277,2223.58,926.25,359.39,1285.64,57.8,MODERATE
0.6366,0.277,2223.58,1415.47,223.87,1639.34,73.7,CRITICAL
0.628,0.277,2223.58,1396.34,229.17,1625.5,73.1,CRITICAL
0.4517,0.277,2223.58,1004.39,337.75,1342.13,60.4,MODERATE
0.4424,0.277,2223.58,983.67,343.49,1327.15,59.7,MODERATE
0.4941,0.277,2223.58,1098.73,311.61,1410.34,63.4,MODERATE
0.4624,0.277,2223.58,1028.29,331.12,1359.42,61.1,MODERATE
0.4036,0.277,2223.58,897.36,367.4,1264.76,56.9,MODERATE
0.5157,0.277,2223.58,1146.62,298.34,1444.97,65.0,MODERATE
0.6408,0.277,2223.58,1424.93,221.25,1646.18,74.0,CRITICAL
0.4224,0.277,2223.58,939.23,355.8,1295.03,58.2,MODERATE
0.5261,0.277,2223.58,1169.78,291.93,1461.71,65.7,HIGH
0.4738,0.277,2223.58,1053.5,324.14,1377.64,62.0,MODERATE
0.5949,0.277,2223.58,1322.8,249.54,1572.34,70.7,HIGH
0.4674,0.277,2223.58,1039.4,328.05,1367.44,61.5,MODERATE
0.5264,0.277,2223.58,1170.4,291.76,1462.16,65.8,HIGH
0.4486,0.277,2223.58,997.54,339.64,1337.18,60.1,MODERATE
0.4646,0.277,2223.58,1032.97,329.83,1362.8,61.3,MODERATE
0.5415,0.277,2223.58,1203.99,282.45,1486.44,66.8,HIGH
0.5168,0.277,2223.58,1149.14,297.65,1446.78,65.1,HIGH
0.4904,0.277,2223.58,1090.54,313.88,1404.42,63.2,MODERATE
0.4017,0.277,2223.58,893.26,368.53,1261.79,56.7,MODERATE
0.5287,0.277,2223.58,1175.69,290.29,1465.98,65.9,HIGH
0.5334,0.277,2223.58,1186.03,287.43,1473.46,66.3,HIGH
0.5032,0.277,2223.58,1118.9,306.02,1424.92,64.1,MODERATE
0.5555,0.277,2223.58,1235.25,273.79,1509.04,67.9,HIGH
0.4926,0.277,2223.58,1095.23,312.58,1407.81,63.3,MODERATE
0.5044,0.277,2223.58,1121.61,305.27,1426.88,64.2,MODERATE
0.6776,0.277,2223.58,1506.72,198.59,1705.31,76.7,CRITICAL
0.439,0.277,2223.58,976.22,345.55,1321.77,59.4,MODERATE
0.5173,0.277,2223.58,1150.15,297.37,1447.52,65.1,HIGH
0.4834,0.277,2223.58,1074.88,318.22,1393.09,62.7,MODERATE
0.6323,0.277,2223.58,1406.06,226.47,1632.53,73.4,CRITICAL
0.4842,0.277,2223.58,1076.62,317.74,1394.36,62.7,MODERATE
0.4716,0.277,2223.58,1048.68,325.48,1374.16,61.8,MODERATE
0.3783,0.277,2223.58,841.25,382.94,1224.19,55.1,MODERATE
0.5026,0.277,2223.58,1117.63,306.37,1424.01,64.0,MODERATE
0.5971,0.277,2223.58,1327.67,248.19,1575.86,70.9,HIGH
0.6184,0.277,2223.58,1375.07,235.06,1610.13,72.4,CRITICAL
0.6687,0.277,2223.58,1487.02,204.05,1691.06,76.1,CRITICAL
0.5149,0.277,2223.58,1144.87,298.83,1443.7,64.9,MODERATE
0.3403,0.277,2223.58,756.6,406.39,1162.99,52.3,LOW
0.4577,0.277,2223.58,1017.74,334.05,1351.79,60.8,MODERATE
0.3852,0.277,2223.58,856.53,378.71,1235.24,55.6,MODERATE
0.6519,0.277,2223.58,1449.56,214.42,1663.98,74.8,CRITICAL
0.5084,0.277,2223.58,1130.46,302.82,1433.28,64.5,MODERATE
0.3977,0.277,2223.58,884.31,371.01,1255.32,56.5,MODERATE
0.6454,0.277,2223.58,1435.13,218.42,1653.55,74.4,CRITICAL
0.7195,0.277,2223.58,1599.92,172.77,1772.69,79.7,CRITICAL
0.5283,0.277,2223.58,1174.75,290.55,1465.3,65.9,HIGH
0.5255,0.277,2223.58,1168.52,292.28,1460.8,65.7,HIGH
0.393,0.277,2223.58,873.83,373.91,1247.75,56.1,MODERATE
0.4684,0.277,2223.58,1041.48,327.47,1368.95,61.6,MODERATE
0.5515,0.277,2223.58,1226.38,276.25,1502.63,67.6,HIGH
0.5403,0.277,2223.58,1201.39,283.17,1484.56,66.8,HIGH
0.5636,0.277,2223.58,1253.15,268.83,1521.98,68.4,HIGH
0.5873,0.277,2223.58,1305.91,254.22,1560.13,70.2,HIGH
0.6325,0.277,2223.58,1406.47,226.36,1632.83,73.4,CRITICAL
0.5382,0.277,2223.58,1196.7,284.47,1481.17,66.6,HIGH
0.4921,0.277,2223.58,1094.3,312.84,1407.14,63.3,MODERATE
0.5362,0.277,2223.58,1192.26,285.7,1477.96,66.5,HIGH
0.6279,0.277,2223.58,1396.19,229.21,1625.4,73.1,CRITICAL
0.3997,0.277,2223.58,888.72,369.79,1258.51,56.6,MODERATE
0.4133,0.277,2223.58,918.97,361.41,1280.38,57.6,MODERATE
0.3054,0.277,2223.58,679.06,427.87,1106.93,49.8,LOW
0.4783,0.277,2223.58,1063.49,321.37,1384.86,62.3,MODERATE
0.5538,0.277,2223.58,1231.41,274.86,1506.26,67.7,HIGH
0.5309,0.277,2223.58,1180.52,288.95,1469.47,66.1,HIGH
0.6265,0.277,2223.58,1393.08,230.07,1623.15,73.0,CRITICAL
0.5928,0.277,2223.58,1318.05,250.86,1568.9,70.6,HIGH
0.4118,0.277,2223.58,915.77,362.3,1278.06,57.5,MODERATE
0.5507,0.277,2223.58,1224.62,276.74,1501.36,67.5,HIGH
0.4168,0.277,2223.58,926.78,359.25,1286.02,57.8,MODERATE
0.6313,0.277,2223.58,1403.76,227.11,1630.87,73.3,CRITICAL
0.3616,0.277,2223.58,804.1,393.23,1197.33,53.8,LOW
0.4016,0.277,2223.58,893.07,368.58,1261.65,56.7,MODERATE
0.4435,0.277,2223.58,986.13,342.8,1328.93,59.8,MODERATE
0.3374,0.277,2223.58,750.32,408.13,1158.45,52.1,LOW
0.3712,0.277,2223.58,825.47,387.31,1212.78,54.5,LOW
0.4644,0.277,2223.58,1032.56,329.94,1362.5,61.3,MODERATE
0.4667,0.277,2223.58,1037.8,328.49,1366.29,61.4,MODERATE
0.7169,0.277,2223.58,1594.09,174.38,1768.47,79.5,CRITICAL
0.4913,0.277,2223.58,1092.47,313.35,1405.82,63.2,MODERATE
0.4616,0.277,2223.58,1026.42,331.64,1358.06,61.1,MODERATE
0.4705,0.277,2223.58,1046.24,326.15,1372.39,61.7,MODERATE
0.5374,0.277,2223.58,1194.93,284.96,1479.89,66.6,HIGH
0.5704,0.277,2223.58,1268.33,264.63,1532.96,68.9,HIGH
0.4685,0.277,2223.58,1041.66,327.42,1369.08,61.6,MODERATE
0.5686,0.277,2223.58,1264.32,265.74,1530.06,68.8,HIGH
0.7159,0.277,2223.58,1591.78,175.03,1766.8,79.5,CRITICAL
0.4312,0.277,2223.58,958.76,350.39,1309.14,58.9,MODERATE
0.3893,0.277,2223.58,865.72,376.16,1241.88,55.9,MODERATE
0.3223,0.277,2223.58,716.6,417.47,1134.07,51.0,LOW
0.4587,0.277,2223.58,1019.99,333.42,1353.41,60.9,MODERATE
0.5948,0.277,2223.58,1322.48,249.63,1572.11,70.7,HIGH
0.5399,0.277,2223.58,1200.48,283.42,1483.9,66.7,HIGH
0.4735,0.277,2223.58,1052.93,324.3,1377.23,61.9,MODERATE
0.4637,0.277,2223.58,1031.01,330.37,1361.38,61.2,MODERATE
0.2966,0.277,2223.58,659.44,433.31,1092.74,49.1,LOW
0.3902,0.277,2223.58,867.65,375.62,1243.28,55.9,MODERATE
0.6444,0.277,2223.58,1432.92,219.03,1651.96,74.3,CRITICAL
0.3946,0.277,2223.58,877.4,372.93,1250.32,56.2,MODERATE
0.4131,0.277,2223.58,918.65,361.5,1280.15,57.6,MODERATE
0.5979,0.277,2223.58,1329.56,247.66,1577.23,70.9,HIGH
0.4925,0.277,2223.58,1095.07,312.63,1407.69,63.3,MODERATE
0.5928,0.277,2223.58,1318.16,250.82,1568.98,70.6,HIGH
0.3896,0.277,2223.58,866.23,376.02,1242.25,55.9,MODERATE
0.5314,0.277,2223.58,1181.58,288.66,1470.24,66.1,HIGH
0.6458,0.277,2223.58,1435.89,218.21,1654.1,74.4,CRITICAL
0.5771,0.277,2223.58,1283.17,260.52,1543.69,69.4,HIGH
0.5021,0.277,2223.58,1116.5,306.69,1423.19,64.0,MODERATE
0.4756,0.277,2223.58,1057.48,323.04,1380.52,62.1,MODERATE
0.4198,0.277,2223.58,933.54,357.37,1290.91,58.1,MODERATE
0.5351,0.277,2223.58,1189.92,286.35,1476.27,66.4,HIGH
0.6847,0.277,2223.58,1522.59,194.19,1716.78,77.2,CRITICAL
0.6661,0.277,2223.58,1481.21,205.65,1686.87,75.9,CRITICAL
0.2771,0.277,2223.58,616.24,445.27,1061.51,47.7,LOW
0.5704,0.277,2223.58,1268.25,264.65,1532.9,68.9,HIGH
0.4953,0.277,2223.58,1101.4,310.87,1412.27,63.5,MODERATE
0.4631,0.277,2223.58,1029.7,330.73,1360.43,61.2,MODERATE
0.6118,0.277,2223.58,1360.48,239.1,1599.58,71.9,HIGH
0.4022,0.277,2223.58,894.35,368.23,1262.58,56.8,MODERATE
0.4171,0.277,2223.58,927.36,359.08,1286.45,57.9,MODERATE
0.3729,0.277,2223.58,829.09,386.31,1215.4,54.7,LOW
0.7124,0.277,2223.58,1584.05,177.17,1761.22,79.2,CRITICAL
0.4422,0.277,2223.58,983.17,343.62,1326.8,59.7,MODERATE
0.353,0.277,2223.58,784.93,398.54,1183.47,53.2,LOW
0.4271,0.277,2223.58,949.76,352.88,1302.64,58.6,MODERATE
0.713,0.277,2223.58,1585.43,176.78,1762.21,79.3,CRITICAL
0.4987,0.277,2223.58,1108.96,308.78,1417.74,63.8,MODERATE
0.6033,0.277,2223.58,1341.48,244.36,1585.85,71.3,HIGH
0.5947,0.277,2223.58,1322.33,249.67,1572.0,70.7,HIGH
0.4734,0.277,2223.58,1052.57,324.4,1376.97,61.9,MODERATE
0.6081,0.277,2223.58,1352.05,241.43,1593.49,71.7,HIGH
0.5716,0.277,2223.58,1270.94,263.9,1534.85,69.0,HIGH
0.5366,0.277,2223.58,1193.1,285.47,1478.57,66.5,HIGH
0.5955,0.277,2223.58,1324.16,249.16,1573.32,70.8,HIGH
0.4042,0.277,2223.58,898.68,367.03,1265.71,56.9,MODERATE
0.4228,0.277,2223.58,940.16,355.54,1295.7,58.3,MODERATE
0.6621,0.277,2223.58,1472.27,208.13,1680.4,75.6,CRITICAL
0.5797,0.277,2223.58,1288.97,258.91,1547.88,69.6,HIGH
0.6144,0.277,2223.58,1366.15,237.53,1603.68,72.1,CRITICAL
0.6915,0.277,2223.58,1537.52,190.05,1727.58,77.7,CRITICAL
0.4355,0.277,2223.58,968.45,347.7,1316.15,59.2,MODERATE
0.4956,0.277,2223.58,1102.07,310.69,1412.75,63.5,MODERATE
0.354,0.277,2223.58,787.21,397.91,1185.12,53.3,LOW
0.4236,0.277,2223.58,941.96,355.04,1297.0,58.3,MODERATE
0.6601,0.277,2223.58,1467.77,209.38,1677.15,75.4,CRITICAL
0.5701,0.277,2223.58,1267.62,264.82,1532.45,68.9,HIGH
0.4391,0.277,2223.58,976.38,345.51,1321.88,59.4,MODERATE
0.4196,0.277,2223.58,933.09,357.5,1290.59,58.0,MODERATE
0.4283,0.277,2223.58,952.26,352.19,1304.44,58.7,MODERATE
0.4819,0.277,2223.58,1071.49,319.16,1390.64,62.5,MODERATE
0.5054,0.277,2223.58,1123.89,304.64,1428.53,64.2,MODERATE
0.3974,0.277,2223.58,883.67,371.19,1254.86,56.4,MODERATE
0.5619,0.277,2223.58,1249.37,269.88,1519.25,68.3,HIGH
0.5293,0.277,2223.58,1176.86,289.97,1466.83,66.0,HIGH
0.574,0.277,2223.58,1276.43,262.38,1538.81,69.2,HIGH
0.6307,0.277,2223.58,1402.52,227.45,1629.97,73.3,CRITICAL
0.4374,0.277,2223.58,972.65,346.54,1319.19,59.3,MODERATE
0.3796,0.277,2223.58,844.11,382.15,1226.26,55.1,MODERATE
0.5178,0.277,2223.58,1151.36,297.03,1448.39,65.1,HIGH
0.4827,0.277,2223.58,1073.37,318.64,1392.0,62.6,MODERATE
0.4548,0.277,2223.58,1011.28,335.84,1347.12,60.6,MODERATE
0.3553,0.277,2223.58,790.11,397.11,1187.22,53.4,LOW
0.6661,0.277,2223.58,1481.17,205.67,1686.83,75.9,CRITICAL
0.5115,0.277,2223.58,1137.32,300.92,1438.24,64.7,MODERATE
0.6124,0.277,2223.58,1361.8,238.73,1600.54,72.0,HIGH
0.367,0.277,2223.58,815.96,389.94,1205.91,54.2,LOW
0.6007,0.277,2223.58,1335.66,245.97,1581.64,71.1,HIGH
0.4785,0.277,2223.58,1063.88,321.27,1385.14,62.3,MODERATE
0.5368,0.277,2223.58,1193.67,285.31,1478.98,66.5,HIGH
0.6267,0.277,2223.58,1393.42,229.97,1623.4,73.0,CRITICAL
0.4956,0.277,2223.58,1102.01,310.7,1412.71,63.5,MODERATE
0.3663,0.277,2223.58,814.48,390.36,1204.83,54.2,LOW
0.421,0.277,2223.58,936.21,356.63,1292.85,58.1,MODERATE
0.4461,0.277,2223.58,991.99,341.18,1333.17,60.0,MODERATE
0.4727,0.277,2223.58,1051.19,324.78,1375.97,61.9,MODERATE
0.6497,0.277,2223.58,1444.72,215.76,1660.48,74.7,CRITICAL
0.3853,0.277,2223.58,856.72,378.65,1235.37,55.6,MODERATE
0.3887,0.277,2223.58,864.39,376.53,1240.92,55.8,MODERATE
0.5232,0.277,2223.58,1163.39,293.7,1457.09,65.5,HIGH
0.5451,0.277,2223.58,1211.98,280.24,1492.22,67.1,HIGH
0.4156,0.277,2223.58,924.08,359.99,1284.07,57.7,MODERATE
0.433,0.277,2223.58,962.87,349.25,1312.12,59.0,MODERATE
0.5914,0.277,2223.58,1314.93,251.72,1566.65,70.5,HIGH
0.606,0.277,2223.58,1347.57,242.67,1590.25,71.5,HIGH
0.5729,0.277,2223.58,1273.97,263.07,1537.04,69.1,HIGH
0.4571,0.277,2223.58,1016.29,334.45,1350.74,60.7,MODERATE
0.5483,0.277,2223.58,1219.26,278.22,1497.48,67.3,HIGH
0.4451,0.277,2223.58,989.67,341.82,1331.49,59.9,MODERATE
0.5372,0.277,2223.58,1194.45,285.09,1479.54,66.5,HIGH
0.4979,0.277,2223.58,1107.2,309.27,1416.46,63.7,MODERATE
0.5541,0.277,2223.58,1232.01,274.69,1506.7,67.8,HIGH
0.504,0.277,2223.58,1120.79,305.5,1426.29,64.1,MODERATE
0.5713,0.277,2223.58,1270.31,264.08,1534.39,69.0,HIGH
0.4339,0.277,2223.58,964.86,348.7,1313.55,59.1,MODERATE
0.3662,0.277,2223.58,814.38,390.38,1204.76,54.2,LOW
0.5926,0.277,2223.58,1317.75,250.94,1568.69,70.5,HIGH
0.7295,0.277,2223.58,1622.01,166.65,1788.66,80.4,CRITICAL
0.5945,0.277,2223.58,1322.01,249.76,1571.77,70.7,HIGH
0.3755,0.277,2223.58,834.89,384.7,1219.59,54.8,LOW
0.4733,0.277,2223.58,1052.36,324.46,1376.82,61.9,MODERATE
0.4965,0.277,2223.58,1103.91,310.18,1414.08,63.6,MODERATE
0.5265,0.277,2223.58,1170.81,291.64,1462.46,65.8,HIGH
0.5219,0.277,2223.58,1160.51,294.5,1455.01,65.4,HIGH
0.4941,0.277,2223.58,1098.7,311.62,1410.32,63.4,MODERATE
0.5635,0.277,2223.58,1253.08,268.85,1521.93,68.4,HIGH
0.4128,0.277,2223.58,917.97,361.69,1279.66,57.5,MODERATE
0.3988,0.277,2223.58,886.66,370.36,1257.02,56.5,MODERATE
0.3955,0.277,2223.58,879.44,372.36,1251.8,56.3,MODERATE
0.4345,0.277,2223.58,966.04,348.37,1314.41,59.1,MODERATE
0.427,0.277,2223.58,949.52,352.95,1302.46,58.6,MODERATE
0.3528,0.277,2223.58,784.41,398.69,1183.09,53.2,LOW
0.5087,0.277,2223.58,1131.08,302.65,1433.73,64.5,MODERATE
0.5717,0.277,2223.58,1271.16,263.84,1535.01,69.0,HIGH
0.6145,0.277,2223.58,1366.34,237.48,1603.81,72.1,CRITICAL
0.4803,0.277,2223.58,1068.05,320.11,1388.16,62.4,MODERATE
0.5142,0.277,2223.58,1143.35,299.25,1442.6,64.9,MODERATE
0.4447,0.277,2223.58,988.88,342.04,1330.92,59.9,MODERATE
0.4078,0.277,2223.58,906.88,364.76,1271.64,57.2,MODERATE
0.4874,0.277,2223.58,1083.69,315.78,1399.47,62.9,MODERATE
0.6936,0.277,2223.58,1542.26,188.74,1731.0,77.8,CRITICAL
0.3013,0.277,2223.58,670.05,430.36,1100.42,49.5,LOW
0.4907,0.277,2223.58,1091.13,313.72,1404.85,63.2,MODERATE
0.5154,0.277,2223.58,1145.92,298.54,1444.46,65.0,MODERATE
0.4628,0.277,2223.58,1029.13,330.89,1360.02,61.2,MODERATE
0.5206,0.277,2223.58,1157.6,295.3,1452.9,65.3,HIGH
0.6303,0.277,2223.58,1401.52,227.73,1629.25,73.3,CRITICAL
0.3832,0.277,2223.58,852.01,379.96,1231.97,55.4,MODERATE
0.401,0.277,2223.58,891.65,368.98,1260.63,56.7,MODERATE
0.687,0.277,2223.58,1527.66,192.79,1720.45,77.4,CRITICAL
0.5465,0.277,2223.58,1215.21,279.34,1494.55,67.2,HIGH
0.548,0.277,2223.58,1218.54,278.42,1496.96,67.3,HIGH
0.6142,0.277,2223.58,1365.68,237.66,1603.34,72.1,CRITICAL
0.4005,0.277,2223.58,890.59,369.27,1259.86,56.7,MODERATE
0.4584,0.277,2223.58,1019.38,333.59,1352.97,60.8,MODERATE
0.5617,0.277,2223.58,1249.05,269.97,1519.02,68.3,HIGH
0.6196,0.277,2223.58,1377.66,234.34,1612.0,72.5,CRITICAL
0.4224,0.277,2223.58,939.32,355.77,1295.09,58.2,MODERATE
0.5106,0.277,2223.58,1135.3,301.48,1436.78,64.6,MODERATE
0.6245,0.277,2223.58,1388.61,231.31,1619.92,72.9,CRITICAL
0.3493,0.277,2223.58,776.74,400.81,1177.55,53.0,LOW
0.5023,0.277,2223.58,1116.84,306.59,1423.44,64.0,MODERATE
0.4535,0.277,2223.58,1008.49,336.61,1345.1,60.5,MODERATE
0.3135,0.277,2223.58,697.1,422.87,1119.97,50.4,LOW
0.505,0.277,2223.58,1122.84,304.93,1427.77,64.2,MODERATE
0.4471,0.277,2223.58,994.18,340.57,1334.76,60.0,MODERATE
0.4963,0.277,2223.58,1103.62,310.26,1413.88,63.6,MODERATE
0.5081,0.277,2223.58,1129.77,303.01,1432.78,64.4,MODERATE
0.5131,0.277,2223.58,1141.02,299.89,1440.92,64.8,MODERATE
0.6357,0.277,2223.58,1413.44,224.43,1637.87,73.7,CRITICAL
0.6276,0.277,2223.58,1395.48,229.4,1624.89,73.1,CRITICAL
0.4539,0.277,2223.58,1009.28,336.39,1345.67,60.5,MODERATE
0.2266,0.277,2223.58,503.85,476.41,980.25,44.1,LOW
0.5532,0.277,2223.58,1230.1,275.22,1505.31,67.7,HIGH
0.3609,0.277,2223.58,802.45,393.69,1196.14,53.8,LOW
0.5893,0.277,2223.58,1310.35,252.99,1563.34,70.3,HIGH
0.5442,0.277,2223.58,1210.05,280.77,1490.82,67.0,HIGH
0.5578,0.277,2223.58,1240.32,272.39,1512.71,68.0,HIGH
0.7099,0.277,2223.58,1578.57,178.69,1757.25,79.0,CRITICAL
0.4809,0.277,2223.58,1069.28,319.77,1389.05,62.5,MODERATE
0.3423,0.277,2223.58,761.06,405.15,1166.21,52.4,LOW
0.4817,0.277,2223.58,1071.21,319.23,1390.44,62.5,MODERATE
0.3935,0.277,2223.58,875.06,373.57,1248.63,56.2,MODERATE
0.496,0.277,2223.58,1102.83,310.47,1413.31,63.6,MODERATE
0.573,0.277,2223.58,1274.19,263.01,1537.19,69.1,HIGH
0.5202,0.277,2223.58,1156.76,295.53,1452.3,65.3,HIGH
0.344,0.277,2223.58,764.93,404.08,1169.01,52.6,LOW
0.4693,0.277,2223.58,1043.57,326.89,1370.46,61.6,MODERATE
0.3638,0.277,2223.58,808.93,391.89,1200.82,54.0,LOW
0.3923,0.277,2223.58,872.32,374.33,1246.65,56.1,MODERATE
0.3824,0.277,2223.58,850.4,380.4,1230.81,55.4,MODERATE
0.4493,0.277,2223.58,999.14,339.2,1338.34,60.2,MODERATE
0.4342,0.277,2223.58,965.49,348.52,1314.01,59.1,MODERATE
0.5627,0.277,2223.58,1251.14,269.39,1520.53,68.4,HIGH
0.5311,0.277,2223.58,1180.98,288.82,1469.81,66.1,HIGH
0.4648,0.277,2223.58,1033.61,329.65,1363.26,61.3,MODERATE
0.5044,0.277,2223.58,1121.57,305.29,1426.85,64.2,MODERATE
0.4871,0.277,2223.58,1083.16,315.93,1399.08,62.9,MODERATE
0.417,0.277,2223.58,927.26,359.11,1286.37,57.9,MODERATE
0.6245,0.277,2223.58,1388.69,231.29,1619.97,72.9,CRITICAL
0.3094,0.277,2223.58,688.02,425.39,1113.41,50.1,LOW
0.7029,0.277,2223.58,1562.85,183.04,1745.89,78.5,CRITICAL
0.5353,0.277,2223.58,1190.2,286.27,1476.47,66.4,HIGH
0.547,0.277,2223.58,1216.19,279.07,1495.26,67.2,HIGH
0.4614,0.277,2223.58,1025.94,331.77,1357.72,61.1,MODERATE
0.5556,0.277,2223.58,1235.52,273.72,1509.24,67.9,HIGH
0.4268,0.277,2223.58,949.09,353.06,1302.16,58.6,MODERATE
0.4367,0.277,2223.58,970.99,347.0,1317.98,59.3,MODERATE
0.4816,0.277,2223.58,1070.88,319.33,1390.21,62.5,MODERATE
0.509,0.277,2223.58,1131.85,302.43,1434.29,64.5,MODERATE
0.4031,0.277,2223.58,896.24,367.71,1263.95,56.8,MODERATE
0.4838,0.277,2223.58,1075.87,317.94,1393.82,62.7,MODERATE
0.451,0.277,2223.58,1002.8,338.19,1340.99,60.3,MODERATE
0.6072,0.277,2223.58,1350.24,241.94,1592.17,71.6,HIGH
0.6198,0.277,2223.58,1378.12,234.21,1612.33,72.5,CRITICAL
0.3893,0.277,2223.58,865.6,376.19,1241.79,55.8,MODERATE
0.4061,0.277,2223.58,903.05,365.82,1268.87,57.1,MODERATE
0.5369,0.277,2223.58,1193.91,285.24,1479.15,66.5,HIGH
0.5581,0.277,2223.58,1240.98,272.2,1513.19,68.1,HIGH
0.4757,0.277,2223.58,1057.86,322.93,1380.79,62.1,MODERATE
0.4649,0.277,2223.58,1033.77,329.61,1363.38,61.3,MODERATE
0.4377,0.277,2223.58,973.34,346.35,1319.68,59.3,MODERATE
0.5411,0.277,2223.58,1203.24,282.66,1485.9,66.8,HIGH
0.4145,0.277,2223.58,921.63,360.67,1282.3,57.7,MODERATE
0.3793,0.277,2223.58,843.39,382.35,1225.74,55.1,MODERATE
0.528,0.277,2223.58,1173.95,290.77,1464.72,65.9,HIGH
0.6669,0.277,2223.58,1483.01,205.16,1688.17,75.9,CRITICAL
0.5912,0.277,2223.58,1314.58,251.81,1566.4,70.4,HIGH
0.5618,0.277,2223.58,1249.15,269.94,1519.09,68.3,HIGH
0.5172,0.277,2223.58,1150.08,297.39,1447.46,65.1,HIGH
0.2054,0.277,2223.58,456.75,489.46,946.21,42.6,LOW
0.5688,0.277,2223.58,1264.77,265.61,1530.38,68.8,HIGH
0.3204,0.277,2223.58,712.39,418.64,1131.03,50.9,LOW
0.4463,0.277,2223.58,992.46,341.05,1333.51,60.0,MODERATE
0.4248,0.277,2223.58,944.51,354.33,1298.85,58.4,MODERATE
0.3725,0.277,2223.58,828.35,386.51,1214.86,54.6,LOW
0.5395,0.277,2223.58,1199.57,283.67,1483.25,66.7,HIGH
0.4435,0.277,2223.58,986.12,342.81,1328.93,59.8,MODERATE
0.5043,0.277,2223.58,1121.32,305.35,1426.67,64.2,MODERATE
0.4879,0.277,2223.58,1084.95,315.43,1400.38,63.0,MODERATE
0.4711,0.277,2223.58,1047.62,325.77,1373.39,61.8,MODERATE
0.4794,0.277,2223.58,1066.08,320.65,1386.74,62.4,MODERATE
0.408,0.277,2223.58,907.26,364.65,1271.91,57.2,MODERATE
0.4328,0.277,2223.58,962.33,349.4,1311.73,59.0,MODERATE
0.5422,0.277,2223.58,1205.67,281.99,1487.66,66.9,HIGH
0.4952,0.277,2223.58,1101.03,310.97,1412.0,63.5,MODERATE
0.4595,0.277,2223.58,1021.76,332.93,1354.7,60.9,MODERATE
0.5219,0.277,2223.58,1160.42,294.52,1454.94,65.4,HIGH
0.5401,0.277,2223.58,1200.97,283.29,1484.26,66.8,HIGH
0.3703,0.277,2223.58,823.35,387.9,1211.25,54.5,LOW
0.5126,0.277,2223.58,1139.78,300.24,1440.02,64.8,MODERATE
0.5446,0.277,2223.58,1210.9,280.54,1491.44,67.1,HIGH
0.6417,0.277,2223.58,1426.78,220.73,1647.51,74.1,CRITICAL
0.5278,0.277,2223.58,1173.6,290.87,1464.47,65.9,HIGH
0.4663,0.277,2223.58,1036.82,328.76,1365.58,61.4,MODERATE
0.5306,0.277,2223.58,1179.93,289.12,1469.05,66.1,HIGH
0.4469,0.277,2223.58,993.8,340.68,1334.48,60.0,MODERATE
0.4753,0.277,2223.58,1056.97,323.18,1380.15,62.1,MODERATE
0.4524,0.277,2223.58,1005.86,337.34,1343.2,60.4,MODERATE
0.6562,0.277,2223.58,1459.18,211.76,1670.94,75.1,CRITICAL
0.633,0.277,2223.58,1407.63,226.04,1633.67,73.5,CRITICAL
0.4961,0.277,2223.58,1103.01,310.43,1413.43,63.6,MODERATE
0.5097,0.277,2223.58,1133.37,302.01,1435.39,64.6,MODERATE
0.4759,0.277,2223.58,1058.2,322.84,1381.04,62.1,MODERATE
0.5804,0.277,2223.58,1290.5,258.49,1548.98,69.7,HIGH
0.3744,0.277,2223.58,832.61,385.33,1217.95,54.8,LOW
0.5414,0.277,2223.58,1203.84,282.49,1486.33,66.8,HIGH
0.4161,0.277,2223.58,925.34,359.65,1284.98,57.8,MODERATE
0.3785,0.277,2223.58,841.69,382.82,1224.51,55.1,MODERATE
0.485,0.277,2223.58,1078.35,317.26,1395.61,62.8,MODERATE
0.6226,0.277,2223.58,1384.32,232.5,1616.82,72.7,CRITICAL
0.6116,0.277,2223.58,1360.02,239.23,1599.25,71.9,HIGH
0.6148,0.277,2223.58,1367.09,237.27,1604.36,72.2,CRITICAL
0.5382,0.277,2223.58,1196.81,284.44,1481.25,66.6,HIGH
0.6934,0.277,2223.58,1541.92,188.84,1730.76,77.8,CRITICAL
0.3661,0.277,2223.58,814.09,390.46,1204.55,54.2,LOW
0.4108,0.277,2223.58,913.39,362.96,1276.34,57.4,MODERATE
0.6539,0.277,2223.58,1453.93,213.21,1667.14,75.0,CRITICAL
0.3769,0.277,2223.58,838.05,383.83,1221.87,55.0,LOW
0.5424,0.277,2223.58,1206.0,281.89,1487.9,66.9,HIGH
0.5674,0.277,2223.58,1261.67,266.47,1528.14,68.7,HIGH
0.4386,0.277,2223.58,975.15,345.84,1321.0,59.4,MODERATE
0.4874,0.277,2223.58,1083.72,315.77,1399.49,62.9,MODERATE
0.4189,0.277,2223.58,931.43,357.96,1289.39,58.0,MODERATE
0.4401,0.277,2223.58,978.67,344.87,1323.54,59.5,MODERATE
0.4039,0.277,2223.58,898.05,367.2,1265.26,56.9,MODERATE
0.5832,0.277,2223.58,1296.83,256.73,1553.56,69.9,HIGH
0.4944,0.277,2223.58,1099.27,311.46,1410.73,63.4,MODERATE
0.4727,0.277,2223.58,1051.16,324.79,1375.95,61.9,MODERATE
0.4431,0.277,2223.58,985.36,343.02,1328.38,59.7,MODERATE
0.4767,0.277,2223.58,1059.9,322.37,1382.27,62.2,MODERATE
0.1777,0.277,2223.58,395.06,506.55,901.6,40.5,LOW
0.5651,0.277,2223.58,1256.6,267.88,1524.48,68.6,HIGH
0.574,0.277,2223.58,1276.23,262.44,1538.67,69.2,HIGH
0.4618,0.277,2223.58,1026.76,331.55,1358.31,61.1,MODERATE
0.5796,0.277,2223.58,1288.84,258.95,1547.78,69.6,HIGH
0.3091,0.277,2223.58,687.21,425.61,1112.82,50.0,LOW
0.4506,0.277,2223.58,1001.92,338.43,1340.35,60.3,MODERATE
0.4873,0.277,2223.58,1083.49,315.83,1399.33,62.9,MODERATE
0.6137,0.277,2223.58,1364.53,237.98,1602.51,72.1,CRITICAL
0.4926,0.277,2223.58,1095.35,312.55,1407.9,63.3,MODERATE
0.5579,0.277,2223.58,1240.5,272.34,1512.84,68.0,HIGH
0.2011,0.277,2223.58,447.12,492.12,939.24,42.2,LOW
0.4605,0.277,2223.58,1023.87,332.35,1356.22,61.0,MODERATE
0.4766,0.277,2223.58,1059.75,322.41,1382.16,62.2,MODERATE
0.2309,0.277,2223.58,513.39,473.77,987.15,44.4,LOW
0.5105,0.277,2223.58,1135.24,301.5,1436.74,64.6,MODERATE
0.4094,0.277,2223.58,910.25,363.82,1274.07,57.3,MODERATE
0.5945,0.277,2223.58,1321.86,249.8,1571.66,70.7,HIGH
0.4865,0.277,2223.58,1081.75,316.31,1398.07,62.9,MODERATE
0.4715,0.277,2223.58,1048.31,325.58,1373.89,61.8,MODERATE
0.4772,0.277,2223.58,1061.11,322.03,1383.14,62.2,MODERATE
0.3821,0.277,2223.58,849.64,380.61,1230.26,55.3,MODERATE
0.6212,0.277,2223.58,1381.26,233.34,1614.6,72.6,CRITICAL
0.5077,0.277,2223.58,1128.97,303.23,1432.21,64.4,MODERATE
0.4429,0.277,2223.58,984.86,343.15,1328.02,59.7,MODERATE
0.5952,0.277,2223.58,1323.39,249.37,1572.77,70.7,HIGH
0.3469,0.277,2223.58,771.32,402.31,1173.63,52.8,LOW
0.4157,0.277,2223.58,924.42,359.9,1284.32,57.8,MODERATE
0.409,0.277,2223.58,909.43,364.05,1273.48,57.3,MODERATE
0.4736,0.277,2223.58,1053.05,324.27,1377.32,61.9,MODERATE
0.4277,0.277,2223.58,950.93,352.56,1303.48,58.6,MODERATE
0.4602,0.277,2223.58,1023.18,332.54,1355.72,61.0,MODERATE
0.4476,0.277,2223.58,995.34,340.25,1335.59,60.1,MODERATE
0.5763,0.277,2223.58,1281.5,260.98,1542.48,69.4,HIGH
0.5251,0.277,2223.58,1167.62,292.53,1460.15,65.7,HIGH
0.434,0.277,2223.58,965.06,348.64,1313.7,59.1,MODERATE
0.3604,0.277,2223.58,801.29,394.01,1195.3,53.8,LOW
0.5008,0.277,2223.58,1113.5,307.52,1421.02,63.9,MODERATE
0.3848,0.277,2223.58,855.63,378.96,1234.59,55.5,MODERATE
0.4444,0.277,2223.58,988.22,342.22,1330.45,59.8,MODERATE
0.402,0.277,2223.58,893.86,368.37,1262.22,56.8,MODERATE
0.5533,0.277,2223.58,1230.35,275.15,1505.5,67.7,HIGH
0.3937,0.277,2223.58,875.42,373.47,1248.89,56.2,MODERATE
0.3292,0.277,2223.58,731.94,413.22,1145.16,51.5,LOW
0.511,0.277,2223.58,1136.31,301.2,1437.51,64.6,MODERATE
0.6722,0.277,2223.58,1494.79,201.89,1696.69,76.3,CRITICAL
0.5975,0.277,2223.58,1328.55,247.94,1576.5,70.9,HIGH
0.4941,0.277,2223.58,1098.7,311.62,1410.32,63.4,MODERATE
0.3344,0.277,2223.58,743.5,410.02,1153.52,51.9,LOW
0.6735,0.277,2223.58,1497.49,201.15,1698.63,76.4,CRITICAL
0.3373,0.277,2223.58,750.12,408.18,1158.3,52.1,LOW
0.6223,0.277,2223.58,1383.64,232.68,1616.32,72.7,CRITICAL
0.5251,0.277,2223.58,1167.7,292.51,1460.2,65.7,HIGH
0.5899,0.277,2223.58,1311.58,252.65,1564.23,70.3,HIGH
0.4974,0.277,2223.58,1105.94,309.61,1415.55,63.7,MODERATE
0.6025,0.277,2223.58,1339.65,244.87,1584.52,71.3,HIGH
0.5032,0.277,2223.58,1118.99,306.0,1424.99,64.1,MODERATE
0.4923,0.277,2223.58,1094.75,312.71,1407.46,63.3,MODERATE
0.6063,0.277,2223.58,1348.14,242.52,1590.66,71.5,HIGH
0.6237,0.277,2223.58,1386.85,231.79,1618.65,72.8,CRITICAL
0.5375,0.277,2223.58,1195.08,284.92,1480.0,66.6,HIGH
0.4185,0.277,2223.58,930.49,358.22,1288.71,58.0,MODERATE
0.6384,0.277,2223.58,1419.57,222.73,1642.3,73.9,CRITICAL
0.6539,0.277,2223.58,1454.09,213.17,1667.26,75.0,CRITICAL
0.5336,0.277,2223.58,1186.41,287.32,1473.73,66.3,HIGH
0.3644,0.277,2223.58,810.21,391.54,1201.75,54.0,LOW
0.5619,0.277,2223.58,1249.32,269.89,1519.22,68.3,HIGH
0.3819,0.277,2223.58,849.2,380.74,1229.94,55.3,MODERATE
0.4303,0.277,2223.58,956.86,350.91,1307.77,58.8,MODERATE
0.4694,0.277,2223.58,1043.75,326.84,1370.6,61.6,MODERATE
0.4605,0.277,2223.58,1023.99,332.32,1356.3,61.0,MODERATE
0.5398,0.277,2223.58,1200.23,283.49,1483.72,66.7,HIGH
0.4381,0.277,2223.58,974.08,346.14,1320.22,59.4,MODERATE
0.4729,0.277,2223.58,1051.58,324.67,1376.25,61.9,MODERATE
0.4904,0.277,2223.58,1090.39,313.92,1404.31,63.2,MODERATE
0.4969,0.277,2223.58,1104.95,309.89,1414.84,63.6,MODERATE
0.5505,0.277,2223.58,1224.0,276.91,1500.91,67.5,HIGH
0.5572,0.277,2223.58,1239.06,272.74,1511.8,68.0,HIGH
0.431,0.277,2223.58,958.31,350.51,1308.82,58.9,MODERATE
0.395,0.277,2223.58,878.26,372.69,1250.94,56.3,MODERATE
0.2659,0.277,2223.58,591.19,452.21,1043.41,46.9,LOW
0.579,0.277,2223.58,1287.55,259.3,1546.85,69.6,HIGH
0.2836,0.277,2223.58,630.66,441.28,1071.94,48.2,LOW
0.4189,0.277,2223.58,931.37,357.97,1289.35,58.0,MODERATE
0.5673,0.277,2223.58,1261.42,266.54,1527.97,68.7,HIGH
0.4616,0.277,2223.58,1026.51,331.62,1358.13,61.1,MODERATE
0.5752,0.277,2223.58,1279.06,261.65,1540.72,69.3,HIGH
0.4385,0.277,2223.58,975.03,345.88,1320.91,59.4,MODERATE
0.5639,0.277,2223.58,1253.84,268.64,1522.48,68.5,HIGH
0.4437,0.277,2223.58,986.51,342.7,1329.21,59.8,MODERATE
0.482,0.277,2223.58,1071.81,319.07,1390.88,62.6,MODERATE
0.5044,0.277,2223.58,1121.61,305.27,1426.88,64.2,MODERATE
0.5581,0.277,2223.58,1240.97,272.21,1513.18,68.1,HIGH
0.6251,0.277,2223.58,1389.85,230.96,1620.82,72.9,CRITICAL
0.6493,0.277,2223.58,1443.85,216.0,1659.85,74.6,CRITICAL
0.4616,0.277,2223.58,1026.48,331.62,1358.11,61.1,MODERATE
0.3899,0.277,2223.58,867.03,375.8,1242.83,55.9,MODERATE
0.5401,0.277,2223.58,1200.94,283.3,1484.24,66.7,HIGH
0.4743,0.277,2223.58,1054.64,323.82,1378.47,62.0,MODERATE
0.6463,0.277,2223.58,1437.15,217.86,1655.01,74.4,CRITICAL
0.3047,0.277,2223.58,677.47,428.31,1105.78,49.7,LOW
0.6797,0.277,2223.58,1511.44,197.28,1708.72,76.8,CRITICAL
0.4985,0.277,2223.58,1108.52,308.9,1417.42,63.7,MODERATE
0.4276,0.277,2223.58,950.86,352.57,1303.44,58.6,MODERATE
0.4196,0.277,2223.58,932.99,357.52,1290.52,58.0,MODERATE
0.4965,0.277,2223.58,1103.91,310.18,1414.08,63.6,MODERATE
0.4618,0.277,2223.58,1026.88,331.52,1358.39,61.1,MODERATE
0.5244,0.277,2223.58,1166.03,292.97,1459.0,65.6,HIGH
0.6574,0.277,2223.58,1461.86,211.01,1672.88,75.2,CRITICAL
0.449,0.277,2223.58,998.39,339.41,1337.8,60.2,MODERATE
0.2016,0.277,2223.58,448.26,491.81,940.06,42.3,LOW
0.4866,0.277,2223.58,1081.9,316.27,1398.18,62.9,MODERATE
0.5203,0.277,2223.58,1156.85,295.51,1452.36,65.3,HIGH
0.4245,0.277,2223.58,943.88,354.51,1298.39,58.4,MODERATE
0.4967,0.277,2223.58,1104.4,310.04,1414.44,63.6,MODERATE
0.3336,0.277,2223.58,741.77,410.5,1152.27,51.8,LOW
0.6216,0.277,2223.58,1382.29,233.06,1615.35,72.6,CRITICAL
0.4202,0.277,2223.58,934.35,357.15,1291.49,58.1,MODERATE
0.4837,0.277,2223.58,1075.48,318.05,1393.53,62.7,MODERATE
0.5505,0.277,2223.58,1224.01,276.9,1500.92,67.5,HIGH
0.5303,0.277,2223.58,1179.22,289.31,1468.54,66.0,HIGH
0.5307,0.277,2223.58,1179.95,289.11,1469.06,66.1,HIGH
0.5786,0.277,2223.58,1286.47,259.6,1546.07,69.5,HIGH
0.5986,0.277,2223.58,1331.11,247.24,1578.35,71.0,HIGH
0.5343,0.277,2223.58,1188.04,286.87,1474.91,66.3,HIGH
0.3055,0.277,2223.58,679.28,427.81,1107.09,49.8,LOW
0.4414,0.277,2223.58,981.4,344.11,1325.51,59.6,MODERATE
0.5673,0.277,2223.58,1261.52,266.51,1528.03,68.7,HIGH
0.4446,0.277,2223.58,988.71,342.09,1330.8,59.8,MODERATE
0.4289,0.277,2223.58,953.61,351.81,1305.42,58.7,MODERATE
0.5065,0.277,2223.58,1126.31,303.97,1430.28,64.3,MODERATE
0.4096,0.277,2223.58,910.84,363.66,1274.5,57.3,MODERATE
0.5527,0.277,2223.58,1229.08,275.5,1504.58,67.7,HIGH
0.621,0.277,2223.58,1380.82,233.47,1614.28,72.6,CRITICAL
0.3068,0.277,2223.58,682.15,427.01,1109.16,49.9,LOW
0.4822,0.277,2223.58,1072.25,318.95,1391.2,62.6,MODERATE
0.5418,0.277,2223.58,1204.84,282.22,1487.05,66.9,HIGH
0.4172,0.277,2223.58,927.71,358.99,1286.7,57.9,MODERATE
0.6741,0.277,2223.58,1498.93,200.75,1699.67,76.4,CRITICAL
0.4346,0.277,2223.58,966.35,348.28,1314.63,59.1,MODERATE
0.3872,0.277,2223.58,861.03,377.46,1238.49,55.7,MODERATE
0.4464,0.277,2223.58,992.53,341.03,1333.56,60.0,MODERATE
0.6875,0.277,2223.58,1528.69,192.5,1721.19,77.4,CRITICAL
0.3246,0.277,2223.58,721.75,416.04,1137.8,51.2,LOW
0.4063,0.277,2223.58,903.5,365.69,1269.19,57.1,MODERATE
0.5119,0.277,2223.58,1138.18,300.68,1438.87,64.7,MODERATE
0.5699,0.277,2223.58,1267.11,264.97,1532.08,68.9,HIGH
0.4297,0.277,2223.58,955.56,351.27,1306.83,58.8,MODERATE
0.3718,0.277,2223.58,826.69,386.97,1213.66,54.6,LOW
0.535,0.277,2223.58,1189.71,286.41,1476.12,66.4,HIGH
0.5591,0.277,2223.58,1243.23,271.58,1514.81,68.1,HIGH
0.5192,0.277,2223.58,1154.37,296.2,1450.57,65.2,HIGH
0.4069,0.277,2223.58,904.71,365.36,1270.07,57.1,MODERATE
0.3681,0.277,2223.58,818.56,389.23,1207.78,54.3,LOW
0.5799,0.277,2223.58,1289.36,258.8,1548.16,69.6,HIGH
0.3071,0.277,2223.58,682.79,426.84,1109.62,49.9,LOW
0.4325,0.277,2223.58,961.75,349.56,1311.31,59.0,MODERATE
0.589,0.277,2223.58,1309.6,253.2,1562.79,70.3,HIGH
0.4483,0.277,2223.58,996.8,339.85,1336.65,60.1,MODERATE
0.3132,0.277,2223.58,696.48,423.04,1119.52,50.3,LOW
0.3981,0.277,2223.58,885.27,370.74,1256.02,56.5,MODERATE
0.3264,0.277,2223.58,725.87,414.9,1140.77,51.3,LOW
0.4732,0.277,2223.58,1052.22,324.5,1376.72,61.9,MODERATE
0.4633,0.277,2223.58,1030.13,330.61,1360.75,61.2,MODERATE
0.4373,0.277,2223.58,972.46,346.59,1319.05,59.3,MODERATE
0.5093,0.277,2223.58,1132.42,302.28,1434.7,64.5,MODERATE
0.6801,0.277,2223.58,1512.37,197.02,1709.39,76.9,CRITICAL
0.4757,0.277,2223.58,1057.74,322.97,1380.7,62.1,MODERATE
0.6127,0.277,2223.58,1362.39,238.57,1600.96,72.0,HIGH
0.6327,0.277,2223.58,1406.96,226.22,1633.18,73.4,CRITICAL
0.4844,0.277,2223.58,1077.21,317.57,1394.79,62.7,MODERATE
0.3685,0.277,2223.58,819.38,389.0,1208.38,54.3,LOW
0.4038,0.277,2223.58,897.91,367.24,1265.16,56.9,MODERATE
0.4813,0.277,2223.58,1070.12,319.54,1389.66,62.5,MODERATE
0.3578,0.277,2223.58,795.62,395.58,1191.2,53.6,LOW
0.343,0.277,2223.58,762.64,404.72,1167.36,52.5,LOW
0.3893,0.277,2223.58,865.67,376.17,1241.85,55.8,MODERATE
0.5049,0.277,2223.58,1122.63,304.99,1427.62,64.2,MODERATE
0.5361,0.277,2223.58,1192.09,285.75,1477.84,66.5,HIGH
0.3051,0.277,2223.58,678.38,428.06,1106.44,49.8,LOW
0.5149,0.277,2223.58,1144.87,298.83,1443.7,64.9,MODERATE
0.682,0.277,2223.58,1516.44,195.89,1712.34,77.0,CRITICAL
0.5582,0.277,2223.58,1241.12,272.16,1513.29,68.1,HIGH
0.5196,0.277,2223.58,1155.3,295.94,1451.24,65.3,HIGH
0.2803,0.277,2223.58,623.21,443.34,1066.55,48.0,LOW
0.2758,0.277,2223.58,613.28,446.09,1059.37,47.6,LOW
0.2895,0.277,2223.58,643.75,437.65,1081.4,48.6,LOW
0.4312,0.277,2223.58,958.75,350.39,1309.14,58.9,MODERATE
0.4105,0.277,2223.58,912.68,363.15,1275.83,57.4,MODERATE
0.5508,0.277,2223.58,1224.69,276.72,1501.41,67.5,HIGH
0.3968,0.277,2223.58,882.38,371.55,1253.92,56.4,MODERATE
0.5551,0.277,2223.58,1234.38,274.03,1508.42,67.8,HIGH
0.5982,0.277,2223.58,1330.2,247.49,1577.69,71.0,HIGH
0.4453,0.277,2223.58,990.27,341.66,1331.92,59.9,MODERATE
0.669,0.277,2223.58,1487.56,203.9,1691.46,76.1,CRITICAL
0.5724,0.277,2223.58,1272.79,263.39,1536.18,69.1,HIGH
0.4184,0.277,2223.58,930.38,358.25,1288.63,58.0,MODERATE
0.474,0.277,2223.58,1054.08,323.98,1378.06,62.0,MODERATE
0.4537,0.277,2223.58,1008.75,336.54,1345.29,60.5,MODERATE
0.296,0.277,2223.58,658.1,433.68,1091.78,49.1,LOW
0.591,0.277,2223.58,1314.08,251.95,1566.04,70.4,HIGH
0.3112,0.277,2223.58,691.9,424.31,1116.22,50.2,LOW
0.476,0.277,2223.58,1058.33,322.8,1381.13,62.1,MODERATE
0.3404,0.277,2223.58,757.01,406.28,1163.28,52.3,LOW
0.4932,0.277,2223.58,1096.77,312.15,1408.92,63.4,MODERATE
0.4615,0.277,2223.58,1026.19,331.71,1357.9,61.1,MODERATE
0.4183,0.277,2223.58,930.01,358.35,1288.36,57.9,MODERATE
0.5039,0.277,2223.58,1120.57,305.56,1426.13,64.1,MODERATE
0.4745,0.277,2223.58,1054.99,323.73,1378.72,62.0,MODERATE
0.4072,0.277,2223.58,905.38,365.17,1270.55,57.1,MODERATE
0.5494,0.277,2223.58,1221.57,277.58,1499.15,67.4,HIGH
0.4868,0.277,2223.58,1082.45,316.12,1398.57,62.9,MODERATE
0.4163,0.277,2223.58,925.73,359.54,1285.27,57.8,MODERATE
0.3029,0.277,2223.58,673.59,429.38,1102.98,49.6,LOW
0.5433,0.277,2223.58,1208.1,281.31,1489.41,67.0,HIGH
0.6703,0.277,2223.58,1490.54,203.07,1693.61,76.2,CRITICAL
0.5562,0.277,2223.58,1236.86,273.35,1510.21,67.9,HIGH
0.6519,0.277,2223.58,1449.46,214.45,1663.91,74.8,CRITICAL
0.5688,0.277,2223.58,1264.77,265.61,1530.38,68.8,HIGH
0.617,0.277,2223.58,1371.91,235.93,1607.84,72.3,CRITICAL
0.4894,0.277,2223.58,1088.15,314.54,1402.69,63.1,MODERATE
0.669,0.277,2223.58,1487.57,203.89,1691.46,76.1,CRITICAL
0.4617,0.277,2223.58,1026.73,331.56,1358.29,61.1,MODERATE
0.4206,0.277,2223.58,935.33,356.88,1292.21,58.1,MODERATE
0.4481,0.277,2223.58,996.41,339.96,1336.37,60.1,MODERATE
0.3643,0.277,2223.58,809.99,391.6,1201.59,54.0,LOW
0.3846,0.277,2223.58,855.25,379.06,1234.31,55.5,MODERATE
0.5982,0.277,2223.58,1330.22,247.48,1577.7,71.0,HIGH
0.4247,0.277,2223.58,944.33,354.38,1298.71,58.4,MODERATE
0.6347,0.277,2223.58,1411.27,225.03,1636.3,73.6,CRITICAL
0.4129,0.277,2223.58,918.13,361.64,1279.77,57.6,MODERATE
0.4776,0.277,2223.58,1061.97,321.79,1383.76,62.2,MODERATE
0.4576,0.277,2223.58,1017.54,334.1,1351.64,60.8,MODERATE
0.4584,0.277,2223.58,1019.34,333.6,1352.94,60.8,MODERATE
0.4768,0.277,2223.58,1060.26,322.27,1382.53,62.2,MODERATE
0.5205,0.277,2223.58,1157.37,295.37,1452.74,65.3,HIGH
0.5508,0.277,2223.58,1224.67,276.72,1501.39,67.5,HIGH
0.5475,0.277,2223.58,1217.43,278.73,1496.15,67.3,HIGH
0.496,0.277,2223.58,1102.88,310.46,1413.34,63.6,MODERATE
0.4154,0.277,2223.58,923.66,360.11,1283.77,57.7,MODERATE
0.5232,0.277,2223.58,1163.35,293.71,1457.06,65.5,HIGH
0.5921,0.277,2223.58,1316.56,251.27,1567.83,70.5,HIGH
0.7088,0.277,2223.58,1576.16,179.35,1755.51,78.9,CRITICAL
0.5136,0.277,2223.58,1142.14,299.59,1441.72,64.8,MODERATE
0.4671,0.277,2223.58,1038.56,328.28,1366.84,61.5,MODERATE
0.4591,0.277,2223.58,1020.9,333.17,1354.07,60.9,MODERATE
0.6792,0.277,2223.58,1510.33,197.59,1707.92,76.8,CRITICAL
0.5113,0.277,2223.58,1136.83,301.06,1437.89,64.7,MODERATE
0.4265,0.277,2223.58,948.35,353.27,1301.62,58.5,MODERATE
0.3402,0.277,2223.58,756.51,406.42,1162.92,52.3,LOW
0.5478,0.277,2223.58,1218.01,278.57,1496.58,67.3,HIGH
0.4926,0.277,2223.58,1095.28,312.57,1407.85,63.3,MODERATE
0.4558,0.277,2223.58,1013.47,335.23,1348.7,60.7,MODERATE
0.4947,0.277,2223.58,1100.05,311.25,1411.3,63.5,MODERATE
0.4802,0.277,2223.58,1067.74,320.2,1387.93,62.4,MODERATE
0.5237,0.277,2223.58,1164.49,293.39,1457.88,65.6,HIGH
0.4081,0.277,2223.58,907.49,364.59,1272.08,57.2,MODERATE
0.5172,0.277,2223.58,1150.09,297.38,1447.47,65.1,HIGH
0.6069,0.277,2223.58,1349.47,242.15,1591.62,71.6,HIGH
0.4335,0.277,2223.58,963.85,348.98,1312.83,59.0,MODERATE
0.3729,0.277,2223.58,829.07,386.31,1215.38,54.7,LOW
0.4818,0.277,2223.58,1071.42,319.18,1390.6,62.5,MODERATE
0.1977,0.277,2223.58,439.59,494.21,933.8,42.0,LOW
0.4885,0.277,2223.58,1086.12,315.11,1401.22,63.0,MODERATE
0.5536,0.277,2223.58,1230.95,274.98,1505.94,67.7,HIGH
0.4176,0.277,2223.58,928.56,358.75,1287.31,57.9,MODERATE
0.3145,0.277,2223.58,699.34,422.25,1121.59,50.4,LOW
0.5143,0.277,2223.58,1143.48,299.21,1442.7,64.9,MODERATE
0.4265,0.277,2223.58,948.29,353.29,1301.57,58.5,MODERATE
0.4496,0.277,2223.58,999.8,339.02,1338.81,60.2,MODERATE
0.6097,0.277,2223.58,1355.76,240.41,1596.17,71.8,HIGH
0.4781,0.277,2223.58,1063.0,321.51,1384.51,62.3,MODERATE
0.3587,0.277,2223.58,797.5,395.06,1192.56,53.6,LOW
0.5997,0.277,2223.58,1333.52,246.57,1580.09,71.1,HIGH
0.5505,0.277,2223.58,1224.04,276.9,1500.94,67.5,HIGH
0.604,0.277,2223.58,1343.02,243.94,1586.96,71.4,HIGH
0.5322,0.277,2223.58,1183.47,288.14,1471.61,66.2,HIGH
0.3288,0.277,2223.58,731.09,413.46,1144.55,51.5,LOW
0.5682,0.277,2223.58,1263.5,265.96,1529.47,68.8,HIGH
0.4925,0.277,2223.58,1095.13,312.61,1407.74,63.3,MODERATE
0.476,0.277,2223.58,1058.35,322.8,1381.15,62.1,MODERATE
0.3774,0.277,2223.58,839.23,383.5,1222.73,55.0,LOW
0.594,0.277,2223.58,1320.73,250.11,1570.84,70.6,HIGH
0.511,0.277,2223.58,1136.26,301.21,1437.48,64.6,MODERATE
0.4978,0.277,2223.58,1106.83,309.37,1416.2,63.7,MODERATE
0.483,0.277,2223.58,1074.04,318.45,1392.49,62.6,MODERATE
0.5412,0.277,2223.58,1203.32,282.64,1485.96,66.8,HIGH
0.609,0.277,2223.58,1354.09,240.87,1594.96,71.7,HIGH
0.5973,0.277,2223.58,1328.12,248.07,1576.18,70.9,HIGH
0.4522,0.277,2223.58,1005.55,337.43,1342.97,60.4,MODERATE
0.5239,0.277,2223.58,1164.89,293.28,1458.17,65.6,HIGH
0.3461,0.277,2223.58,769.49,402.82,1172.31,52.7,LOW
0.4782,0.277,2223.58,1063.27,321.43,1384.7,62.3,MODERATE
0.5238,0.277,2223.58,1164.69,293.34,1458.03,65.6,HIGH
0.5157,0.277,2223.58,1146.65,298.34,1444.99,65.0,MODERATE
0.4901,0.277,2223.58,1089.83,314.08,1403.9,63.1,MODERATE
0.5327,0.277,2223.58,1184.47,287.86,1472.33,66.2,HIGH
0.5676,0.277,2223.58,1262.16,266.34,1528.49,68.7,HIGH
0.3416,0.277,2223.58,759.68,405.54,1165.21,52.4,LOW
0.4678,0.277,2223.58,1040.2,327.83,1368.03,61.5,MODERATE
0.3136,0.277,2223.58,697.3,422.82,1120.12,50.4,LOW
0.5055,0.277,2223.58,1124.08,304.59,1428.67,64.3,MODERATE
0.5453,0.277,2223.58,1212.46,280.1,1492.57,67.1,HIGH
0.5544,0.277,2223.58,1232.71,274.49,1507.21,67.8,HIGH
0.4035,0.277,2223.58,897.22,367.43,1264.66,56.9,MODERATE
0.5808,0.277,2223.58,1291.54,258.2,1549.74,69.7,HIGH
0.4797,0.277,2223.58,1066.72,320.48,1387.2,62.4,MODERATE
0.5153,0.277,2223.58,1145.83,298.56,1444.4,65.0,MODERATE
0.5168,0.277,2223.58,1149.2,297.63,1446.83,65.1,HIGH
0.4829,0.277,2223.58,1073.85,318.5,1392.36,62.6,MODERATE
0.5063,0.277,2223.58,1125.87,304.09,1429.96,64.3,MODERATE
0.5855,0.277,2223.58,1301.83,255.35,1557.18,70.0,HIGH
0.6478,0.277,2223.58,1440.43,216.95,1657.38,74.5,CRITICAL
0.5256,0.277,2223.58,1168.65,292.24,1460.89,65.7,HIGH
0.4106,0.277,2223.58,913.0,363.06,1276.07,57.4,MODERATE
0.3944,0.277,2223.58,876.88,373.07,1249.95,56.2,MODERATE
0.695,0.277,2223.58,1545.39,187.88,1733.26,77.9,CRITICAL
0.5191,0.277,2223.58,1154.29,296.22,1450.51,65.2,HIGH
0.5208,0.277,2223.58,1157.95,295.2,1453.16,65.4,HIGH
0.4172,0.277,2223.58,927.61,359.02,1286.63,57.9,MODERATE
0.3275,0.277,2223.58,728.19,414.26,1142.45,51.4,LOW
0.3434,0.277,2223.58,763.48,404.48,1167.96,52.5,LOW
0.4392,0.277,2223.58,976.69,345.42,1322.11,59.5,MODERATE
0.4429,0.277,2223.58,984.86,343.15,1328.02,59.7,MODERATE
0.6026,0.277,2223.58,1339.9,244.8,1584.7,71.3,HIGH
0.3134,0.277,2223.58,696.91,422.92,1119.84,50.4,LOW
0.4071,0.277,2223.58,905.32,365.19,1270.51,57.1,MODERATE
0.5163,0.277,2223.58,1148.03,297.96,1445.98,65.0,HIGH
0.4139,0.277,2223.58,920.36,361.02,1281.39,57.6,MODERATE
0.4979,0.277,2223.58,1107.22,309.26,1416.48,63.7,MODERATE
0.4231,0.277,2223.58,940.82,355.36,1296.18,58.3,MODERATE
0.5412,0.277,2223.58,1203.32,282.64,1485.96,66.8,HIGH
0.4828,0.277,2223.58,1073.45,318.61,1392.07,62.6,MODERATE
0.4912,0.277,2223.58,1092.12,313.44,1405.56,63.2,MODERATE
0.3688,0.277,2223.58,819.96,388.84,1208.8,54.4,LOW
0.5634,0.277,2223.58,1252.67,268.97,1521.63,68.4,HIGH
0.7059,0.277,2223.58,1569.66,181.15,1750.81,78.7,CRITICAL
0.6235,0.277,2223.58,1386.43,231.91,1618.34,72.8,CRITICAL
0.5719,0.277,2223.58,1271.77,263.67,1535.45,69.1,HIGH
0.6422,0.277,2223.58,1427.99,220.4,1648.39,74.1,CRITICAL
0.6782,0.277,2223.58,1507.96,198.24,1706.21,76.7,CRITICAL
0.4784,0.277,2223.58,1063.77,321.3,1385.06,62.3,MODERATE
0.5069,0.277,2223.58,1127.12,303.75,1430.87,64.3,MODERATE
0.6036,0.277,2223.58,1342.25,244.15,1586.4,71.3,HIGH
0.6589,0.277,2223.58,1465.03,210.14,1675.17,75.3,CRITICAL
0.4719,0.277,2223.58,1049.32,325.3,1374.62,61.8,MODERATE
0.4669,0.277,2223.58,1038.28,328.36,1366.64,61.5,MODERATE
0.5721,0.277,2223.58,1272.15,263.57,1535.72,69.1,HIGH
0.3736,0.277,2223.58,830.76,385.85,1216.6,54.7,LOW
0.4238,0.277,2223.58,942.46,354.9,1297.36,58.3,MODERATE
0.4054,0.277,2223.58,901.42,366.27,1267.69,57.0,MODERATE
0.536,0.277,2223.58,1191.82,285.82,1477.64,66.5,HIGH
0.4759,0.277,2223.58,1058.24,322.83,1381.07,62.1,MODERATE
0.4651,0.277,2223.58,1034.26,329.47,1363.73,61.3,MODERATE
0.4413,0.277,2223.58,981.2,344.17,1325.37,59.6,MODERATE
0.4486,0.277,2223.58,997.48,339.66,1337.14,60.1,MODERATE
0.5925,0.277,2223.58,1317.41,251.03,1568.44,70.5,HIGH
0.4488,0.277,2223.58,998.01,339.51,1337.52,60.2,MODERATE
0.329,0.277,2223.58,731.46,413.35,1144.81,51.5,LOW
0.5012,0.277,2223.58,1114.35,307.28,1421.63,63.9,MODERATE
0.6721,0.277,2223.58,1494.49,201.98,1696.47,76.3,CRITICAL
0.5879,0.277,2223.58,1307.2,253.86,1561.06,70.2,HIGH
0.5561,0.277,2223.58,1236.52,273.44,1509.96,67.9,HIGH
0.4232,0.277,2223.58,941.0,355.31,1296.31,58.3,MODERATE
0.4181,0.277,2223.58,929.72,358.43,1288.15,57.9,MODERATE
0.6721,0.277,2223.58,1494.49,201.98,1696.47,76.3,CRITICAL
0.4663,0.277,2223.58,1036.76,328.78,1365.54,61.4,MODERATE
0.5917,0.277,2223.58,1315.66,251.52,1567.18,70.5,HIGH
0.3286,0.277,2223.58,730.7,413.56,1144.27,51.5,LOW
0.4066,0.277,2223.58,904.21,365.5,1269.71,57.1,MODERATE
0.5195,0.277,2223.58,1155.19,295.97,1451.16,65.3,HIGH
0.5137,0.277,2223.58,1142.36,299.52,1441.89,64.8,MODERATE
0.1647,0.277,2223.58,366.3,514.51,880.81,39.6,LOW
0.4926,0.277,2223.58,1095.23,312.58,1407.81,63.3,MODERATE
0.4772,0.277,2223.58,1061.09,322.04,1383.13,62.2,MODERATE
0.4533,0.277,2223.58,1007.94,336.76,1344.7,60.5,MODERATE
0.4055,0.277,2223.58,901.72,366.19,1267.9,57.0,MODERATE
0.4394,0.277,2223.58,977.0,345.33,1322.33,59.5,MODERATE
0.3821,0.277,2223.58,849.7,380.6,1230.3,55.3,MODERATE
0.5489,0.277,2223.58,1220.43,277.9,1498.33,67.4,HIGH
0.6493,0.277,2223.58,1443.76,216.03,1659.79,74.6,CRITICAL
0.4212,0.277,2223.58,936.62,356.52,1293.14,58.2,MODERATE
0.6725,0.277,2223.58,1495.39,201.73,1697.12,76.3,CRITICAL
0.5714,0.277,2223.58,1270.5,264.03,1534.53,69.0,HIGH
0.5243,0.277,2223.58,1165.73,293.05,1458.78,65.6,HIGH
0.7249,0.277,2223.58,1611.9,169.45,1781.35,80.1,CRITICAL
0.2227,0.277,2223.58,495.09,478.83,973.93,43.8,LOW
0.5032,0.277,2223.58,1118.9,306.02,1424.92,64.1,MODERATE
0.5627,0.277,2223.58,1251.22,269.37,1520.59,68.4,HIGH
0.4369,0.277,2223.58,971.38,346.89,1318.27,59.3,MODERATE
0.5177,0.277,2223.58,1151.2,297.07,1448.28,65.1,HIGH
0.4909,0.277,2223.58,1091.45,313.63,1405.08,63.2,MODERATE
0.3781,0.277,2223.58,840.7,383.09,1223.79,55.0,MODERATE
0.4081,0.277,2223.58,907.48,364.59,1272.07,57.2,MODERATE
0.4083,0.277,2223.58,907.8,364.5,1272.3,57.2,MODERATE
0.5715,0.277,2223.58,1270.8,263.94,1534.74,69.0,HIGH
0.4217,0.277,2223.58,937.66,356.23,1293.89,58.2,MODERATE
0.5558,0.277,2223.58,1235.81,273.64,1509.45,67.9,HIGH
0.4332,0.277,2223.58,963.31,349.13,1312.44,59.0,MODERATE
0.5118,0.277,2223.58,1138.07,300.71,1438.78,64.7,MODERATE
0.456,0.277,2223.58,1013.85,335.12,1348.98,60.7,MODERATE
0.4642,0.277,2223.58,1032.26,330.02,1362.29,61.3,MODERATE
0.684,0.277,2223.58,1521.03,194.62,1715.66,77.2,CRITICAL
0.5361,0.277,2223.58,1192.09,285.75,1477.84,66.5,HIGH
0.6038,0.277,2223.58,1342.61,244.05,1586.66,71.4,HIGH
0.5393,0.277,2223.58,1199.27,283.76,1483.03,66.7,HIGH
0.5104,0.277,2223.58,1134.92,301.58,1436.51,64.6,MODERATE
0.4299,0.277,2223.58,955.91,351.18,1307.08,58.8,MODERATE
0.4691,0.277,2223.58,1043.18,327.0,1370.18,61.6,MODERATE
0.5678,0.277,2223.58,1262.62,266.21,1528.83,68.8,HIGH
0.2777,0.277,2223.58,617.51,444.92,1062.43,47.8,LOW
0.591,0.277,2223.58,1314.2,251.92,1566.12,70.4,HIGH
0.4924,0.277,2223.58,1094.81,312.7,1407.51,63.3,MODERATE
0.395,0.277,2223.58,878.23,372.7,1250.92,56.3,MODERATE
0.5943,0.277,2223.58,1321.51,249.9,1571.4,70.7,HIGH
0.5213,0.277,2223.58,1159.13,294.88,1454.01,65.4,HIGH
0.3135,0.277,2223.58,697.05,422.89,1119.94,50.4,LOW
0.2801,0.277,2223.58,622.89,443.43,1066.32,48.0,LOW
0.4264,0.277,2223.58,948.07,353.35,1301.42,58.5,MODERATE
0.433,0.277,2223.58,962.84,349.26,1312.1,59.0,MODERATE
0.4077,0.277,2223.58,906.57,364.84,1271.41,57.2,MODERATE
0.394,0.277,2223.58,876.09,373.29,1249.38,56.2,MODERATE
0.5363,0.277,2223.58,1192.43,285.66,1478.08,66.5,HIGH
0.4924,0.277,2223.58,1094.91,312.67,1407.58,63.3,MODERATE
0.4045,0.277,2223.58,899.46,366.81,1266.28,56.9,MODERATE
0.332,0.277,2223.58,738.21,411.48,1149.69,51.7,LOW
0.6246,0.277,2223.58,1388.94,231.22,1620.15,72.9,CRITICAL
0.4913,0.277,2223.58,1092.44,313.35,1405.79,63.2,MODERATE
0.5074,0.277,2223.58,1128.28,303.42,1431.71,64.4,MODERATE
0.4204,0.277,2223.58,934.8,357.02,1291.83,58.1,MODERATE
0.2899,0.277,2223.58,644.65,437.4,1082.05,48.7,LOW
0.5638,0.277,2223.58,1253.66,268.69,1522.35,68.5,HIGH
0.5362,0.277,2223.58,1192.29,285.69,1477.98,66.5,HIGH
0.4113,0.277,2223.58,914.65,362.6,1277.26,57.4,MODERATE
0.43,0.277,2223.58,956.05,351.14,1307.19,58.8,MODERATE
0.404,0.277,2223.58,898.42,367.1,1265.52,56.9,MODERATE
0.438,0.277,2223.58,973.94,346.18,1320.12,59.4,MODERATE
0.4409,0.277,2223.58,980.43,344.38,1324.81,59.6,MODERATE
0.474,0.277,2223.58,1053.93,324.02,1377.95,62.0,MODERATE
0.5344,0.277,2223.58,1188.38,286.78,1475.15,66.3,HIGH
0.5415,0.277,2223.58,1204.07,282.43,1486.5,66.9,HIGH
0.5996,0.277,2223.58,1333.2,246.66,1579.86,71.1,HIGH
0.4345,0.277,2223.58,966.18,348.33,1314.51,59.1,MODERATE
0.4992,0.277,2223.58,1110.06,308.47,1418.53,63.8,MODERATE
0.3931,0.277,2223.58,874.16,373.82,1247.98,56.1,MODERATE
0.5329,0.277,2223.58,1185.01,287.71,1472.72,66.2,HIGH
0.5549,0.277,2223.58,1233.97,274.15,1508.11,67.8,HIGH
0.3071,0.277,2223.58,682.78,426.84,1109.62,49.9,LOW
0.2593,0.277,2223.58,576.67,456.23,1032.9,46.5,LOW
0.3808,0.277,2223.58,846.8,381.4,1228.2,55.2,MODERATE
0.4045,0.277,2223.58,899.48,366.81,1266.29,56.9,MODERATE
0.6538,0.277,2223.58,1453.76,213.26,1667.02,75.0,CRITICAL
0.49,0.277,2223.58,1089.55,314.15,1403.71,63.1,MODERATE
0.4307,0.277,2223.58,957.6,350.71,1308.31,58.8,MODERATE
0.4778,0.277,2223.58,1062.41,321.67,1384.08,62.2,MODERATE
0.3899,0.277,2223.58,866.99,375.81,1242.8,55.9,MODERATE
0.4565,0.277,2223.58,1014.95,334.82,1349.77,60.7,MODERATE
0.4439,0.277,2223.58,987.12,342.53,1329.65,59.8,MODERATE
0.5948,0.277,2223.58,1322.55,249.61,1572.15,70.7,HIGH
0.6126,0.277,2223.58,1362.25,238.61,1600.86,72.0,HIGH
0.4528,0.277,2223.58,1006.76,337.09,1343.85,60.4,MODERATE
0.5227,0.277,2223.58,1162.38,293.98,1456.36,65.5,HIGH
0.5215,0.277,2223.58,1159.55,294.76,1454.31,65.4,HIGH
0.3763,0.277,2223.58,836.72,384.19,1220.91,54.9,LOW
0.4142,0.277,2223.58,921.04,360.84,1281.87,57.6,MODERATE
0.3578,0.277,2223.58,795.57,395.59,1191.17,53.6,LOW
0.4721,0.277,2223.58,1049.68,325.2,1374.88,61.8,MODERATE
0.5054,0.277,2223.58,1123.9,304.64,1428.54,64.2,MODERATE
0.4707,0.277,2223.58,1046.66,326.04,1372.7,61.7,MODERATE
0.5144,0.277,2223.58,1143.83,299.12,1442.95,64.9,MODERATE
0.3803,0.277,2223.58,845.66,381.72,1227.38,55.2,MODERATE
0.4643,0.277,2223.58,1032.34,330.0,1362.34,61.3,MODERATE
0.4174,0.277,2223.58,928.15,358.87,1287.02,57.9,MODERATE
0.4118,0.277,2223.58,915.63,362.33,1277.97,57.5,MODERATE
0.488,0.277,2223.58,1085.19,315.36,1400.55,63.0,MODERATE
0.465,0.277,2223.58,1033.94,329.56,1363.5,61.3,MODERATE
0.577,0.277,2223.58,1282.98,260.57,1543.55,69.4,HIGH
0.3852,0.277,2223.58,856.42,378.74,1235.16,55.5,MODERATE
0.4755,0.277,2223.58,1057.36,323.07,1380.43,62.1,MODERATE
0.297,0.277,2223.58,660.5,433.01,1093.51,49.2,LOW
0.5055,0.277,2223.58,1123.97,304.62,1428.59,64.2,MODERATE
0.5031,0.277,2223.58,1118.64,306.1,1424.73,64.1,MODERATE
0.4771,0.277,2223.58,1060.81,322.12,1382.92,62.2,MODERATE
0.3305,0.277,2223.58,734.83,412.42,1147.25,51.6,LOW
0.4436,0.277,2223.58,986.36,342.74,1329.1,59.8,MODERATE
0.6186,0.277,2223.58,1375.51,234.94,1610.44,72.4,CRITICAL
0.3739,0.277,2223.58,831.44,385.66,1217.1,54.7,LOW
0.4876,0.277,2223.58,1084.29,315.61,1399.9,63.0,MODERATE
0.654,0.277,2223.58,1454.23,213.13,1667.36,75.0,CRITICAL
0.4978,0.277,2223.58,1106.9,309.35,1416.24,63.7,MODERATE
0.4021,0.277,2223.58,894.18,368.28,1262.46,56.8,MODERATE
0.4035,0.277,2223.58,897.13,367.46,1264.59,56.9,MODERATE
0.5395,0.277,2223.58,1199.62,283.66,1483.28,66.7,HIGH
0.5591,0.277,2223.58,1243.13,271.61,1514.74,68.1,HIGH
0.4919,0.277,2223.58,1093.86,312.96,1406.82,63.3,MODERATE
0.5756,0.277,2223.58,1279.85,261.44,1541.28,69.3,HIGH
0.5689,0.277,2223.58,1264.9,265.58,1530.48,68.8,HIGH
0.6949,0.277,2223.58,1545.07,187.96,1733.04,77.9,CRITICAL
0.5532,0.277,2223.58,1230.15,275.21,1505.35,67.7,HIGH
0.5166,0.277,2223.58,1148.78,297.75,1446.52,65.1,HIGH
0.4509,0.277,2223.58,1002.7,338.21,1340.92,60.3,MODERATE
0.5091,0.277,2223.58,1132.13,302.36,1434.49,64.5,MODERATE
0.4333,0.277,2223.58,963.44,349.09,1312.53,59.0,MODERATE
0.4681,0.277,2223.58,1040.95,327.62,1368.57,61.5,MODERATE
0.5543,0.277,2223.58,1232.48,274.56,1507.04,67.8,HIGH
0.6261,0.277,2223.58,1392.29,230.29,1622.58,73.0,CRITICAL
0.2583,0.277,2223.58,574.4,456.86,1031.26,46.4,LOW
0.4996,0.277,2223.58,1110.99,308.22,1419.2,63.8,MODERATE
0.4242,0.277,2223.58,943.2,354.7,1297.9,58.4,MODERATE
0.6018,0.277,2223.58,1338.15,245.29,1583.44,71.2,HIGH
0.5489,0.277,2223.58,1220.46,277.89,1498.35,67.4,HIGH
0.3188,0.277,2223.58,708.98,419.58,1128.56,50.8,LOW
0.4957,0.277,2223.58,1102.16,310.66,1412.82,63.5,MODERATE
0.5651,0.277,2223.58,1256.5,267.91,1524.4,68.6,HIGH
0.6286,0.277,2223.58,1397.7,228.79,1626.49,73.1,CRITICAL
0.518,0.277,2223.58,1151.73,296.93,1448.66,65.1,HIGH
0.389,0.277,2223.58,864.95,376.37,1241.33,55.8,MODERATE
0.4376,0.277,2223.58,972.95,346.46,1319.4,59.3,MODERATE
0.5418,0.277,2223.58,1204.76,282.24,1487.0,66.9,HIGH
0.6429,0.277,2223.58,1429.58,219.96,1649.54,74.2,CRITICAL
0.3927,0.277,2223.58,873.21,374.09,1247.29,56.1,MODERATE
0.4837,0.277,2223.58,1075.64,318.01,1393.65,62.7,MODERATE
0.548,0.277,2223.58,1218.51,278.43,1496.94,67.3,HIGH
0.5789,0.277,2223.58,1287.27,259.38,1546.65,69.6,HIGH
0.5088,0.277,2223.58,1131.37,302.57,1433.94,64.5,MODERATE
0.4195,0.277,2223.58,932.79,357.58,1290.37,58.0,MODERATE
0.4006,0.277,2223.58,890.74,369.23,1259.97,56.7,MODERATE
0.4297,0.277,2223.58,955.58,351.27,1306.85,58.8,MODERATE
0.5678,0.277,2223.58,1262.61,266.21,1528.83,68.8,HIGH
0.3826,0.277,2223.58,850.7,380.32,1231.02,55.4,MODERATE
0.5874,0.277,2223.58,1306.23,254.13,1560.36,70.2,HIGH
0.486,0.277,2223.58,1080.75,316.59,1397.34,62.8,MODERATE
0.4043,0.277,2223.58,898.97,366.95,1265.92,56.9,MODERATE
0.58,0.277,2223.58,1289.58,258.74,1548.32,69.6,HIGH
0.4818,0.277,2223.58,1071.23,319.23,1390.46,62.5,MODERATE
0.4084,0.277,2223.58,908.22,364.39,1272.6,57.2,MODERATE
0.401,0.277,2223.58,891.74,368.95,1260.69,56.7,MODERATE
0.4552,0.277,2223.58,1012.17,335.59,1347.76,60.6,MODERATE
0.6312,0.277,2223.58,1403.46,227.19,1630.65,73.3,CRITICAL
0.6476,0.277,2223.58,1439.92,217.09,1657.01,74.5,CRITICAL
0.407,0.277,2223.58,905.09,365.25,1270.35,57.1,MODERATE
0.385,0.277,2223.58,856.13,378.82,1234.95,55.5,MODERATE
0.4627,0.277,2223.58,1028.94,330.94,1359.88,61.2,MODERATE
0.5263,0.277,2223.58,1170.36,291.77,1462.13,65.8,HIGH
0.5734,0.277,2223.58,1274.99,262.78,1537.77,69.2,HIGH
0.5232,0.277,2223.58,1163.44,293.68,1457.13,65.5,HIGH
0.6988,0.277,2223.58,1553.9,185.52,1739.42,78.2,CRITICAL
0.5042,0.277,2223.58,1121.02,305.44,1426.46,64.2,MODERATE
0.4978,0.277,2223.58,1106.93,309.34,1416.27,63.7,MODERATE
0.4382,0.277,2223.58,974.28,346.09,1320.37,59.4,MODERATE
0.324,0.277,2223.58,720.4,416.42,1136.82,51.1,LOW
0.5322,0.277,2223.58,1183.29,288.19,1471.47,66.2,HIGH
0.4214,0.277,2223.58,937.05,356.4,1293.45,58.2,MODERATE
0.3927,0.277,2223.58,873.09,374.12,1247.21,56.1,MODERATE
0.3767,0.277,2223.58,837.56,383.96,1221.52,54.9,LOW
0.4854,0.277,2223.58,1079.4,316.97,1396.37,62.8,MODERATE
0.4757,0.277,2223.58,1057.65,322.99,1380.64,62.1,MODERATE
0.4587,0.277,2223.58,1019.97,333.43,1353.4,60.9,MODERATE
0.395,0.277,2223.58,878.3,372.68,1250.97,56.3,MODERATE
0.5736,0.277,2223.58,1275.47,262.65,1538.12,69.2,HIGH
0.4519,0.277,2223.58,1004.89,337.61,1342.5,60.4,MODERATE
0.5114,0.277,2223.58,1137.11,300.98,1438.09,64.7,MODERATE
0.512,0.277,2223.58,1138.51,300.59,1439.1,64.7,MODERATE
0.4876,0.277,2223.58,1084.31,315.61,1399.91,63.0,MODERATE
0.61,0.277,2223.58,1356.39,240.23,1596.62,71.8,HIGH
0.5351,0.277,2223.58,1189.73,286.4,1476.13,66.4,HIGH
0.4685,0.277,2223.58,1041.85,327.37,1369.22,61.6,MODERATE
0.4967,0.277,2223.58,1104.52,310.01,1414.53,63.6,MODERATE
0.4031,0.277,2223.58,896.42,367.66,1264.08,56.8,MODERATE
0.4096,0.277,2223.58,910.83,363.66,1274.49,57.3,MODERATE
0.5035,0.277,2223.58,1119.59,305.83,1425.42,64.1,MODERATE
0.4552,0.277,2223.58,1012.18,335.59,1347.77,60.6,MODERATE
0.3765,0.277,2223.58,837.26,384.04,1221.31,54.9,LOW
0.5696,0.277,2223.58,1266.63,265.1,1531.73,68.9,HIGH
0.585,0.277,2223.58,1300.85,255.62,1556.47,70.0,HIGH
0.4055,0.277,2223.58,901.77,366.17,1267.95,57.0,MODERATE
0.6597,0.277,2223.58,1466.96,209.6,1676.56,75.4,CRITICAL
0.4942,0.277,2223.58,1098.82,311.58,1410.41,63.4,MODERATE
0.5193,0.277,2223.58,1154.72,296.1,1450.82,65.2,HIGH
0.5091,0.277,2223.58,1132.09,302.37,1434.46,64.5,MODERATE
0.4159,0.277,2223.58,924.68,359.83,1284.51,57.8,MODERATE
0.4692,0.277,2223.58,1043.39,326.94,1370.33,61.6,MODERATE
0.6253,0.277,2223.58,1390.45,230.8,1621.25,72.9,CRITICAL
0.5126,0.277,2223.58,1139.85,300.22,1440.07,64.8,MODERATE
0.613,0.277,2223.58,1363.04,238.39,1601.43,72.0,CRITICAL
0.5156,0.277,2223.58,1146.54,298.37,1444.91,65.0,MODERATE
0.641,0.277,2223.58,1425.42,221.11,1646.53,74.0,CRITICAL
0.432,0.277,2223.58,960.64,349.86,1310.51,58.9,MODERATE
0.4669,0.277,2223.58,1038.18,328.39,1366.56,61.5,MODERATE
0.4441,0.277,2223.58,987.57,342.41,1329.98,59.8,MODERATE
0.5303,0.277,2223.58,1179.07,289.36,1468.42,66.0,HIGH
0.3577,0.277,2223.58,795.47,395.62,1191.09,53.6,LOW
0.5876,0.277,2223.58,1306.68,254.0,1560.68,70.2,HIGH
0.4333,0.277,2223.58,963.47,349.08,1312.55,59.0,MODERATE
0.5321,0.277,2223.58,1183.2,288.21,1471.41,66.2,HIGH
0.4398,0.277,2223.58,977.94,345.07,1323.02,59.5,MODERATE
0.5515,0.277,2223.58,1226.26,276.28,1502.54,67.6,HIGH
0.5593,0.277,2223.58,1243.54,271.49,1515.04,68.1,HIGH
0.2953,0.277,2223.58,656.64,434.08,1090.72,49.1,LOW
0.5384,0.277,2223.58,1197.09,284.36,1481.46,66.6,HIGH
0.6906,0.277,2223.58,1535.54,190.6,1726.14,77.6,CRITICAL
0.5073,0.277,2223.58,1128.12,303.47,1431.59,64.4,MODERATE
0.6072,0.277,2223.58,1350.24,241.94,1592.18,71.6,HIGH
0.5625,0.277,2223.58,1250.66,269.52,1520.19,68.4,HIGH
0.418,0.277,2223.58,929.46,358.5,1287.97,57.9,MODERATE
0.1759,0.277,2223.58,391.08,507.65,898.73,40.4,LOW
0.3968,0.277,2223.58,882.36,371.55,1253.91,56.4,MODERATE
0.564,0.277,2223.58,1254.01,268.59,1522.61,68.5,HIGH
0.4321,0.277,2223.58,960.8,349.82,1310.62,58.9,MODERATE
0.5599,0.277,2223.58,1245.05,271.08,1516.13,68.2,HIGH
0.4707,0.277,2223.58,1046.68,326.03,1372.71,61.7,MODERATE
0.4072,0.277,2223.58,905.36,365.18,1270.54,57.1,MODERATE
0.5513,0.277,2223.58,1225.96,276.36,1502.33,67.6,HIGH
0.636,0.277,2223.58,1414.26,224.2,1638.46,73.7,CRITICAL
0.6852,0.277,2223.58,1523.53,193.93,1717.46,77.2,CRITICAL
0.5076,0.277,2223.58,1128.73,303.3,1432.03,64.4,MODERATE
0.5398,0.277,2223.58,1200.35,283.46,1483.81,66.7,HIGH
0.5702,0.277,2223.58,1267.88,264.75,1532.63,68.9,HIGH
0.4137,0.277,2223.58,919.8,361.18,1280.98,57.6,MODERATE
0.4533,0.277,2223.58,1008.05,336.73,1344.78,60.5,MODERATE
0.4625,0.277,2223.58,1028.36,331.11,1359.46,61.1,MODERATE
0.2678,0.277,2223.58,595.55,451.0,1046.55,47.1,LOW
0.4781,0.277,2223.58,1063.11,321.48,1384.59,62.3,MODERATE
0.5921,0.277,2223.58,1316.66,251.24,1567.9,70.5,HIGH
0.4633,0.277,2223.58,1030.29,330.57,1360.86,61.2,MODERATE
0.4235,0.277,2223.58,941.63,355.13,1296.76,58.3,MODERATE
0.4191,0.277,2223.58,932.01,357.8,1289.81,58.0,MODERATE
0.5498,0.277,2223.58,1222.52,277.32,1499.84,67.5,HIGH
0.6661,0.277,2223.58,1481.11,205.68,1686.8,75.9,CRITICAL
0.5369,0.277,2223.58,1193.93,285.24,1479.17,66.5,HIGH
0.536,0.277,2223.58,1191.77,285.84,1477.6,66.5,HIGH
0.5368,0.277,2223.58,1193.69,285.3,1479.0,66.5,HIGH
0.5959,0.277,2223.58,1325.13,248.89,1574.02,70.8,HIGH
0.283,0.277,2223.58,629.27,441.66,1070.93,48.2,LOW
0.4779,0.277,2223.58,1062.61,321.62,1384.23,62.3,MODERATE
0.165,0.277,2223.58,366.93,514.34,881.27,39.6,LOW
0.3208,0.277,2223.58,713.41,418.36,1131.76,50.9,LOW
0.6098,0.277,2223.58,1356.0,240.34,1596.34,71.8,HIGH
0.5691,0.277,2223.58,1265.5,265.41,1530.91,68.8,HIGH
0.5173,0.277,2223.58,1150.15,297.37,1447.51,65.1,HIGH
0.4312,0.277,2223.58,958.8,350.38,1309.17,58.9,MODERATE
0.3803,0.277,2223.58,845.67,381.72,1227.38,55.2,MODERATE
0.4664,0.277,2223.58,1037.16,328.67,1365.83,61.4,MODERATE
0.2783,0.277,2223.58,618.92,444.53,1063.45,47.8,LOW
0.4201,0.277,2223.58,934.23,357.18,1291.41,58.1,MODERATE
0.6983,0.277,2223.58,1552.68,185.86,1738.54,78.2,CRITICAL
0.3945,0.277,2223.58,877.3,372.95,1250.25,56.2,MODERATE
0.4644,0.277,2223.58,1032.68,329.91,1362.59,61.3,MODERATE
0.6351,0.277,2223.58,1412.09,224.8,1636.9,73.6,CRITICAL
0.4695,0.277,2223.58,1043.92,326.8,1370.71,61.6,MODERATE
0.4172,0.277,2223.58,927.73,358.98,1286.71,57.9,MODERATE
0.2091,0.277,2223.58,464.9,487.2,952.1,42.8,LOW
0.5,0.277,2223.58,1111.82,307.99,1419.8,63.9,MODERATE
0.5233,0.277,2223.58,1163.63,293.63,1457.26,65.5,HIGH
0.6583,0.277,2223.58,1463.76,210.49,1674.25,75.3,CRITICAL
0.5489,0.277,2223.58,1220.56,277.86,1498.42,67.4,HIGH
0.4259,0.277,2223.58,947.11,353.61,1300.72,58.5,MODERATE
0.5705,0.277,2223.58,1268.48,264.59,1533.06,68.9,HIGH
0.6374,0.277,2223.58,1417.38,223.34,1640.72,73.8,CRITICAL
0.5733,0.277,2223.58,1274.77,262.84,1537.62,69.2,HIGH
0.4611,0.277,2223.58,1025.36,331.94,1357.3,61.0,MODERATE
0.5087,0.277,2223.58,1131.16,302.63,1433.79,64.5,MODERATE
0.5722,0.277,2223.58,1272.25,263.54,1535.79,69.1,HIGH
0.6211,0.277,2223.58,1381.17,233.37,1614.53,72.6,CRITICAL
0.4537,0.277,2223.58,1008.94,336.49,1345.43,60.5,MODERATE
0.5372,0.277,2223.58,1194.51,285.08,1479.59,66.5,HIGH
0.3721,0.277,2223.58,827.49,386.75,1214.24,54.6,LOW
0.5705,0.277,2223.58,1268.49,264.58,1533.07,68.9,HIGH
0.6168,0.277,2223.58,1371.5,236.05,1607.55,72.3,CRITICAL
0.4807,0.277,2223.58,1068.77,319.91,1388.68,62.5,MODERATE
0.4207,0.277,2223.58,935.38,356.86,1292.24,58.1,MODERATE
0.7092,0.277,2223.58,1576.99,179.12,1756.11,79.0,CRITICAL
0.5866,0.277,2223.58,1304.35,254.65,1559.0,70.1,HIGH
0.397,0.277,2223.58,882.66,371.47,1254.13,56.4,MODERATE
0.4718,0.277,2223.58,1049.1,325.36,1374.46,61.8,MODERATE
0.4612,0.277,2223.58,1025.55,331.88,1357.43,61.0,MODERATE
0.5626,0.277,2223.58,1251.04,269.42,1520.46,68.4,HIGH
0.5434,0.277,2223.58,1208.28,281.26,1489.54,67.0,HIGH
0.613,0.277,2223.58,1363.16,238.36,1601.52,72.0,CRITICAL
0.4372,0.277,2223.58,972.23,346.65,1318.89,59.3,MODERATE
0.5341,0.277,2223.58,1187.52,287.01,1474.53,66.3,HIGH
0.3766,0.277,2223.58,837.31,384.03,1221.34,54.9,LOW
0.6649,0.277,2223.58,1478.45,206.42,1684.87,75.8,CRITICAL
0.654,0.277,2223.58,1454.12,213.16,1667.28,75.0,CRITICAL
0.5473,0.277,2223.58,1216.86,278.89,1495.75,67.3,HIGH
0.37,0.277,2223.58,822.81,388.05,1210.86,54.5,LOW
0.6172,0.277,2223.58,1372.4,235.8,1608.2,72.3,CRITICAL
0.4342,0.277,2223.58,965.44,348.54,1313.98,59.1,MODERATE
0.588,0.277,2223.58,1307.45,253.79,1561.24,70.2,HIGH
0.4261,0.277,2223.58,947.58,353.48,1301.06,58.5,MODERATE
0.6081,0.277,2223.58,1352.26,241.38,1593.64,71.7,HIGH
0.6261,0.277,2223.58,1392.22,230.31,1622.53,73.0,CRITICAL
0.5022,0.277,2223.58,1116.66,306.64,1423.3,64.0,MODERATE
0.4317,0.277,2223.58,959.91,350.07,1309.98,58.9,MODERATE
0.491,0.277,2223.58,1091.72,313.55,1405.28,63.2,MODERATE
0.6217,0.277,2223.58,1382.37,233.04,1615.41,72.6,CRITICAL
0.6304,0.277,2223.58,1401.69,227.68,1629.37,73.3,CRITICAL
0.3637,0.277,2223.58,808.7,391.96,1200.66,54.0,LOW
0.3879,0.277,2223.58,862.47,377.06,1239.53,55.7,MODERATE
0.5433,0.277,2223.58,1208.01,281.34,1489.35,67.0,HIGH
0.4855,0.277,2223.58,1079.55,316.92,1396.47,62.8,MODERATE
0.4246,0.277,2223.58,944.24,354.41,1298.65,58.4,MODERATE
0.6957,0.277,2223.58,1546.91,187.45,1734.36,78.0,CRITICAL
0.5549,0.277,2223.58,1233.82,274.19,1508.01,67.8,HIGH
0.512,0.277,2223.58,1138.47,300.6,1439.07,64.7,MODERATE
0.6243,0.277,2223.58,1388.13,231.44,1619.57,72.8,CRITICAL
0.565,0.277,2223.58,1256.37,267.94,1524.31,68.6,HIGH
0.6738,0.277,2223.58,1498.19,200.95,1699.14,76.4,CRITICAL
0.4665,0.277,2223.58,1037.19,328.66,1365.85,61.4,MODERATE
0.1773,0.277,2223.58,394.34,506.74,901.08,40.5,LOW
0.3527,0.277,2223.58,784.37,398.7,1183.06,53.2,LOW
0.5639,0.277,2223.58,1253.92,268.62,1522.54,68.5,HIGH
0.3971,0.277,2223.58,882.9,371.4,1254.3,56.4,MODERATE
0.3842,0.277,2223.58,854.24,379.34,1233.58,55.5,MODERATE
0.4788,0.277,2223.58,1064.75,321.02,1385.78,62.3,MODERATE
0.6407,0.277,2223.58,1424.7,221.31,1646.01,74.0,CRITICAL
0.4155,0.277,2223.58,923.89,360.05,1283.93,57.7,MODERATE
0.5241,0.277,2223.58,1165.33,293.16,1458.49,65.6,HIGH
0.3635,0.277,2223.58,808.36,392.05,1200.41,54.0,LOW
0.5198,0.277,2223.58,1155.86,295.79,1451.64,65.3,HIGH
0.5538,0.277,2223.58,1231.47,274.84,1506.31,67.7,HIGH
0.4959,0.277,2223.58,1102.6,310.54,1413.14,63.6,MODERATE
0.5547,0.277,2223.58,1233.47,274.28,1507.76,67.8,HIGH
0.3199,0.277,2223.58,711.36,418.92,1130.28,50.8,LOW
0.3218,0.277,2223.58,715.57,417.76,1133.33,51.0,LOW
0.1494,0.277,2223.58,332.13,523.98,856.11,38.5,LOW
0.4674,0.277,2223.58,1039.37,328.06,1367.43,61.5,MODERATE
0.5622,0.277,2223.58,1250.16,269.66,1519.82,68.4,HIGH
0.4874,0.277,2223.58,1083.82,315.74,1399.56,62.9,MODERATE
0.4752,0.277,2223.58,1056.64,323.27,1379.91,62.1,MODERATE
0.5634,0.277,2223.58,1252.73,268.95,1521.68,68.4,HIGH
0.3989,0.277,2223.58,886.95,370.28,1257.23,56.5,MODERATE
0.5468,0.277,2223.58,1215.75,279.19,1494.94,67.2,HIGH
0.3472,0.277,2223.58,772.1,402.09,1174.2,52.8,LOW
0.2283,0.277,2223.58,507.74,475.33,983.07,44.2,LOW
0.4486,0.277,2223.58,997.48,339.66,1337.14,60.1,MODERATE
0.4682,0.277,2223.58,1041.09,327.58,1368.67,61.6,MODERATE
0.5764,0.277,2223.58,1281.68,260.93,1542.61,69.4,HIGH
0.5341,0.277,2223.58,1187.54,287.01,1474.55,66.3,HIGH
0.6331,0.277,2223.58,1407.64,226.04,1633.67,73.5,CRITICAL
0.5325,0.277,2223.58,1184.0,287.99,1471.99,66.2,HIGH
0.4564,0.277,2223.58,1014.79,334.86,1349.65,60.7,MODERATE
0.5601,0.277,2223.58,1245.38,270.99,1516.37,68.2,HIGH
0.6405,0.277,2223.58,1424.2,221.45,1645.65,74.0,CRITICAL
0.7508,0.277,2223.58,1669.49,153.5,1822.98,82.0,CRITICAL
0.4907,0.277,2223.58,1091.13,313.72,1404.85,63.2,MODERATE
0.5748,0.277,2223.58,1278.17,261.9,1540.07,69.3,HIGH
0.5054,0.277,2223.58,1123.77,304.67,1428.45,64.2,MODERATE
0.4607,0.277,2223.58,1024.31,332.23,1356.54,61.0,MODERATE
0.5281,0.277,2223.58,1174.18,290.71,1464.89,65.9,HIGH
0.5995,0.277,2223.58,1333.07,246.69,1579.77,71.0,HIGH
0.3924,0.277,2223.58,872.57,374.26,1246.83,56.1,MODERATE
0.5764,0.277,2223.58,1281.7,260.92,1542.62,69.4,HIGH
0.4829,0.277,2223.58,1073.83,318.51,1392.34,62.6,MODERATE
0.5823,0.277,2223.58,1294.7,257.32,1552.02,69.8,HIGH
0.4023,0.277,2223.58,894.51,368.18,1262.7,56.8,MODERATE
0.4826,0.277,2223.58,1073.18,318.69,1391.87,62.6,MODERATE
0.4347,0.277,2223.58,966.67,348.19,1314.87,59.1,MODERATE
0.4141,0.277,2223.58,920.67,360.94,1281.61,57.6,MODERATE
0.3495,0.277,2223.58,777.24,400.67,1177.91,53.0,LOW
0.4854,0.277,2223.58,1079.33,316.99,1396.32,62.8,MODERATE
0.2902,0.277,2223.58,645.2,437.25,1082.45,48.7,LOW
0.4743,0.277,2223.58,1054.57,323.85,1378.41,62.0,MODERATE
0.4254,0.277,2223.58,945.98,353.93,1299.91,58.5,MODERATE
0.5168,0.277,2223.58,1149.07,297.67,1446.73,65.1,HIGH
0.6718,0.277,2223.58,1493.83,202.16,1695.99,76.3,CRITICAL
0.4415,0.277,2223.58,981.61,344.06,1325.67,59.6,MODERATE
0.6218,0.277,2223.58,1382.66,232.96,1615.61,72.7,CRITICAL
0.4286,0.277,2223.58,952.98,351.99,1304.97,58.7,MODERATE
0.4163,0.277,2223.58,925.77,359.53,1285.3,57.8,MODERATE
0.4405,0.277,2223.58,979.43,344.66,1324.09,59.5,MODERATE
0.5178,0.277,2223.58,1151.36,297.03,1448.39,65.1,HIGH
0.607,0.277,2223.58,1349.63,242.11,1591.73,71.6,HIGH
0.5393,0.277,2223.58,1199.25,283.77,1483.01,66.7,HIGH
0.6096,0.277,2223.58,1355.43,240.5,1595.93,71.8,HIGH
0.5469,0.277,2223.58,1216.13,279.09,1495.22,67.2,HIGH
0.4524,0.277,2223.58,1005.86,337.34,1343.2,60.4,MODERATE
0.3287,0.277,2223.58,730.97,413.49,1144.46,51.5,LOW
0.3496,0.277,2223.58,777.47,400.61,1178.08,53.0,LOW
0.3976,0.277,2223.58,884.16,371.05,1255.21,56.4,MODERATE
0.4137,0.277,2223.58,919.95,361.14,1281.09,57.6,MODERATE
0.2889,0.277,2223.58,642.49,438.0,1080.49,48.6,LOW
0.3968,0.277,2223.58,882.43,371.53,1253.96,56.4,MODERATE
0.5776,0.277,2223.58,1284.28,260.21,1544.49,69.5,HIGH
0.6019,0.277,2223.58,1338.48,245.2,1583.67,71.2,HIGH
0.4455,0.277,2223.58,990.65,341.55,1332.2,59.9,MODERATE
0.5926,0.277,2223.58,1317.66,250.96,1568.62,70.5,HIGH
0.3972,0.277,2223.58,883.1,371.35,1254.44,56.4,MODERATE
0.4185,0.277,2223.58,930.49,358.22,1288.71,58.0,MODERATE
0.52,0.277,2223.58,1156.17,295.7,1451.87,65.3,HIGH
0.5699,0.277,2223.58,1267.2,264.94,1532.14,68.9,HIGH
0.5445,0.277,2223.58,1210.8,280.56,1491.37,67.1,HIGH
0.5148,0.277,2223.58,1144.81,298.85,1443.65,64.9,MODERATE
0.6116,0.277,2223.58,1359.86,239.27,1599.13,71.9,HIGH
0.3968,0.277,2223.58,882.24,371.58,1253.83,56.4,MODERATE
0.4451,0.277,2223.58,989.66,341.83,1331.49,59.9,MODERATE
0.579,0.277,2223.58,1287.55,259.3,1546.85,69.6,HIGH
0.477,0.277,2223.58,1060.7,322.15,1382.85,62.2,MODERATE
0.3916,0.277,2223.58,870.86,374.74,1245.59,56.0,MODERATE
0.6642,0.277,2223.58,1476.81,206.87,1683.69,75.7,CRITICAL
0.4202,0.277,2223.58,934.38,357.14,1291.52,58.1,MODERATE
0.4711,0.277,2223.58,1047.6,325.77,1373.38,61.8,MODERATE
0.7137,0.277,2223.58,1586.93,176.37,1763.3,79.3,CRITICAL
0.5383,0.277,2223.58,1197.0,284.39,1481.38,66.6,HIGH
0.4049,0.277,2223.58,900.42,366.55,1266.97,57.0,MODERATE
0.5458,0.277,2223.58,1213.66,279.77,1493.44,67.2,HIGH
0.5953,0.277,2223.58,1323.66,249.3,1572.96,70.7,HIGH
0.5052,0.277,2223.58,1123.46,304.76,1428.22,64.2,MODERATE
0.3041,0.277,2223.58,676.26,428.65,1104.9,49.7,LOW
0.4414,0.277,2223.58,981.44,344.1,1325.55,59.6,MODERATE
0.5362,0.277,2223.58,1192.26,285.7,1477.96,66.5,HIGH
0.4653,0.277,2223.58,1034.53,329.4,1363.93,61.3,MODERATE
0.599,0.277,2223.58,1331.92,247.01,1578.93,71.0,HIGH
0.401,0.277,2223.58,891.65,368.98,1260.63,56.7,MODERATE
0.4861,0.277,2223.58,1080.99,316.53,1397.51,62.8,MODERATE
0.6145,0.277,2223.58,1366.32,237.48,1603.81,72.1,CRITICAL
0.4303,0.277,2223.58,956.74,350.95,1307.68,58.8,MODERATE
0.4242,0.277,2223.58,943.25,354.68,1297.93,58.4,MODERATE
0.4674,0.277,2223.58,1039.29,328.08,1367.37,61.5,MODERATE
0.4899,0.277,2223.58,1089.3,314.22,1403.53,63.1,MODERATE
0.613,0.277,2223.58,1363.11,238.37,1601.48,72.0,CRITICAL
0.6327,0.277,2223.58,1406.79,226.27,1633.06,73.4,CRITICAL
0.6663,0.277,2223.58,1481.5,205.58,1687.07,75.9,CRITICAL
0.6525,0.277,2223.58,1450.87,214.06,1664.93,74.9,CRITICAL
0.4732,0.277,2223.58,1052.19,324.5,1376.69,61.9,MODERATE
0.5743,0.277,2223.58,1277.05,262.21,1539.26,69.2,HIGH
0.5469,0.277,2223.58,1215.98,279.13,1495.11,67.2,HIGH
0.6099,0.277,2223.58,1356.17,240.29,1596.47,71.8,HIGH
0.4975,0.277,2223.58,1106.25,309.53,1415.78,63.7,MODERATE
0.552,0.277,2223.58,1227.31,275.99,1503.3,67.6,HIGH
0.4714,0.277,2223.58,1048.25,325.59,1373.85,61.8,MODERATE
0.6328,0.277,2223.58,1407.13,226.18,1633.31,73.5,CRITICAL
0.3477,0.277,2223.58,773.19,401.79,1174.99,52.8,LOW
0.4915,0.277,2223.58,1092.82,313.25,1406.07,63.2,MODERATE
0.4381,0.277,2223.58,974.09,346.14,1320.23,59.4,MODERATE
0.5682,0.277,2223.58,1263.45,265.98,1529.43,68.8,HIGH
0.503,0.277,2223.58,1118.4,306.16,1424.56,64.1,MODERATE
0.6543,0.277,2223.58,1454.99,212.92,1667.91,75.0,CRITICAL
0.5162,0.277,2223.58,1147.72,298.04,1445.76,65.0,HIGH
0.4243,0.277,2223.58,943.43,354.63,1298.06,58.4,MODERATE
0.684,0.277,2223.58,1520.98,194.64,1715.62,77.2,CRITICAL
0.4532,0.277,2223.58,1007.71,336.83,1344.54,60.5,MODERATE
0.4199,0.277,2223.58,933.71,357.32,1291.04,58.1,MODERATE
0.5344,0.277,2223.58,1188.22,286.82,1475.04,66.3,HIGH
0.4203,0.277,2223.58,934.62,357.07,1291.69,58.1,MODERATE
0.2948,0.277,2223.58,655.41,434.42,1089.83,49.0,LOW
0.5013,0.277,2223.58,1114.69,307.19,1421.88,63.9,MODERATE
0.4741,0.277,2223.58,1054.3,323.92,1378.22,62.0,MODERATE
0.4795,0.277,2223.58,1066.23,320.62,1386.84,62.4,MODERATE
0.4407,0.277,2223.58,979.99,344.5,1324.5,59.6,MODERATE
0.4937,0.277,2223.58,1097.7,311.9,1409.6,63.4,MODERATE
0.46,0.277,2223.58,1022.76,332.66,1355.41,61.0,MODERATE
0.5027,0.277,2223.58,1117.75,306.34,1424.09,64.0,MODERATE
0.4081,0.277,2223.58,907.45,364.6,1272.05,57.2,MODERATE
0.5654,0.277,2223.58,1257.27,267.69,1524.96,68.6,HIGH
0.4498,0.277,2223.58,1000.13,338.93,1339.05,60.2,MODERATE
0.5089,0.277,2223.58,1131.54,302.52,1434.06,64.5,MODERATE
0.5605,0.277,2223.58,1246.34,270.72,1517.06,68.2,HIGH
0.601,0.277,2223.58,1336.27,245.81,1582.07,71.1,HIGH
0.3047,0.277,2223.58,677.47,428.31,1105.78,49.7,LOW
0.554,0.277,2223.58,1231.96,274.7,1506.66,67.8,HIGH
0.6602,0.277,2223.58,1467.9,209.34,1677.24,75.4,CRITICAL
0.4446,0.277,2223.58,988.67,342.1,1330.77,59.8,MODERATE
0.5467,0.277,2223.58,1215.6,279.24,1494.83,67.2,HIGH
0.4694,0.277,2223.58,1043.84,326.82,1370.66,61.6,MODERATE
0.5928,0.277,2223.58,1318.15,250.83,1568.98,70.6,HIGH
0.3195,0.277,2223.58,710.48,419.17,1129.65,50.8,LOW
0.6478,0.277,2223.58,1440.43,216.95,1657.38,74.5,CRITICAL
0.5877,0.277,2223.58,1306.87,253.95,1560.82,70.2,HIGH
0.5001,0.277,2223.58,1111.94,307.95,1419.89,63.9,MODERATE
0.6927,0.277,2223.58,1540.38,189.26,1729.64,77.8,CRITICAL
0.4622,0.277,2223.58,1027.83,331.25,1359.08,61.1,MODERATE
0.6026,0.277,2223.58,1339.98,244.78,1584.76,71.3,HIGH
0.5634,0.277,2223.58,1252.72,268.95,1521.67,68.4,HIGH
0.4695,0.277,2223.58,1043.92,326.79,1370.72,61.6,MODERATE
0.4072,0.277,2223.58,905.47,365.15,1270.62,57.1,MODERATE
0.4362,0.277,2223.58,969.9,347.3,1317.2,59.2,MODERATE
0.6215,0.277,2223.58,1381.87,233.17,1615.04,72.6,CRITICAL
0.4957,0.277,2223.58,1102.2,310.65,1412.85,63.5,MODERATE
0.4981,0.277,2223.58,1107.54,309.17,1416.71,63.7,MODERATE
0.3954,0.277,2223.58,879.25,372.41,1251.66,56.3,MODERATE
0.4661,0.277,2223.58,1036.43,328.87,1365.3,61.4,MODERATE
0.4955,0.277,2223.58,1101.86,310.74,1412.6,63.5,MODERATE
0.5224,0.277,2223.58,1161.61,294.19,1455.8,65.5,HIGH
0.5529,0.277,2223.58,1229.39,275.42,1504.8,67.7,HIGH
0.5378,0.277,2223.58,1195.73,284.74,1480.47,66.6,HIGH
0.5296,0.277,2223.58,1177.59,289.76,1467.36,66.0,HIGH
0.4449,0.277,2223.58,989.23,341.94,1331.18,59.9,MODERATE
0.6999,0.277,2223.58,1556.29,184.86,1741.15,78.3,CRITICAL
0.3849,0.277,2223.58,855.89,378.88,1234.77,55.5,MODERATE
0.3758,0.277,2223.58,835.71,384.47,1220.18,54.9,LOW
0.3496,0.277,2223.58,777.29,400.66,1177.95,53.0,LOW
0.5326,0.277,2223.58,1184.18,287.94,1472.12,66.2,HIGH
0.5341,0.277,2223.58,1187.62,286.99,1474.61,66.3,HIGH
0.5424,0.277,2223.58,1206.05,281.88,1487.93,66.9,HIGH
0.5017,0.277,2223.58,1115.59,306.94,1422.53,64.0,MODERATE
0.6279,0.277,2223.58,1396.15,229.22,1625.37,73.1,CRITICAL
0.5959,0.277,2223.58,1325.01,248.93,1573.94,70.8,HIGH
0.365,0.277,2223.58,811.62,391.15,1202.76,54.1,LOW
0.6378,0.277,2223.58,1418.22,223.11,1641.32,73.8,CRITICAL
0.429,0.277,2223.58,953.9,351.73,1305.63,58.7,MODERATE
0.5197,0.277,2223.58,1155.69,295.83,1451.52,65.3,HIGH
0.5103,0.277,2223.58,1134.71,301.64,1436.35,64.6,MODERATE
0.1991,0.277,2223.58,442.72,493.34,936.06,42.1,LOW
0.564,0.277,2223.58,1254.05,268.58,1522.64,68.5,HIGH
0.4433,0.277,2223.58,985.81,342.89,1328.7,59.8,MODERATE
0.5347,0.277,2223.58,1188.86,286.64,1475.5,66.4,HIGH
0.4109,0.277,2223.58,913.64,362.89,1276.53,57.4,MODERATE
0.5423,0.277,2223.58,1205.91,281.92,1487.83,66.9,HIGH
0.5872,0.277,2223.58,1305.66,254.29,1559.94,70.2,HIGH
0.5378,0.277,2223.58,1195.86,284.7,1480.57,66.6,HIGH
0.533,0.277,2223.58,1185.17,287.67,1472.83,66.2,HIGH
0.6065,0.277,2223.58,1348.53,242.41,1590.94,71.5,HIGH
0.5221,0.277,2223.58,1160.84,294.4,1455.25,65.4,HIGH
0.4642,0.277,2223.58,1032.2,330.04,1362.24,61.3,MODERATE
0.4083,0.277,2223.58,907.99,364.45,1272.44,57.2,MODERATE
0.3992,0.277,2223.58,887.57,370.11,1257.68,56.6,MODERATE
0.4575,0.277,2223.58,1017.3,334.17,1351.47,60.8,MODERATE
0.3244,0.277,2223.58,721.28,416.17,1137.46,51.2,LOW
0.536,0.277,2223.58,1191.88,285.81,1477.68,66.5,HIGH
0.4143,0.277,2223.58,921.29,360.77,1282.05,57.7,MODERATE
0.3634,0.277,2223.58,808.08,392.13,1200.21,54.0,LOW
0.4241,0.277,2223.58,942.94,354.77,1297.71,58.4,MODERATE
0.5668,0.277,2223.58,1260.37,266.83,1527.2,68.7,HIGH
0.4798,0.277,2223.58,1066.88,320.44,1387.31,62.4,MODERATE
0.4882,0.277,2223.58,1085.62,315.24,1400.86,63.0,MODERATE
0.5368,0.277,2223.58,1193.69,285.3,1479.0,66.5,HIGH
0.4516,0.277,2223.58,1004.11,337.82,1341.93,60.4,MODERATE
0.4302,0.277,2223.58,956.62,350.98,1307.6,58.8,MODERATE
0.4695,0.277,2223.58,1044.02,326.77,1370.79,61.6,MODERATE
0.45,0.277,2223.58,1000.69,338.77,1339.46,60.2,MODERATE
0.4107,0.277,2223.58,913.12,363.03,1276.15,57.4,MODERATE
0.5025,0.277,2223.58,1117.3,306.47,1423.76,64.0,MODERATE
0.4573,0.277,2223.58,1016.74,334.32,1351.07,60.8,MODERATE
0.4743,0.277,2223.58,1054.67,323.82,1378.49,62.0,MODERATE
0.6896,0.277,2223.58,1533.37,191.21,1724.57,77.6,CRITICAL
0.4644,0.277,2223.58,1032.69,329.9,1362.6,61.3,MODERATE
0.4133,0.277,2223.58,919.0,361.4,1280.4,57.6,MODERATE
0.5141,0.277,2223.58,1143.25,299.28,1442.53,64.9,MODERATE
0.2973,0.277,2223.58,661.17,432.83,1093.99,49.2,LOW
0.417,0.277,2223.58,927.27,359.11,1286.38,57.9,MODERATE
0.6605,0.277,2223.58,1468.78,209.1,1677.88,75.5,CRITICAL
0.599,0.277,2223.58,1331.94,247.01,1578.94,71.0,HIGH
0.5529,0.277,2223.58,1229.38,275.42,1504.8,67.7,HIGH
0.5261,0.277,2223.58,1169.81,291.92,1461.73,65.7,HIGH
0.6295,0.277,2223.58,1399.81,228.2,1628.01,73.2,CRITICAL
0.5116,0.277,2223.58,1137.64,300.83,1438.47,64.7,MODERATE
0.507,0.277,2223.58,1127.35,303.68,1431.03,64.4,MODERATE
0.4997,0.277,2223.58,1111.23,308.15,1419.38,63.8,MODERATE
0.5705,0.277,2223.58,1268.62,264.55,1533.17,69.0,HIGH
0.4022,0.277,2223.58,894.22,368.26,1262.49,56.8,MODERATE
0.4073,0.277,2223.58,905.58,365.12,1270.7,57.1,MODERATE
0.6138,0.277,2223.58,1364.73,237.92,1602.65,72.1,CRITICAL
0.2946,0.277,2223.58,655.09,434.51,1089.6,49.0,LOW
0.5166,0.277,2223.58,1148.78,297.75,1446.52,65.1,HIGH
0.4112,0.277,2223.58,914.44,362.66,1277.1,57.4,MODERATE
0.4454,0.277,2223.58,990.29,341.65,1331.94,59.9,MODERATE
0.6158,0.277,2223.58,1369.36,236.64,1606.0,72.2,CRITICAL
0.6458,0.277,2223.58,1435.99,218.18,1654.17,74.4,CRITICAL
0.6625,0.277,2223.58,1473.16,207.88,1681.04,75.6,CRITICAL
0.4528,0.277,2223.58,1006.87,337.06,1343.93,60.4,MODERATE
0.4645,0.277,2223.58,1032.86,329.86,1362.72,61.3,MODERATE
0.4833,0.277,2223.58,1074.61,318.29,1392.9,62.6,MODERATE
0.4542,0.277,2223.58,1010.04,336.18,1346.22,60.5,MODERATE
0.4891,0.277,2223.58,1087.6,314.69,1402.3,63.1,MODERATE
0.5983,0.277,2223.58,1330.4,247.43,1577.83,71.0,HIGH
0.3412,0.277,2223.58,758.72,405.8,1164.52,52.4,LOW
0.5051,0.277,2223.58,1123.06,304.87,1427.93,64.2,MODERATE
0.3624,0.277,2223.58,805.8,392.76,1198.56,53.9,LOW
0.5227,0.277,2223.58,1162.28,294.01,1456.29,65.5,HIGH
0.4676,0.277,2223.58,1039.8,327.94,1367.74,61.5,MODERATE
0.4803,0.277,2223.58,1068.04,320.11,1388.16,62.4,MODERATE
0.4621,0.277,2223.58,1027.52,331.34,1358.86,61.1,MODERATE
0.3917,0.277,2223.58,871.02,374.69,1245.71,56.0,MODERATE
0.3654,0.277,2223.58,812.49,390.91,1203.39,54.1,LOW
0.5949,0.277,2223.58,1322.78,249.54,1572.32,70.7,HIGH
0.4882,0.277,2223.58,1085.52,315.27,1400.79,63.0,MODERATE
0.5412,0.277,2223.58,1203.5,282.59,1486.09,66.8,HIGH
0.46,0.277,2223.58,1022.75,332.66,1355.41,61.0,MODERATE
0.4851,0.277,2223.58,1078.67,317.17,1395.84,62.8,MODERATE
0.4959,0.277,2223.58,1102.66,310.52,1413.18,63.6,MODERATE
0.5976,0.277,2223.58,1328.71,247.9,1576.61,70.9,HIGH
0.3535,0.277,2223.58,786.1,398.22,1184.32,53.3,LOW
0.5174,0.277,2223.58,1150.39,297.3,1447.69,65.1,HIGH
0.5508,0.277,2223.58,1224.77,276.7,1501.46,67.5,HIGH
0.4312,0.277,2223.58,958.78,350.38,1309.16,58.9,MODERATE
0.5104,0.277,2223.58,1134.87,301.6,1436.47,64.6,MODERATE
0.6144,0.277,2223.58,1366.15,237.53,1603.68,72.1,CRITICAL
0.335,0.277,2223.58,744.84,409.65,1154.49,51.9,LOW
0.6325,0.277,2223.58,1406.42,226.37,1632.79,73.4,CRITICAL
0.4884,0.277,2223.58,1085.92,315.16,1401.08,63.0,MODERATE
0.6524,0.277,2223.58,1450.58,214.14,1664.72,74.9,CRITICAL
0.3129,0.277,2223.58,695.68,423.27,1118.94,50.3,LOW
0.6723,0.277,2223.58,1494.95,201.85,1696.8,76.3,CRITICAL
0.4413,0.277,2223.58,981.28,344.15,1325.43,59.6,MODERATE
0.3859,0.277,2223.58,858.1,378.27,1236.37,55.6,MODERATE
0.2541,0.277,2223.58,564.93,459.49,1024.42,46.1,LOW
0.4466,0.277,2223.58,992.98,340.91,1333.88,60.0,MODERATE
0.5436,0.277,2223.58,1208.63,281.16,1489.8,67.0,HIGH
0.4095,0.277,2223.58,910.47,363.76,1274.23,57.3,MODERATE
0.3696,0.277,2223.58,821.85,388.31,1210.17,54.4,LOW
0.4164,0.277,2223.58,925.96,359.47,1285.44,57.8,MODERATE
0.49,0.277,2223.58,1089.63,314.13,1403.76,63.1,MODERATE
0.3981,0.277,2223.58,885.26,370.75,1256.01,56.5,MODERATE
0.6175,0.277,2223.58,1373.16,235.59,1608.75,72.3,CRITICAL
0.4862,0.277,2223.58,1081.08,316.5,1397.58,62.9,MODERATE
0.3861,0.277,2223.58,858.59,378.14,1236.73,55.6,MODERATE
0.5009,0.277,2223.58,1113.8,307.44,1421.24,63.9,MODERATE
0.4787,0.277,2223.58,1064.46,321.1,1385.57,62.3,MODERATE
0.4431,0.277,2223.58,985.25,343.05,1328.3,59.7,MODERATE
0.4674,0.277,2223.58,1039.41,328.04,1367.45,61.5,MODERATE
0.5275,0.277,2223.58,1172.94,291.05,1464.0,65.8,HIGH
0.3423,0.277,2223.58,761.22,405.11,1166.33,52.5,LOW
0.3881,0.277,2223.58,862.97,376.92,1239.89,55.8,MODERATE
0.5874,0.277,2223.58,1306.03,254.18,1560.21,70.2,HIGH
0.6369,0.277,2223.58,1416.27,223.64,1639.91,73.8,CRITICAL
0.4887,0.277,2223.58,1086.65,314.96,1401.61,63.0,MODERATE
0.4786,0.277,2223.58,1064.21,321.17,1385.39,62.3,MODERATE
0.4391,0.277,2223.58,976.38,345.51,1321.88,59.4,MODERATE
0.281,0.277,2223.58,624.89,442.88,1067.77,48.0,LOW
0.5465,0.277,2223.58,1215.21,279.34,1494.55,67.2,HIGH
0.2924,0.277,2223.58,650.17,435.87,1086.04,48.8,LOW
0.4029,0.277,2223.58,895.9,367.8,1263.7,56.8,MODERATE
0.2885,0.277,2223.58,641.54,438.26,1079.81,48.6,LOW
0.2088,0.277,2223.58,464.19,487.4,951.58,42.8,LOW
0.5728,0.277,2223.58,1273.63,263.16,1536.79,69.1,HIGH
0.4386,0.277,2223.58,975.37,345.78,1321.16,59.4,MODERATE
0.5289,0.277,2223.58,1176.07,290.19,1466.26,65.9,HIGH
0.6212,0.277,2223.58,1381.31,233.33,1614.64,72.6,CRITICAL
0.5314,0.277,2223.58,1181.6,288.66,1470.25,66.1,HIGH
0.3934,0.277,2223.58,874.79,373.65,1248.44,56.1,MODERATE
0.4219,0.277,2223.58,938.08,356.12,1294.19,58.2,MODERATE
0.4776,0.277,2223.58,1061.91,321.81,1383.72,62.2,MODERATE
0.3831,0.277,2223.58,851.84,380.01,1231.85,55.4,MODERATE
0.4504,0.277,2223.58,1001.41,338.57,1339.98,60.3,MODERATE
0.4144,0.277,2223.58,921.49,360.71,1282.2,57.7,MODERATE
0.4998,0.277,2223.58,1111.44,308.09,1419.53,63.8,MODERATE
0.1776,0.277,2223.58,394.81,506.61,901.42,40.5,LOW
0.4665,0.277,2223.58,1037.24,328.65,1365.89,61.4,MODERATE
0.4943,0.277,2223.58,1099.05,311.52,1410.57,63.4,MODERATE
0.428,0.277,2223.58,951.62,352.36,1303.99,58.6,MODERATE
0.4497,0.277,2223.58,999.86,339.0,1338.86,60.2,MODERATE
0.7394,0.277,2223.58,1644.17,160.51,1804.68,81.2,CRITICAL
0.5113,0.277,2223.58,1136.89,301.04,1437.93,64.7,MODERATE
0.2931,0.277,2223.58,651.76,435.43,1087.19,48.9,LOW
0.5037,0.277,2223.58,1119.99,305.72,1425.71,64.1,MODERATE
0.4301,0.277,2223.58,956.39,351.04,1307.44,58.8,MODERATE
0.6129,0.277,2223.58,1362.91,238.43,1601.33,72.0,CRITICAL
0.6884,0.277,2223.58,1530.62,191.97,1722.58,77.5,CRITICAL
0.4323,0.277,2223.58,961.31,349.68,1310.99,59.0,MODERATE
0.5148,0.277,2223.58,1144.68,298.88,1443.56,64.9,MODERATE
0.5404,0.277,2223.58,1201.67,283.09,1484.76,66.8,HIGH
0.4654,0.277,2223.58,1034.81,329.32,1364.13,61.3,MODERATE
0.5674,0.277,2223.58,1261.65,266.48,1528.13,68.7,HIGH
0.6724,0.277,2223.58,1495.14,201.79,1696.94,76.3,CRITICAL
0.4964,0.277,2223.58,1103.86,310.19,1414.05,63.6,MODERATE
0.6529,0.277,2223.58,1451.82,213.8,1665.61,74.9,CRITICAL
0.4615,0.277,2223.58,1026.26,331.69,1357.95,61.1,MODERATE
0.5287,0.277,2223.58,1175.6,290.32,1465.92,65.9,HIGH
0.3667,0.277,2223.58,815.39,390.1,1205.49,54.2,LOW
0.4967,0.277,2223.58,1104.56,310.0,1414.56,63.6,MODERATE
0.4825,0.277,2223.58,1072.79,318.8,1391.59,62.6,MODERATE
0.4441,0.277,2223.58,987.45,342.44,1329.89,59.8,MODERATE
0.5284,0.277,2223.58,1174.9,290.51,1465.41,65.9,HIGH
0.4441,0.277,2223.58,987.56,342.41,1329.97,59.8,MODERATE
0.4673,0.277,2223.58,1039.05,328.14,1367.19,61.5,MODERATE
0.3602,0.277,2223.58,800.83,394.14,1194.97,53.7,LOW
0.5133,0.277,2223.58,1141.39,299.79,1441.18,64.8,MODERATE
0.5619,0.277,2223.58,1249.5,269.84,1519.35,68.3,HIGH
0.4508,0.277,2223.58,1002.42,338.29,1340.71,60.3,MODERATE
0.4505,0.277,2223.58,1001.76,338.47,1340.23,60.3,MODERATE
0.4374,0.277,2223.58,972.59,346.55,1319.15,59.3,MODERATE
0.6138,0.277,2223.58,1364.78,237.91,1602.69,72.1,CRITICAL
0.5241,0.277,2223.58,1165.3,293.17,1458.47,65.6,HIGH
0.5988,0.277,2223.58,1331.45,247.14,1578.59,71.0,HIGH
0.2106,0.277,2223.58,468.28,486.26,954.54,42.9,LOW
0.4771,0.277,2223.58,1060.91,322.09,1383.0,62.2,MODERATE
0.4221,0.277,2223.58,938.68,355.95,1294.63,58.2,MODERATE
0.3277,0.277,2223.58,728.72,414.11,1142.83,51.4,LOW
0.5793,0.277,2223.58,1288.09,259.15,1547.24,69.6,HIGH
0.4231,0.277,2223.58,940.71,355.39,1296.09,58.3,MODERATE
0.5304,0.277,2223.58,1179.39,289.27,1468.66,66.0,HIGH
0.5647,0.277,2223.58,1255.59,268.16,1523.75,68.5,HIGH
0.4395,0.277,2223.58,977.21,345.28,1322.48,59.5,MODERATE
0.5005,0.277,2223.58,1112.94,307.68,1420.61,63.9,MODERATE
0.4188,0.277,2223.58,931.23,358.01,1289.24,58.0,MODERATE
0.5008,0.277,2223.58,1113.64,307.48,1421.12,63.9,MODERATE
0.652,0.277,2223.58,1449.68,214.39,1664.07,74.8,CRITICAL
0.5829,0.277,2223.58,1296.11,256.93,1553.05,69.8,HIGH
0.4114,0.277,2223.58,914.68,362.6,1277.27,57.4,MODERATE
0.4157,0.277,2223.58,924.25,359.95,1284.2,57.8,MODERATE
0.5285,0.277,2223.58,1175.07,290.46,1465.53,65.9,HIGH
0.536,0.277,2223.58,1191.75,285.84,1477.59,66.5,HIGH
0.4458,0.277,2223.58,991.34,341.36,1332.7,59.9,MODERATE
0.4341,0.277,2223.58,965.33,348.57,1313.9,59.1,MODERATE
0.5057,0.277,2223.58,1124.57,304.45,1429.02,64.3,MODERATE
0.586,0.277,2223.58,1303.06,255.01,1558.07,70.1,HIGH
0.4764,0.277,2223.58,1059.38,322.51,1381.89,62.1,MODERATE
0.6536,0.277,2223.58,1453.36,213.37,1666.73,75.0,CRITICAL
0.4205,0.277,2223.58,935.11,356.94,1292.05,58.1,MODERATE
0.6238,0.277,2223.58,1387.03,231.74,1618.78,72.8,CRITICAL
0.412,0.277,2223.58,916.06,362.22,1278.27,57.5,MODERATE
0.452,0.277,2223.58,1005.08,337.55,1342.64,60.4,MODERATE
0.3853,0.277,2223.58,856.66,378.67,1235.33,55.6,MODERATE
0.4176,0.277,2223.58,928.6,358.74,1287.34,57.9,MODERATE
0.5248,0.277,2223.58,1166.89,292.73,1459.62,65.6,HIGH
0.4018,0.277,2223.58,893.44,368.48,1261.92,56.8,MODERATE
0.4804,0.277,2223.58,1068.12,320.09,1388.21,62.4,MODERATE
0.5555,0.277,2223.58,1235.16,273.82,1508.98,67.9,HIGH
0.549,0.277,2223.58,1220.65,277.84,1498.49,67.4,HIGH
0.2273,0.277,2223.58,505.34,476.0,981.33,44.1,LOW
0.519,0.277,2223.58,1154.06,296.28,1450.34,65.2,HIGH
0.5183,0.277,2223.58,1152.57,296.69,1449.27,65.2,HIGH
0.2488,0.277,2223.58,553.12,462.76,1015.88,45.7,LOW
0.4468,0.277,2223.58,993.49,340.76,1334.26,60.0,MODERATE
0.5556,0.277,2223.58,1235.32,273.77,1509.1,67.9,HIGH
0.4898,0.277,2223.58,1089.17,314.26,1403.43,63.1,MODERATE
0.576,0.277,2223.58,1280.88,261.15,1542.03,69.3,HIGH
0.5083,0.277,2223.58,1130.2,302.89,1433.09,64.4,MODERATE
0.4819,0.277,2223.58,1071.49,319.16,1390.64,62.5,MODERATE
0.5144,0.277,2223.58,1143.84,299.11,1442.95,64.9,MODERATE
0.6317,0.277,2223.58,1404.54,226.89,1631.44,73.4,CRITICAL
0.4347,0.277,2223.58,966.58,348.22,1314.8,59.1,MODERATE
0.4048,0.277,2223.58,900.14,366.63,1266.77,57.0,MODERATE
0.3292,0.277,2223.58,731.97,413.21,1145.18,51.5,LOW
0.5201,0.277,2223.58,1156.42,295.63,1452.05,65.3,HIGH
0.7253,0.277,2223.58,1612.83,169.19,1782.02,80.1,CRITICAL
0.4657,0.277,2223.58,1035.51,329.12,1364.63,61.4,MODERATE
0.4828,0.277,2223.58,1073.5,318.6,1392.1,62.6,MODERATE
0.3953,0.277,2223.58,878.92,372.5,1251.43,56.3,MODERATE
0.4623,0.277,2223.58,1028.06,331.19,1359.25,61.1,MODERATE
0.4405,0.277,2223.58,979.49,344.64,1324.13,59.5,MODERATE
0.2679,0.277,2223.58,595.6,450.99,1046.59,47.1,LOW
0.5733,0.277,2223.58,1274.68,262.87,1537.55,69.1,HIGH
0.4267,0.277,2223.58,948.84,353.13,1301.97,58.6,MODERATE
0.5346,0.277,2223.58,1188.62,286.71,1475.33,66.3,HIGH
0.5288,0.277,2223.58,1175.88,290.24,1466.12,65.9,HIGH
0.4837,0.277,2223.58,1075.46,318.06,1393.52,62.7,MODERATE
0.5992,0.277,2223.58,1332.29,246.91,1579.2,71.0,HIGH
0.5602,0.277,2223.58,1245.61,270.92,1516.53,68.2,HIGH
0.6079,0.277,2223.58,1351.79,241.51,1593.3,71.7,HIGH
0.4837,0.277,2223.58,1075.55,318.03,1393.58,62.7,MODERATE
0.4781,0.277,2223.58,1063.03,321.5,1384.53,62.3,MODERATE
0.4224,0.277,2223.58,939.34,355.77,1295.11,58.2,MODERATE
0.4925,0.277,2223.58,1095.03,312.64,1407.67,63.3,MODERATE
0.5141,0.277,2223.58,1143.17,299.3,1442.47,64.9,MODERATE
0.493,0.277,2223.58,1096.25,312.3,1408.55,63.3,MODERATE
0.6489,0.277,2223.58,1442.91,216.27,1659.17,74.6,CRITICAL
0.4946,0.277,2223.58,1099.8,311.31,1411.12,63.5,MODERATE
0.4245,0.277,2223.58,943.97,354.48,1298.45,58.4,MODERATE
0.5252,0.277,2223.58,1167.91,292.45,1460.35,65.7,HIGH
0.2724,0.277,2223.58,605.79,448.17,1053.96,47.4,LOW
0.517,0.277,2223.58,1149.7,297.49,1447.19,65.1,HIGH
0.4232,0.277,2223.58,940.92,355.33,1296.25,58.3,MODERATE
0.4814,0.277,2223.58,1070.51,319.43,1389.94,62.5,MODERATE
0.4899,0.277,2223.58,1089.33,314.21,1403.55,63.1,MODERATE
0.4142,0.277,2223.58,921.04,360.83,1281.88,57.6,MODERATE
0.3796,0.277,2223.58,843.99,382.18,1226.17,55.1,MODERATE
0.6173,0.277,2223.58,1372.65,235.73,1608.38,72.3,CRITICAL
0.6259,0.277,2223.58,1391.66,230.46,1622.12,73.0,CRITICAL
0.6094,0.277,2223.58,1355.1,240.59,1595.69,71.8,HIGH
0.4243,0.277,2223.58,943.45,354.63,1298.08,58.4,MODERATE
0.6179,0.277,2223.58,1373.99,235.36,1609.35,72.4,CRITICAL
0.6884,0.277,2223.58,1530.69,191.95,1722.64,77.5,CRITICAL
0.5908,0.277,2223.58,1313.73,252.05,1565.78,70.4,HIGH
0.4293,0.277,2223.58,954.57,351.55,1306.11,58.7,MODERATE
0.4487,0.277,2223.58,997.77,339.58,1337.35,60.1,MODERATE
0.4563,0.277,2223.58,1014.65,334.9,1349.55,60.7,MODERATE
0.5084,0.277,2223.58,1130.36,302.85,1433.21,64.5,MODERATE
0.2296,0.277,2223.58,510.51,474.56,985.07,44.3,LOW
0.3311,0.277,2223.58,736.3,412.01,1148.32,51.6,LOW
0.5287,0.277,2223.58,1175.65,290.3,1465.95,65.9,HIGH
0.5375,0.277,2223.58,1195.27,284.87,1480.14,66.6,HIGH
0.4873,0.277,2223.58,1083.51,315.83,1399.34,62.9,MODERATE
0.5447,0.277,2223.58,1211.16,280.46,1491.63,67.1,HIGH
0.4929,0.277,2223.58,1095.97,312.37,1408.35,63.3,MODERATE
0.5597,0.277,2223.58,1244.6,271.2,1515.8,68.2,HIGH
0.4363,0.277,2223.58,970.1,347.24,1317.35,59.2,MODERATE
0.6352,0.277,2223.58,1412.51,224.69,1637.2,73.6,CRITICAL
0.3841,0.277,2223.58,854.13,379.37,1233.5,55.5,MODERATE
0.5284,0.277,2223.58,1174.92,290.5,1465.42,65.9,HIGH
0.4579,0.277,2223.58,1018.09,333.95,1352.04,60.8,MODERATE
0.4074,0.277,2223.58,905.81,365.06,1270.86,57.2,MODERATE
0.3884,0.277,2223.58,863.7,376.72,1240.42,55.8,MODERATE
0.4787,0.277,2223.58,1064.4,321.12,1385.52,62.3,MODERATE
0.4285,0.277,2223.58,952.7,352.06,1304.77,58.7,MODERATE
0.3772,0.277,2223.58,838.71,383.64,1222.35,55.0,LOW
0.4237,0.277,2223.58,942.08,355.01,1297.09,58.3,MODERATE
0.4947,0.277,2223.58,1099.91,311.28,1411.19,63.5,MODERATE
0.4671,0.277,2223.58,1038.53,328.29,1366.82,61.5,MODERATE
0.4991,0.277,2223.58,1109.74,308.56,1418.3,63.8,MODERATE
0.5497,0.277,2223.58,1222.26,277.39,1499.65,67.4,HIGH
0.567,0.277,2223.58,1260.73,266.73,1527.46,68.7,HIGH
0.5195,0.277,2223.58,1155.23,295.96,1451.19,65.3,HIGH
0.5547,0.277,2223.58,1233.41,274.3,1507.71,67.8,HIGH
0.4489,0.277,2223.58,998.13,339.48,1337.61,60.2,MODERATE
0.5096,0.277,2223.58,1133.06,302.1,1435.16,64.5,MODERATE
0.6404,0.277,2223.58,1423.95,221.52,1645.47,74.0,CRITICAL
0.5625,0.277,2223.58,1250.69,269.52,1520.2,68.4,HIGH
0.5034,0.277,2223.58,1119.29,305.92,1425.21,64.1,MODERATE
0.522,0.277,2223.58,1160.73,294.44,1455.16,65.4,HIGH
0.4675,0.277,2223.58,1039.56,328.0,1367.56,61.5,MODERATE
0.3667,0.277,2223.58,815.43,390.09,1205.52,54.2,LOW
0.3835,0.277,2223.58,852.7,379.77,1232.47,55.4,MODERATE
0.568,0.277,2223.58,1262.99,266.11,1529.09,68.8,HIGH
0.4829,0.277,2223.58,1073.72,318.54,1392.26,62.6,MODERATE
0.4299,0.277,2223.58,955.97,351.16,1307.13,58.8,MODERATE
0.4023,0.277,2223.58,894.45,368.2,1262.65,56.8,MODERATE
0.6051,0.277,2223.58,1345.58,243.23,1588.81,71.5,HIGH
0.6886,0.277,2223.58,1531.24,191.8,1723.03,77.5,CRITICAL
0.4403,0.277,2223.58,978.98,344.78,1323.77,59.5,MODERATE
0.558,0.277,2223.58,1240.81,272.25,1513.06,68.0,HIGH
0.6774,0.277,2223.58,1506.31,198.7,1705.01,76.7,CRITICAL
0.5284,0.277,2223.58,1174.92,290.5,1465.42,65.9,HIGH
0.3866,0.277,2223.58,859.55,377.87,1237.42,55.6,MODERATE
0.3933,0.277,2223.58,874.64,373.69,1248.33,56.1,MODERATE
0.513,0.277,2223.58,1140.81,299.95,1440.76,64.8,MODERATE
0.6544,0.277,2223.58,1455.05,212.9,1667.95,75.0,CRITICAL
0.4675,0.277,2223.58,1039.58,328.0,1367.58,61.5,MODERATE
0.5065,0.277,2223.58,1126.17,304.01,1430.18,64.3,MODERATE
0.5575,0.277,2223.58,1239.63,272.58,1512.21,68.0,HIGH
0.7156,0.277,2223.58,1591.25,175.17,1766.42,79.4,CRITICAL
0.4608,0.277,2223.58,1024.52,332.17,1356.69,61.0,MODERATE
0.3255,0.277,2223.58,723.76,415.49,1139.25,51.2,LOW
0.4451,0.277,2223.58,989.79,341.79,1331.58,59.9,MODERATE
0.5666,0.277,2223.58,1259.79,266.99,1526.79,68.7,HIGH
0.6136,0.277,2223.58,1364.33,238.03,1602.36,72.1,CRITICAL
0.5548,0.277,2223.58,1233.71,274.22,1507.93,67.8,HIGH
0.5613,0.277,2223.58,1248.18,270.21,1518.39,68.3,HIGH
0.4204,0.277,2223.58,934.9,356.99,1291.9,58.1,MODERATE
0.7218,0.277,2223.58,1605.05,171.35,1776.4,79.9,CRITICAL
0.2483,0.277,2223.58,552.01,463.07,1015.08,45.7,LOW
0.5001,0.277,2223.58,1111.96,307.94,1419.91,63.9,MODERATE
0.6544,0.277,2223.58,1455.19,212.86,1668.05,75.0,CRITICAL
0.3874,0.277,2223.58,861.33,377.38,1238.71,55.7,MODERATE
0.4148,0.277,2223.58,922.39,360.46,1282.85,57.7,MODERATE
0.4109,0.277,2223.58,913.64,362.88,1276.53,57.4,MODERATE
0.3515,0.277,2223.58,781.65,399.45,1181.1,53.1,LOW
0.5155,0.277,2223.58,1146.26,298.44,1444.71,65.0,MODERATE
0.4994,0.277,2223.58,1110.36,308.39,1418.75,63.8,MODERATE
0.4999,0.277,2223.58,1111.47,308.08,1419.55,63.8,MODERATE
0.5628,0.277,2223.58,1251.54,269.28,1520.82,68.4,HIGH
0.4817,0.277,2223.58,1071.01,319.29,1390.3,62.5,MODERATE
0.4185,0.277,2223.58,930.51,358.21,1288.72,58.0,MODERATE
0.5874,0.277,2223.58,1306.04,254.18,1560.22,70.2,HIGH
0.21,0.277,2223.58,466.95,486.63,953.58,42.9,LOW
0.3434,0.277,2223.58,763.6,404.45,1168.05,52.5,LOW
0.5908,0.277,2223.58,1313.73,252.05,1565.78,70.4,HIGH
0.4128,0.277,2223.58,917.96,361.69,1279.65,57.5,MODERATE
0.2528,0.277,2223.58,562.1,460.27,1022.37,46.0,LOW
0.58,0.277,2223.58,1289.69,258.71,1548.4,69.6,HIGH
0.7672,0.277,2223.58,1705.92,143.4,1849.33,83.2,CRITICAL
0.2813,0.277,2223.58,625.47,442.72,1068.18,48.0,LOW
0.4698,0.277,2223.58,1044.56,326.62,1371.17,61.7,MODERATE
0.5966,0.277,2223.58,1326.51,248.51,1575.02,70.8,HIGH
0.5142,0.277,2223.58,1143.47,299.22,1442.69,64.9,MODERATE
0.3406,0.277,2223.58,757.41,406.17,1163.57,52.3,LOW
0.5037,0.277,2223.58,1119.96,305.73,1425.69,64.1,MODERATE
0.2215,0.277,2223.58,492.43,479.57,972.0,43.7,LOW
0.5227,0.277,2223.58,1162.33,293.99,1456.32,65.5,HIGH
0.4026,0.277,2223.58,895.12,368.02,1263.14,56.8,MODERATE
0.397,0.277,2223.58,882.81,371.43,1254.24,56.4,MODERATE
0.4659,0.277,2223.58,1035.95,329.0,1364.95,61.4,MODERATE
0.49,0.277,2223.58,1089.63,314.13,1403.77,63.1,MODERATE
0.4881,0.277,2223.58,1085.43,315.29,1400.73,63.0,MODERATE
0.4951,0.277,2223.58,1100.94,311.0,1411.94,63.5,MODERATE
0.5356,0.277,2223.58,1190.99,286.05,1477.04,66.4,HIGH
0.5037,0.277,2223.58,1120.08,305.7,1425.78,64.1,MODERATE
0.1888,0.277,2223.58,419.91,499.66,919.57,41.4,LOW
0.5007,0.277,2223.58,1113.28,307.58,1420.86,63.9,MODERATE
0.3872,0.277,2223.58,861.0,377.47,1238.47,55.7,MODERATE
0.4594,0.277,2223.58,1021.45,333.02,1354.47,60.9,MODERATE
0.6552,0.277,2223.58,1456.96,212.37,1669.33,75.1,CRITICAL
0.5696,0.277,2223.58,1266.54,265.12,1531.66,68.9,HIGH
0.4063,0.277,2223.58,903.4,365.72,1269.12,57.1,MODERATE
0.4287,0.277,2223.58,953.14,351.94,1305.08,58.7,MODERATE
0.3607,0.277,2223.58,801.94,393.83,1195.77,53.8,LOW
0.5862,0.277,2223.58,1303.52,254.88,1558.4,70.1,HIGH
0.6331,0.277,2223.58,1407.66,226.03,1633.69,73.5,CRITICAL
0.4721,0.277,2223.58,1049.64,325.21,1374.85,61.8,MODERATE
0.4399,0.277,2223.58,978.15,345.02,1323.16,59.5,MODERATE
0.6019,0.277,2223.58,1338.47,245.2,1583.67,71.2,HIGH
0.3844,0.277,2223.58,854.68,379.22,1233.9,55.5,MODERATE
0.5324,0.277,2223.58,1183.75,288.06,1471.81,66.2,HIGH
0.5041,0.277,2223.58,1120.94,305.46,1426.4,64.1,MODERATE
0.3731,0.277,2223.58,829.56,386.18,1215.74,54.7,LOW
0.6446,0.277,2223.58,1433.25,218.94,1652.19,74.3,CRITICAL
0.3599,0.277,2223.58,800.17,394.32,1194.49,53.7,LOW
0.4624,0.277,2223.58,1028.26,331.13,1359.39,61.1,MODERATE
0.6514,0.277,2223.58,1448.38,214.75,1663.13,74.8,CRITICAL
0.6015,0.277,2223.58,1337.55,245.45,1583.0,71.2,HIGH
0.544,0.277,2223.58,1209.64,280.89,1490.53,67.0,HIGH
0.4196,0.277,2223.58,933.02,357.52,1290.54,58.0,MODERATE
0.4209,0.277,2223.58,935.9,356.72,1292.62,58.1,MODERATE
0.6267,0.277,2223.58,1393.44,229.97,1623.41,73.0,CRITICAL
0.5413,0.277,2223.58,1203.71,282.53,1486.24,66.8,HIGH
0.5518,0.277,2223.58,1227.07,276.06,1503.13,67.6,HIGH
0.5322,0.277,2223.58,1183.37,288.17,1471.53,66.2,HIGH
0.6353,0.277,2223.58,1412.72,224.63,1637.35,73.6,CRITICAL
0.5455,0.277,2223.58,1212.89,279.99,1492.87,67.1,HIGH
0.4547,0.277,2223.58,1011.04,335.9,1346.94,60.6,MODERATE
0.4404,0.277,2223.58,979.34,344.69,1324.02,59.5,MODERATE
0.4569,0.277,2223.58,1015.86,334.57,1350.43,60.7,MODERATE
0.6656,0.277,2223.58,1480.06,205.97,1686.03,75.8,CRITICAL
0.5526,0.277,2223.58,1228.8,275.58,1504.38,67.7,HIGH
0.5278,0.277,2223.58,1173.63,290.86,1464.49,65.9,HIGH
0.4691,0.277,2223.58,1043.14,327.01,1370.15,61.6,MODERATE
0.5547,0.277,2223.58,1233.35,274.32,1507.67,67.8,HIGH
0.5638,0.277,2223.58,1253.69,268.68,1522.38,68.5,HIGH
0.4979,0.277,2223.58,1107.2,309.26,1416.47,63.7,MODERATE
0.5436,0.277,2223.58,1208.71,281.14,1489.85,67.0,HIGH
0.5888,0.277,2223.58,1309.33,253.27,1562.6,70.3,HIGH
0.3587,0.277,2223.58,797.5,395.06,1192.56,53.6,LOW
0.4328,0.277,2223.58,962.28,349.41,1311.69,59.0,MODERATE
0.5825,0.277,2223.58,1295.17,257.19,1552.37,69.8,HIGH
0.4797,0.277,2223.58,1066.66,320.49,1387.16,62.4,MODERATE
0.3568,0.277,2223.58,793.36,396.21,1189.56,53.5,LOW
0.4783,0.277,2223.58,1063.61,321.34,1384.95,62.3,MODERATE
0.646,0.277,2223.58,1436.39,218.07,1654.46,74.4,CRITICAL
0.4839,0.277,2223.58,1075.92,317.93,1393.85,62.7,MODERATE
0.4473,0.277,2223.58,994.51,340.48,1334.99,60.0,MODERATE
0.3629,0.277,2223.58,806.86,392.46,1199.33,53.9,LOW
0.6459,0.277,2223.58,1436.31,218.09,1654.41,74.4,CRITICAL
0.513,0.277,2223.58,1140.66,300.0,1440.65,64.8,MODERATE
0.3736,0.277,2223.58,830.75,385.85,1216.6,54.7,LOW
0.4948,0.277,2223.58,1100.13,311.22,1411.35,63.5,MODERATE
0.2578,0.277,2223.58,573.34,457.16,1030.5,46.3,LOW
0.4419,0.277,2223.58,982.7,343.75,1326.46,59.7,MODERATE
0.6017,0.277,2223.58,1338.02,245.32,1583.34,71.2,HIGH
0.5183,0.277,2223.58,1152.56,296.7,1449.26,65.2,HIGH
0.49,0.277,2223.58,1089.59,314.14,1403.73,63.1,MODERATE
0.3828,0.277,2223.58,851.14,380.2,1231.34,55.4,MODERATE
0.3879,0.277,2223.58,862.61,377.02,1239.63,55.7,MODERATE
0.3821,0.277,2223.58,849.62,380.62,1230.24,55.3,MODERATE
0.5162,0.277,2223.58,1147.71,298.04,1445.75,65.0,HIGH
0.7314,0.277,2223.58,1626.4,165.43,1791.83,80.6,CRITICAL
0.4361,0.277,2223.58,969.68,347.36,1317.04,59.2,MODERATE
0.4634,0.277,2223.58,1030.49,330.51,1361.01,61.2,MODERATE
0.6868,0.277,2223.58,1527.21,192.91,1720.12,77.4,CRITICAL
0.309,0.277,2223.58,687.11,425.64,1112.75,50.0,LOW
0.4327,0.277,2223.58,962.18,349.44,1311.62,59.0,MODERATE
0.5258,0.277,2223.58,1169.23,292.08,1461.31,65.7,HIGH
0.3876,0.277,2223.58,861.81,377.24,1239.05,55.7,MODERATE
0.489,0.277,2223.58,1087.26,314.79,1402.05,63.1,MODERATE
0.4807,0.277,2223.58,1068.97,319.86,1388.82,62.5,MODERATE
0.6087,0.277,2223.58,1353.55,241.02,1594.57,71.7,HIGH
0.3708,0.277,2223.58,824.51,387.58,1212.09,54.5,LOW
0.4292,0.277,2223.58,954.34,351.61,1305.95,58.7,MODERATE
0.3985,0.277,2223.58,886.17,370.5,1256.67,56.5,MODERATE
0.625,0.277,2223.58,1389.84,230.97,1620.8,72.9,CRITICAL
0.3994,0.277,2223.58,888.21,369.93,1258.14,56.6,MODERATE
0.4966,0.277,2223.58,1104.33,310.06,1414.39,63.6,MODERATE
0.5081,0.277,2223.58,1129.7,303.03,1432.73,64.4,MODERATE
0.4647,0.277,2223.58,1033.26,329.75,1363.01,61.3,MODERATE
0.2519,0.277,2223.58,560.14,460.81,1020.95,45.9,LOW
0.5641,0.277,2223.58,1254.29,268.52,1522.81,68.5,HIGH
0.5017,0.277,2223.58,1115.59,306.94,1422.53,64.0,MODERATE
0.4895,0.277,2223.58,1088.36,314.48,1402.85,63.1,MODERATE
0.4848,0.277,2223.58,1078.06,317.34,1395.4,62.8,MODERATE
0.5565,0.277,2223.58,1237.47,273.18,1510.65,67.9,HIGH
0.5666,0.277,2223.58,1259.78,267.0,1526.77,68.7,HIGH
0.4017,0.277,2223.58,893.27,368.53,1261.8,56.7,MODERATE
0.6804,0.277,2223.58,1512.96,196.86,1709.82,76.9,CRITICAL
0.5645,0.277,2223.58,1255.29,268.24,1523.53,68.5,HIGH
0.4298,0.277,2223.58,955.77,351.21,1306.99,58.8,MODERATE
0.4491,0.277,2223.58,998.65,339.34,1337.99,60.2,MODERATE
0.6149,0.277,2223.58,1367.39,237.19,1604.58,72.2,CRITICAL
0.3259,0.277,2223.58,724.59,415.26,1139.85,51.3,LOW
0.3893,0.277,2223.58,865.63,376.19,1241.81,55.8,MODERATE
0.5233,0.277,2223.58,1163.68,293.62,1457.3,65.5,HIGH
0.4126,0.277,2223.58,917.45,361.83,1279.28,57.5,MODERATE
0.3881,0.277,2223.58,863.01,376.91,1239.92,55.8,MODERATE
0.4263,0.277,2223.58,947.95,353.38,1301.33,58.5,MODERATE
0.4446,0.277,2223.58,988.51,342.15,1330.65,59.8,MODERATE
0.6509,0.277,2223.58,1447.28,215.05,1662.33,74.8,CRITICAL
0.4808,0.277,2223.58,1069.12,319.81,1388.93,62.5,MODERATE
0.5391,0.277,2223.58,1198.82,283.88,1482.7,66.7,HIGH
0.4413,0.277,2223.58,981.32,344.14,1325.45,59.6,MODERATE
0.6245,0.277,2223.58,1388.65,231.3,1619.95,72.9,CRITICAL
0.4331,0.277,2223.58,962.95,349.23,1312.17,59.0,MODERATE
0.5311,0.277,2223.58,1180.93,288.84,1469.77,66.1,HIGH
0.497,0.277,2223.58,1105.09,309.85,1414.94,63.6,MODERATE
0.4364,0.277,2223.58,970.37,347.17,1317.54,59.3,MODERATE
0.4293,0.277,2223.58,954.61,351.54,1306.15,58.7,MODERATE
0.5934,0.277,2223.58,1319.45,250.47,1569.91,70.6,HIGH
0.5337,0.277,2223.58,1186.83,287.21,1474.03,66.3,HIGH
0.5641,0.277,2223.58,1254.41,268.48,1522.89,68.5,HIGH
0.4696,0.277,2223.58,1044.14,326.73,1370.87,61.7,MODERATE
0.3761,0.277,2223.58,836.21,384.33,1220.55,54.9,LOW
0.4707,0.277,2223.58,1046.53,326.07,1372.6,61.7,MODERATE
0.3785,0.277,2223.58,841.7,382.81,1224.52,55.1,MODERATE
0.4464,0.277,2223.58,992.54,341.03,1333.57,60.0,MODERATE
0.5141,0.277,2223.58,1143.16,299.3,1442.46,64.9,MODERATE
0.4883,0.277,2223.58,1085.68,315.23,1400.91,63.0,MODERATE
0.4888,0.277,2223.58,1086.94,314.88,1401.82,63.0,MODERATE
0.5603,0.277,2223.58,1245.96,270.82,1516.79,68.2,HIGH
0.5303,0.277,2223.58,1179.15,289.33,1468.49,66.0,HIGH
0.4871,0.277,2223.58,1083.0,315.97,1398.97,62.9,MODERATE
0.615,0.277,2223.58,1367.55,237.14,1604.69,72.2,CRITICAL
0.6741,0.277,2223.58,1498.89,200.76,1699.64,76.4,CRITICAL
0.4538,0.277,2223.58,1009.08,336.45,1345.52,60.5,MODERATE
0.2693,0.277,2223.58,598.73,450.12,1048.86,47.2,LOW
0.5756,0.277,2223.58,1279.95,261.41,1541.36,69.3,HIGH
0.7394,0.277,2223.58,1644.22,160.5,1804.72,81.2,CRITICAL
0.6755,0.277,2223.58,1501.97,199.9,1701.88,76.5,CRITICAL
0.6163,0.277,2223.58,1370.35,236.37,1606.72,72.3,CRITICAL
0.5067,0.277,2223.58,1126.75,303.85,1430.6,64.3,MODERATE
0.3326,0.277,2223.58,739.53,411.12,1150.65,51.7,LOW
0.3158,0.277,2223.58,702.15,421.47,1123.63,50.5,LOW
0.5238,0.277,2223.58,1164.61,293.36,1457.97,65.6,HIGH
0.4832,0.277,2223.58,1074.37,318.36,1392.73,62.6,MODERATE
0.5004,0.277,2223.58,1112.78,307.72,1420.5,63.9,MODERATE
0.4675,0.277,2223.58,1039.58,328.0,1367.58,61.5,MODERATE
0.553,0.277,2223.58,1229.63,275.35,1504.98,67.7,HIGH
0.5105,0.277,2223.58,1135.04,301.55,1436.59,64.6,MODERATE
0.4002,0.277,2223.58,889.78,369.5,1259.27,56.6,MODERATE
0.4505,0.277,2223.58,1001.74,338.48,1340.22,60.3,MODERATE
0.4097,0.277,2223.58,910.89,363.65,1274.54,57.3,MODERATE
0.6676,0.277,2223.58,1484.52,204.74,1689.26,76.0,CRITICAL
0.3762,0.277,2223.58,836.41,384.28,1220.69,54.9,LOW
0.2501,0.277,2223.58,556.21,461.9,1018.11,45.8,LOW
0.279,0.277,2223.58,620.42,444.11,1064.53,47.9,LOW
0.3602,0.277,2223.58,800.83,394.14,1194.97,53.7,LOW
0.5707,0.277,2223.58,1269.07,264.42,1533.49,69.0,HIGH
0.5471,0.277,2223.58,1216.51,278.98,1495.49,67.3,HIGH
0.4583,0.277,2223.58,1018.99,333.7,1352.69,60.8,MODERATE
0.4729,0.277,2223.58,1051.53,324.69,1376.22,61.9,MODERATE
0.4952,0.277,2223.58,1101.03,310.98,1412.0,63.5,MODERATE
0.5998,0.277,2223.58,1333.74,246.51,1580.24,71.1,HIGH
0.5062,0.277,2223.58,1125.59,304.17,1429.76,64.3,MODERATE
0.4234,0.277,2223.58,941.44,355.18,1296.62,58.3,MODERATE
0.5373,0.277,2223.58,1194.74,285.01,1479.75,66.5,HIGH
0.4151,0.277,2223.58,923.08,360.27,1283.35,57.7,MODERATE
0.2987,0.277,2223.58,664.1,432.01,1096.11,49.3,LOW
0.3691,0.277,2223.58,820.68,388.64,1209.32,54.4,LOW
0.4052,0.277,2223.58,900.9,366.41,1267.31,57.0,MODERATE
0.463,0.277,2223.58,1029.41,330.81,1360.23,61.2,MODERATE
0.661,0.277,2223.58,1469.87,208.8,1678.66,75.5,CRITICAL
0.4902,0.277,2223.58,1089.91,314.05,1403.96,63.1,MODERATE
0.3391,0.277,2223.58,754.13,407.07,1161.2,52.2,LOW
0.6928,0.277,2223.58,1540.43,189.25,1729.68,77.8,CRITICAL
0.5674,0.277,2223.58,1261.73,266.46,1528.19,68.7,HIGH
0.5899,0.277,2223.58,1311.65,252.63,1564.28,70.3,HIGH
0.4925,0.277,2223.58,1095.07,312.63,1407.69,63.3,MODERATE
0.5692,0.277,2223.58,1265.64,265.37,1531.01,68.9,HIGH
0.5098,0.277,2223.58,1133.67,301.93,1435.6,64.6,MODERATE
0.4893,0.277,2223.58,1087.92,314.61,1402.53,63.1,MODERATE
0.4528,0.277,2223.58,1006.89,337.05,1343.94,60.4,MODERATE
0.6482,0.277,2223.58,1441.36,216.69,1658.05,74.6,CRITICAL
0.5942,0.277,2223.58,1321.32,249.95,1571.27,70.7,HIGH
0.5006,0.277,2223.58,1113.21,307.6,1420.81,63.9,MODERATE
0.6167,0.277,2223.58,1371.29,236.11,1607.4,72.3,CRITICAL
0.1968,0.277,2223.58,437.57,494.77,932.34,41.9,LOW
0.3683,0.277,2223.58,819.01,389.1,1208.11,54.3,LOW
0.5765,0.277,2223.58,1281.85,260.88,1542.73,69.4,HIGH
0.5965,0.277,2223.58,1326.4,248.54,1574.94,70.8,HIGH
0.4427,0.277,2223.58,984.44,343.27,1327.72,59.7,MODERATE
0.4697,0.277,2223.58,1044.36,326.67,1371.03,61.7,MODERATE
0.488,0.277,2223.58,1085.17,315.37,1400.53,63.0,MODERATE
0.4203,0.277,2223.58,934.66,357.06,1291.73,58.1,MODERATE
0.5348,0.277,2223.58,1189.26,286.53,1475.79,66.4,HIGH
0.4723,0.277,2223.58,1050.11,325.08,1375.19,61.8,MODERATE
0.6344,0.277,2223.58,1410.67,225.19,1635.87,73.6,CRITICAL
0.479,0.277,2223.58,1065.09,320.93,1386.02,62.3,MODERATE
0.5038,0.277,2223.58,1120.19,305.67,1425.85,64.1,MODERATE
0.2783,0.277,2223.58,618.81,444.56,1063.37,47.8,LOW
0.5124,0.277,2223.58,1139.46,300.33,1439.79,64.8,MODERATE
0.4286,0.277,2223.58,953.1,351.95,1305.06,58.7,MODERATE
0.4192,0.277,2223.58,932.15,357.76,1289.91,58.0,MODERATE
0.4818,0.277,2223.58,1071.38,319.19,1390.57,62.5,MODERATE
0.3061,0.277,2223.58,680.55,427.46,1108.01,49.8,LOW
0.4501,0.277,2223.58,1000.82,338.73,1339.56,60.2,MODERATE
0.6406,0.277,2223.58,1424.38,221.4,1645.78,74.0,CRITICAL
0.5597,0.277,2223.58,1244.62,271.2,1515.82,68.2,HIGH
0.3041,0.277,2223.58,676.15,428.68,1104.83,49.7,LOW
0.395,0.277,2223.58,878.36,372.66,1251.02,56.3,MODERATE
0.5789,0.277,2223.58,1287.15,259.42,1546.56,69.6,HIGH
0.4603,0.277,2223.58,1023.58,332.43,1356.01,61.0,MODERATE
0.4275,0.277,2223.58,950.65,352.63,1303.28,58.6,MODERATE
0.5424,0.277,2223.58,1206.04,281.88,1487.93,66.9,HIGH
0.4403,0.277,2223.58,979.0,344.78,1323.78,59.5,MODERATE
0.5184,0.277,2223.58,1152.81,296.63,1449.44,65.2,HIGH
0.6279,0.277,2223.58,1396.15,229.22,1625.37,73.1,CRITICAL
0.4775,0.277,2223.58,1061.75,321.86,1383.61,62.2,MODERATE
0.5971,0.277,2223.58,1327.68,248.19,1575.87,70.9,HIGH
0.4728,0.277,2223.58,1051.21,324.78,1375.98,61.9,MODERATE
0.6535,0.277,2223.58,1453.07,213.45,1666.52,74.9,CRITICAL
0.5152,0.277,2223.58,1145.64,298.62,1444.25,65.0,MODERATE
0.5646,0.277,2223.58,1255.4,268.21,1523.61,68.5,HIGH
0.3751,0.277,2223.58,833.96,384.96,1218.92,54.8,LOW
0.4955,0.277,2223.58,1101.71,310.78,1412.5,63.5,MODERATE
0.4535,0.277,2223.58,1008.3,336.66,1344.96,60.5,MODERATE
0.4561,0.277,2223.58,1014.19,335.03,1349.22,60.7,MODERATE
0.5717,0.277,2223.58,1271.22,263.83,1535.05,69.0,HIGH
0.5196,0.277,2223.58,1155.43,295.9,1451.34,65.3,HIGH
0.3007,0.277,2223.58,668.67,430.75,1099.42,49.4,LOW
0.4795,0.277,2223.58,1066.23,320.61,1386.84,62.4,MODERATE
0.5147,0.277,2223.58,1144.57,298.91,1443.48,64.9,MODERATE
0.5258,0.277,2223.58,1169.17,292.1,1461.27,65.7,HIGH
0.4885,0.277,2223.58,1086.18,315.09,1401.27,63.0,MODERATE
0.4494,0.277,2223.58,999.18,339.19,1338.37,60.2,MODERATE
0.3221,0.277,2223.58,716.24,417.57,1133.81,51.0,LOW
0.5186,0.277,2223.58,1153.16,296.53,1449.69,65.2,HIGH
0.5059,0.277,2223.58,1124.88,304.37,1429.25,64.3,MODERATE
0.3943,0.277,2223.58,876.68,373.12,1249.8,56.2,MODERATE
0.2896,0.277,2223.58,643.93,437.6,1081.53,48.6,LOW
0.5121,0.277,2223.58,1138.77,300.52,1439.29,64.7,MODERATE
0.4294,0.277,2223.58,954.85,351.47,1306.32,58.7,MODERATE
0.5411,0.277,2223.58,1203.09,282.7,1485.79,66.8,HIGH
0.4526,0.277,2223.58,1006.44,337.18,1343.62,60.4,MODERATE
0.4923,0.277,2223.58,1094.57,312.76,1407.33,63.3,MODERATE
0.3745,0.277,2223.58,832.63,385.33,1217.96,54.8,LOW
0.6318,0.277,2223.58,1404.77,226.83,1631.6,73.4,CRITICAL
0.6408,0.277,2223.58,1424.77,221.29,1646.06,74.0,CRITICAL
0.6654,0.277,2223.58,1479.6,206.1,1685.7,75.8,CRITICAL
0.442,0.277,2223.58,982.73,343.75,1326.47,59.7,MODERATE
0.5849,0.277,2223.58,1300.57,255.7,1556.27,70.0,HIGH
0.5149,0.277,2223.58,1144.81,298.85,1443.66,64.9,MODERATE
0.5986,0.277,2223.58,1330.96,247.28,1578.24,71.0,HIGH
0.6173,0.277,2223.58,1372.69,235.72,1608.4,72.3,CRITICAL
0.5149,0.277,2223.58,1144.87,298.83,1443.7,64.9,MODERATE
0.4798,0.277,2223.58,1066.83,320.45,1387.28,62.4,MODERATE
0.5531,0.277,2223.58,1229.8,275.3,1505.1,67.7,HIGH
0.3371,0.277,2223.58,749.63,408.32,1157.95,52.1,LOW
0.1675,0.277,2223.58,372.41,512.82,885.23,39.8,LOW
0.3734,0.277,2223.58,830.34,385.96,1216.3,54.7,LOW
0.5076,0.277,2223.58,1128.6,303.34,1431.94,64.4,MODERATE
0.587,0.277,2223.58,1305.32,254.38,1559.7,70.1,HIGH
0.5927,0.277,2223.58,1317.94,250.88,1568.83,70.6,HIGH
0.5706,0.277,2223.58,1268.78,264.5,1533.29,69.0,HIGH
0.5781,0.277,2223.58,1285.53,259.86,1545.4,69.5,HIGH
0.4241,0.277,2223.58,942.92,354.78,1297.69,58.4,MODERATE
0.6265,0.277,2223.58,1393.1,230.06,1623.16,73.0,CRITICAL
0.3821,0.277,2223.58,849.74,380.59,1230.33,55.3,MODERATE
0.4985,0.277,2223.58,1108.44,308.92,1417.36,63.7,MODERATE
0.6127,0.277,2223.58,1362.47,238.55,1601.02,72.0,CRITICAL
0.4674,0.277,2223.58,1039.29,328.08,1367.37,61.5,MODERATE
0.3956,0.277,2223.58,879.6,372.31,1251.92,56.3,MODERATE
0.5818,0.277,2223.58,1293.67,257.61,1551.28,69.8,HIGH
0.592,0.277,2223.58,1316.36,251.32,1567.68,70.5,HIGH
0.2692,0.277,2223.58,598.62,450.15,1048.78,47.2,LOW
0.5406,0.277,2223.58,1202.08,282.98,1485.06,66.8,HIGH
0.4727,0.277,2223.58,1051.19,324.78,1375.97,61.9,MODERATE
0.4662,0.277,2223.58,1036.57,328.83,1365.4,61.4,MODERATE
0.5707,0.277,2223.58,1269.05,264.43,1533.48,69.0,HIGH
0.5133,0.277,2223.58,1141.39,299.79,1441.18,64.8,MODERATE
0.245,0.277,2223.58,544.87,465.04,1009.91,45.4,LOW
0.5452,0.277,2223.58,1212.35,280.13,1492.49,67.1,HIGH
0.5699,0.277,2223.58,1267.29,264.91,1532.21,68.9,HIGH
0.58,0.277,2223.58,1289.58,258.74,1548.32,69.6,HIGH
0.3905,0.277,2223.58,868.28,375.45,1243.73,55.9,MODERATE
0.4339,0.277,2223.58,964.88,348.69,1313.57,59.1,MODERATE
0.5342,0.277,2223.58,1187.8,286.94,1474.74,66.3,HIGH
0.2578,0.277,2223.58,573.16,457.21,1030.37,46.3,LOW
0.6748,0.277,2223.58,1500.5,200.31,1700.81,76.5,CRITICAL
0.4506,0.277,2223.58,1002.03,338.4,1340.43,60.3,MODERATE
0.4111,0.277,2223.58,914.16,362.74,1276.9,57.4,MODERATE
0.5839,0.277,2223.58,1298.27,256.33,1554.6,69.9,HIGH
0.5069,0.277,2223.58,1127.21,303.72,1430.93,64.4,MODERATE
0.3146,0.277,2223.58,699.62,422.17,1121.79,50.4,LOW
0.614,0.277,2223.58,1365.17,237.8,1602.97,72.1,CRITICAL
0.4826,0.277,2223.58,1073.19,318.69,1391.88,62.6,MODERATE
0.6273,0.277,2223.58,1394.81,229.59,1624.4,73.1,CRITICAL
0.6054,0.277,2223.58,1346.22,243.05,1589.27,71.5,HIGH
0.4179,0.277,2223.58,929.19,358.58,1287.77,57.9,MODERATE
0.6307,0.277,2223.58,1402.46,227.47,1629.93,73.3,CRITICAL
0.5275,0.277,2223.58,1173.04,291.02,1464.07,65.8,HIGH
0.5083,0.277,2223.58,1130.25,302.88,1433.13,64.5,MODERATE
0.5401,0.277,2223.58,1201.04,283.27,1484.31,66.8,HIGH
0.4464,0.277,2223.58,992.54,341.03,1333.57,60.0,MODERATE
0.5766,0.277,2223.58,1282.03,260.83,1542.87,69.4,HIGH
0.2733,0.277,2223.58,607.71,447.64,1055.34,47.5,LOW
0.4975,0.277,2223.58,1106.33,309.51,1415.84,63.7,MODERATE
0.3157,0.277,2223.58,702.03,421.51,1123.54,50.5,LOW
0.6564,0.277,2223.58,1459.47,211.68,1671.15,75.2,CRITICAL
0.4651,0.277,2223.58,1034.18,329.49,1363.68,61.3,MODERATE
0.3505,0.277,2223.58,779.37,400.08,1179.45,53.0,LOW
0.469,0.277,2223.58,1042.76,327.12,1369.88,61.6,MODERATE
0.6489,0.277,2223.58,1442.78,216.3,1659.08,74.6,CRITICAL
0.4149,0.277,2223.58,922.51,360.43,1282.94,57.7,MODERATE
0.4882,0.277,2223.58,1085.51,315.27,1400.79,63.0,MODERATE
0.3821,0.277,2223.58,849.74,380.59,1230.33,55.3,MODERATE
0.5163,0.277,2223.58,1148.03,297.95,1445.98,65.0,HIGH
0.5668,0.277,2223.58,1260.38,266.83,1527.21,68.7,HIGH
0.4891,0.277,2223.58,1087.56,314.71,1402.26,63.1,MODERATE
0.5768,0.277,2223.58,1282.52,260.7,1543.21,69.4,HIGH
0.6319,0.277,2223.58,1405.06,226.75,1631.81,73.4,CRITICAL
0.6591,0.277,2223.58,1465.51,210.01,1675.51,75.4,CRITICAL
0.4301,0.277,2223.58,956.37,351.05,1307.42,58.8,MODERATE
0.5613,0.277,2223.58,1248.06,270.24,1518.3,68.3,HIGH
0.4038,0.277,2223.58,897.94,367.23,1265.17,56.9,MODERATE
0.6723,0.277,2223.58,1495.01,201.83,1696.84,76.3,CRITICAL
0.4671,0.277,2223.58,1038.64,328.26,1366.9,61.5,MODERATE
0.3987,0.277,2223.58,886.62,370.37,1256.99,56.5,MODERATE
0.4402,0.277,2223.58,978.72,344.86,1323.58,59.5,MODERATE
0.403,0.277,2223.58,896.05,367.76,1263.81,56.8,MODERATE
0.6868,0.277,2223.58,1527.21,192.91,1720.12,77.4,CRITICAL
0.424,0.277,2223.58,942.75,354.82,1297.57,58.4,MODERATE
0.4516,0.277,2223.58,1004.06,337.84,1341.9,60.3,MODERATE
0.4924,0.277,2223.58,1095.0,312.65,1407.64,63.3,MODERATE
0.6013,0.277,2223.58,1336.99,245.61,1582.6,71.2,HIGH
0.4174,0.277,2223.58,928.22,358.85,1287.07,57.9,MODERATE
0.6572,0.277,2223.58,1461.32,211.16,1672.49,75.2,CRITICAL
0.3942,0.277,2223.58,876.5,373.17,1249.67,56.2,MODERATE
0.4598,0.277,2223.58,1022.48,332.74,1355.21,60.9,MODERATE
0.5758,0.277,2223.58,1280.42,261.28,1541.7,69.3,HIGH
0.6838,0.277,2223.58,1520.4,194.8,1715.2,77.1,CRITICAL
0.5541,0.277,2223.58,1232.11,274.66,1506.77,67.8,HIGH
0.479,0.277,2223.58,1065.12,320.92,1386.04,62.3,MODERATE
0.3987,0.277,2223.58,886.51,370.4,1256.91,56.5,MODERATE
0.5075,0.277,2223.58,1128.39,303.4,1431.78,64.4,MODERATE
0.4297,0.277,2223.58,955.46,351.3,1306.76,58.8,MODERATE
0.6705,0.277,2223.58,1490.86,202.98,1693.84,76.2,CRITICAL
0.5065,0.277,2223.58,1126.31,303.97,1430.28,64.3,MODERATE
0.3799,0.277,2223.58,844.83,381.95,1226.78,55.2,MODERATE
0.4676,0.277,2223.58,1039.75,327.95,1367.7,61.5,MODERATE
0.5365,0.277,2223.58,1193.04,285.48,1478.53,66.5,HIGH
0.6606,0.277,2223.58,1468.79,209.09,1677.89,75.5,CRITICAL
0.6594,0.277,2223.58,1466.13,209.83,1675.96,75.4,CRITICAL
0.4693,0.277,2223.58,1043.51,326.91,1370.42,61.6,MODERATE
0.4822,0.277,2223.58,1072.26,318.95,1391.2,62.6,MODERATE
0.4285,0.277,2223.58,952.76,352.05,1304.81,58.7,MODERATE
0.5289,0.277,2223.58,1176.0,290.21,1466.2,65.9,HIGH
0.435,0.277,2223.58,967.19,348.05,1315.24,59.1,MODERATE
0.6464,0.277,2223.58,1437.28,217.82,1655.11,74.4,CRITICAL
0.5454,0.277,2223.58,1212.79,280.01,1492.8,67.1,HIGH
0.4143,0.277,2223.58,921.16,360.8,1281.96,57.7,MODERATE
0.5341,0.277,2223.58,1187.66,286.97,1474.64,66.3,HIGH
0.585,0.277,2223.58,1300.82,255.63,1556.45,70.0,HIGH
0.4162,0.277,2223.58,925.39,359.63,1285.02,57.8,MODERATE
0.6158,0.277,2223.58,1369.19,236.69,1605.88,72.2,CRITICAL
0.584,0.277,2223.58,1298.53,256.26,1554.79,69.9,HIGH
0.5041,0.277,2223.58,1120.86,305.48,1426.34,64.1,MODERATE
0.2979,0.277,2223.58,662.44,432.47,1094.92,49.2,LOW
0.6461,0.277,2223.58,1436.64,218.0,1654.64,74.4,CRITICAL
0.5649,0.277,2223.58,1256.11,268.01,1524.12,68.5,HIGH
0.3916,0.277,2223.58,870.69,374.78,1245.48,56.0,MODERATE
0.5626,0.277,2223.58,1250.92,269.45,1520.37,68.4,HIGH
0.4597,0.277,2223.58,1022.22,332.81,1355.02,60.9,MODERATE
0.4045,0.277,2223.58,899.39,366.83,1266.23,56.9,MODERATE
0.5584,0.277,2223.58,1241.69,272.01,1513.69,68.1,HIGH
0.5575,0.277,2223.58,1239.65,272.57,1512.23,68.0,HIGH
0.5523,0.277,2223.58,1228.11,275.77,1503.88,67.6,HIGH
0.3855,0.277,2223.58,857.22,378.52,1235.73,55.6,MODERATE
0.487,0.277,2223.58,1082.94,315.99,1398.92,62.9,MODERATE
0.4308,0.277,2223.58,957.88,350.63,1308.51,58.8,MODERATE
0.6304,0.277,2223.58,1401.77,227.66,1629.43,73.3,CRITICAL
0.4865,0.277,2223.58,1081.68,316.33,1398.01,62.9,MODERATE
0.3701,0.277,2223.58,822.88,388.03,1210.91,54.5,LOW
0.6016,0.277,2223.58,1337.79,245.39,1583.18,71.2,HIGH
0.3898,0.277,2223.58,866.77,375.87,1242.64,55.9,MODERATE
0.6425,0.277,2223.58,1428.56,220.24,1648.8,74.2,CRITICAL
0.4305,0.277,2223.58,957.17,350.83,1308.0,58.8,MODERATE
0.6855,0.277,2223.58,1524.2,193.75,1717.94,77.3,CRITICAL
0.4897,0.277,2223.58,1088.82,314.36,1403.17,63.1,MODERATE
0.482,0.277,2223.58,1071.84,319.06,1390.9,62.6,MODERATE
0.4618,0.277,2223.58,1026.85,331.52,1358.38,61.1,MODERATE
0.5177,0.277,2223.58,1151.16,297.09,1448.25,65.1,HIGH
0.5804,0.277,2223.58,1290.67,258.44,1549.11,69.7,HIGH
0.6553,0.277,2223.58,1457.03,212.35,1669.38,75.1,CRITICAL
0.4434,0.277,2223.58,985.89,342.87,1328.76,59.8,MODERATE
0.4152,0.277,2223.58,923.15,360.25,1283.4,57.7,MODERATE
0.36,0.277,2223.58,800.54,394.22,1194.76,53.7,LOW
0.4893,0.277,2223.58,1087.99,314.59,1402.57,63.1,MODERATE
0.5541,0.277,2223.58,1232.04,274.68,1506.72,67.8,HIGH
0.672,0.277,2223.58,1494.35,202.01,1696.37,76.3,CRITICAL
0.6788,0.277,2223.58,1509.38,197.85,1707.23,76.8,CRITICAL
0.5495,0.277,2223.58,1221.82,277.51,1499.33,67.4,HIGH
0.3078,0.277,2223.58,684.31,426.42,1110.73,50.0,LOW
0.7315,0.277,2223.58,1626.48,165.41,1791.89,80.6,CRITICAL
0.4312,0.277,2223.58,958.83,350.37,1309.2,58.9,MODERATE
0.5221,0.277,2223.58,1160.9,294.39,1455.28,65.4,HIGH
0.5068,0.277,2223.58,1126.83,303.83,1430.66,64.3,MODERATE
0.4837,0.277,2223.58,1075.56,318.03,1393.59,62.7,MODERATE
0.6689,0.277,2223.58,1487.29,203.97,1691.26,76.1,CRITICAL
0.541,0.277,2223.58,1202.95,282.74,1485.69,66.8,HIGH
0.2734,0.277,2223.58,607.85,447.6,1055.45,47.5,LOW
0.5239,0.277,2223.58,1164.89,293.28,1458.17,65.6,HIGH
0.3304,0.277,2223.58,734.59,412.49,1147.08,51.6,LOW
0.3683,0.277,2223.58,819.05,389.09,1208.14,54.3,LOW
0.6328,0.277,2223.58,1406.99,226.21,1633.21,73.4,CRITICAL
0.639,0.277,2223.58,1420.82,222.38,1643.21,73.9,CRITICAL
0.5294,0.277,2223.58,1177.21,289.87,1467.08,66.0,HIGH
0.3514,0.277,2223.58,781.38,399.53,1180.9,53.1,LOW
0.494,0.277,2223.58,1098.42,311.7,1410.12,63.4,MODERATE
0.4646,0.277,2223.58,1033.1,329.79,1362.89,61.3,MODERATE
0.5277,0.277,2223.58,1173.29,290.96,1464.25,65.9,HIGH
0.4892,0.277,2223.58,1087.73,314.66,1402.39,63.1,MODERATE
0.5015,0.277,2223.58,1115.16,307.06,1422.22,64.0,MODERATE
0.4203,0.277,2223.58,934.64,357.07,1291.71,58.1,MODERATE
0.6547,0.277,2223.58,1455.78,212.7,1668.48,75.0,CRITICAL
0.4312,0.277,2223.58,958.83,350.37,1309.19,58.9,MODERATE
0.4845,0.277,2223.58,1077.31,317.55,1394.85,62.7,MODERATE
0.406,0.277,2223.58,902.86,365.87,1268.73,57.1,MODERATE
0.6521,0.277,2223.58,1450.06,214.29,1664.34,74.8,CRITICAL
0.3962,0.277,2223.58,880.92,371.95,1252.87,56.3,MODERATE
0.416,0.277,2223.58,924.96,359.75,1284.71,57.8,MODERATE
0.4063,0.277,2223.58,903.38,365.73,1269.11,57.1,MODERATE
0.5144,0.277,2223.58,1143.77,299.13,1442.91,64.9,MODERATE
0.414,0.277,2223.58,920.66,360.94,1281.6,57.6,MODERATE
0.4716,0.277,2223.58,1048.59,325.5,1374.09,61.8,MODERATE
0.5341,0.277,2223.58,1187.66,286.97,1474.64,66.3,HIGH
0.5483,0.277,2223.58,1219.25,278.23,1497.47,67.3,HIGH
0.4848,0.277,2223.58,1077.89,317.38,1395.28,62.7,MODERATE
0.4784,0.277,2223.58,1063.67,321.32,1385.0,62.3,MODERATE
0.5262,0.277,2223.58,1170.03,291.86,1461.89,65.7,HIGH
0.4727,0.277,2223.58,1051.05,324.82,1375.87,61.9,MODERATE
0.5575,0.277,2223.58,1239.71,272.56,1512.27,68.0,HIGH
0.5924,0.277,2223.58,1317.2,251.09,1568.29,70.5,HIGH
0.4078,0.277,2223.58,906.79,364.78,1271.58,57.2,MODERATE
0.5048,0.277,2223.58,1122.38,305.06,1427.44,64.2,MODERATE
0.6064,0.277,2223.58,1348.39,242.45,1590.84,71.5,HIGH
0.2995,0.277,2223.58,666.04,431.48,1097.52,49.4,LOW
0.4385,0.277,2223.58,975.06,345.87,1320.93,59.4,MODERATE
0.4153,0.277,2223.58,923.51,360.15,1283.66,57.7,MODERATE
0.5244,0.277,2223.58,1166.1,292.95,1459.05,65.6,HIGH
0.4709,0.277,2223.58,1047.03,325.93,1372.96,61.7,MODERATE
0.5814,0.277,2223.58,1292.85,257.84,1550.69,69.7,HIGH
0.5458,0.277,2223.58,1213.67,279.77,1493.44,67.2,HIGH
0.5459,0.277,2223.58,1213.87,279.71,1493.58,67.2,HIGH
0.5495,0.277,2223.58,1221.85,277.5,1499.35,67.4,HIGH
0.2017,0.277,2223.58,448.51,491.74,940.25,42.3,LOW
0.4036,0.277,2223.58,897.33,367.4,1264.74,56.9,MODERATE
0.43,0.277,2223.58,956.06,351.14,1307.19,58.8,MODERATE
0.488,0.277,2223.58,1085.12,315.38,1400.5,63.0,MODERATE
0.4367,0.277,2223.58,971.01,346.99,1318.0,59.3,MODERATE
0.4602,0.277,2223.58,1023.25,332.52,1355.77,61.0,MODERATE
0.4963,0.277,2223.58,1103.66,310.25,1413.9,63.6,MODERATE
0.5069,0.277,2223.58,1127.03,303.77,1430.8,64.3,MODERATE
0.426,0.277,2223.58,947.29,353.56,1300.86,58.5,MODERATE
0.5836,0.277,2223.58,1297.71,256.49,1554.2,69.9,HIGH
0.4484,0.277,2223.58,997.09,339.77,1336.86,60.1,MODERATE
0.5734,0.277,2223.58,1274.91,262.81,1537.71,69.2,HIGH
0.4395,0.277,2223.58,977.21,345.28,1322.48,59.5,MODERATE
0.5633,0.277,2223.58,1252.45,269.03,1521.48,68.4,HIGH
0.6581,0.277,2223.58,1463.28,210.62,1673.9,75.3,CRITICAL
0.5666,0.277,2223.58,1259.79,266.99,1526.78,68.7,HIGH
0.6591,0.277,2223.58,1465.65,209.97,1675.61,75.4,CRITICAL
0.5624,0.277,2223.58,1250.52,269.56,1520.08,68.4,HIGH
0.3852,0.277,2223.58,856.44,378.73,1235.17,55.5,MODERATE
0.3144,0.277,2223.58,699.18,422.3,1121.47,50.4,LOW
0.3423,0.277,2223.58,761.23,405.11,1166.33,52.5,LOW
0.4029,0.277,2223.58,895.99,367.77,1263.77,56.8,MODERATE
0.5626,0.277,2223.58,1251.02,269.42,1520.45,68.4,HIGH
0.3298,0.277,2223.58,733.44,412.81,1146.25,51.5,LOW
0.4162,0.277,2223.58,925.4,359.63,1285.03,57.8,MODERATE
0.5948,0.277,2223.58,1322.63,249.59,1572.22,70.7,HIGH
0.4901,0.277,2223.58,1089.79,314.09,1403.88,63.1,MODERATE
0.6184,0.277,2223.58,1375.07,235.06,1610.13,72.4,CRITICAL
0.4106,0.277,2223.58,913.1,363.03,1276.14,57.4,MODERATE
0.5516,0.277,2223.58,1226.48,276.22,1502.7,67.6,HIGH
0.4204,0.277,2223.58,934.9,357.0,1291.89,58.1,MODERATE
0.4638,0.277,2223.58,1031.2,330.32,1361.52,61.2,MODERATE
0.5817,0.277,2223.58,1293.36,257.69,1551.05,69.8,HIGH
0.4988,0.277,2223.58,1109.19,308.71,1417.9,63.8,MODERATE
0.4594,0.277,2223.58,1021.46,333.02,1354.48,60.9,MODERATE
0.5421,0.277,2223.58,1205.34,282.08,1487.42,66.9,HIGH
0.4897,0.277,2223.58,1088.84,314.35,1403.19,63.1,MODERATE
0.5681,0.277,2223.58,1263.27,266.03,1529.3,68.8,HIGH
0.5751,0.277,2223.58,1278.68,261.76,1540.44,69.3,HIGH
0.6107,0.277,2223.58,1357.88,239.82,1597.7,71.9,HIGH
0.5506,0.277,2223.58,1224.38,276.8,1501.19,67.5,HIGH
0.4309,0.277,2223.58,958.15,350.55,1308.71,58.9,MODERATE
0.6678,0.277,2223.58,1484.81,204.66,1689.47,76.0,CRITICAL
0.2865,0.277,2223.58,637.06,439.5,1076.57,48.4,LOW
0.359,0.277,2223.58,798.37,394.82,1193.19,53.7,LOW
0.2724,0.277,2223.58,605.72,448.19,1053.91,47.4,LOW
0.5379,0.277,2223.58,1196.17,284.62,1480.79,66.6,HIGH
0.5925,0.277,2223.58,1317.57,250.99,1568.56,70.5,HIGH
0.5293,0.277,2223.58,1176.99,289.93,1466.92,66.0,HIGH
0.578,0.277,2223.58,1285.31,259.92,1545.24,69.5,HIGH
0.2777,0.277,2223.58,617.56,444.91,1062.47,47.8,LOW
0.3854,0.277,2223.58,856.89,378.61,1235.5,55.6,MODERATE
0.5997,0.277,2223.58,1333.37,246.61,1579.98,71.1,HIGH
0.5618,0.277,2223.58,1249.32,269.9,1519.21,68.3,HIGH
0.4968,0.277,2223.58,1104.7,309.96,1414.66,63.6,MODERATE
0.1916,0.277,2223.58,426.08,497.95,924.03,41.6,LOW
0.568,0.277,2223.58,1262.97,266.11,1529.08,68.8,HIGH
0.4745,0.277,2223.58,1055.05,323.71,1378.76,62.0,MODERATE
0.3527,0.277,2223.58,784.24,398.73,1182.97,53.2,LOW
0.6134,0.277,2223.58,1364.04,238.11,1602.15,72.1,CRITICAL
0.3842,0.277,2223.58,854.21,379.35,1233.56,55.5,MODERATE
0.4167,0.277,2223.58,926.66,359.28,1285.94,57.8,MODERATE
0.3827,0.277,2223.58,850.95,380.25,1231.2,55.4,MODERATE
0.5902,0.277,2223.58,1312.3,252.45,1564.75,70.4,HIGH
0.506,0.277,2223.58,1125.11,304.3,1429.41,64.3,MODERATE
0.1784,0.277,2223.58,396.64,506.11,902.74,40.6,LOW
0.3339,0.277,2223.58,742.5,410.29,1152.8,51.8,LOW
0.4158,0.277,2223.58,924.51,359.87,1284.39,57.8,MODERATE
0.4501,0.277,2223.58,1000.87,338.72,1339.59,60.2,MODERATE
0.399,0.277,2223.58,887.19,370.21,1257.4,56.5,MODERATE
0.4395,0.277,2223.58,977.3,345.25,1322.55,59.5,MODERATE
0.6554,0.277,2223.58,1457.43,212.24,1669.67,75.1,CRITICAL
0.4981,0.277,2223.58,1107.62,309.15,1416.77,63.7,MODERATE
0.5325,0.277,2223.58,1183.96,288.0,1471.96,66.2,HIGH
0.4175,0.277,2223.58,928.32,358.82,1287.14,57.9,MODERATE
0.5096,0.277,2223.58,1133.04,302.11,1435.15,64.5,MODERATE
0.3941,0.277,2223.58,876.35,373.22,1249.56,56.2,MODERATE
0.5341,0.277,2223.58,1187.62,286.99,1474.6,66.3,HIGH
0.3056,0.277,2223.58,679.42,427.77,1107.19,49.8,LOW
0.3738,0.277,2223.58,831.1,385.75,1216.85,54.7,LOW
0.3698,0.277,2223.58,822.37,388.17,1210.54,54.4,LOW
0.603,0.277,2223.58,1340.92,244.52,1585.44,71.3,HIGH
0.4159,0.277,2223.58,924.79,359.8,1284.58,57.8,MODERATE
0.6098,0.277,2223.58,1355.88,240.37,1596.25,71.8,HIGH
0.4103,0.277,2223.58,912.39,363.23,1275.62,57.4,MODERATE
0.5188,0.277,2223.58,1153.56,296.42,1449.99,65.2,HIGH
0.5213,0.277,2223.58,1159.24,294.85,1454.09,65.4,HIGH
0.4904,0.277,2223.58,1090.35,313.93,1404.29,63.2,MODERATE
0.5311,0.277,2223.58,1180.99,288.82,1469.81,66.1,HIGH
0.5505,0.277,2223.58,1224.04,276.9,1500.94,67.5,HIGH
0.424,0.277,2223.58,942.81,354.81,1297.61,58.4,MODERATE
0.4147,0.277,2223.58,922.12,360.54,1282.65,57.7,MODERATE
0.6034,0.277,2223.58,1341.78,244.28,1586.06,71.3,HIGH
0.3788,0.277,2223.58,842.21,382.67,1224.88,55.1,MODERATE
0.5116,0.277,2223.58,1137.63,300.83,1438.46,64.7,MODERATE
0.4655,0.277,2223.58,1035.0,329.27,1364.26,61.4,MODERATE
0.4652,0.277,2223.58,1034.42,329.43,1363.85,61.3,MODERATE
0.4649,0.277,2223.58,1033.7,329.63,1363.32,61.3,MODERATE
0.518,0.277,2223.58,1151.87,296.89,1448.76,65.2,HIGH
0.406,0.277,2223.58,902.76,365.9,1268.66,57.1,MODERATE
0.4658,0.277,2223.58,1035.81,329.04,1364.85,61.4,MODERATE
0.6082,0.277,2223.58,1352.41,241.34,1593.75,71.7,HIGH
0.3841,0.277,2223.58,854.01,379.4,1233.41,55.5,MODERATE
0.5712,0.277,2223.58,1270.21,264.11,1534.32,69.0,HIGH
0.361,0.277,2223.58,802.73,393.61,1196.34,53.8,LOW
0.4906,0.277,2223.58,1090.8,313.81,1404.61,63.2,MODERATE
0.5415,0.277,2223.58,1204.18,282.4,1486.58,66.9,HIGH
0.5374,0.277,2223.58,1194.87,284.98,1479.85,66.6,HIGH
0.5617,0.277,2223.58,1248.96,269.99,1518.96,68.3,HIGH
0.4301,0.277,2223.58,956.42,351.03,1307.45,58.8,MODERATE
0.5596,0.277,2223.58,1244.42,271.25,1515.67,68.2,HIGH
0.2572,0.277,2223.58,571.81,457.58,1029.39,46.3,LOW
0.5229,0.277,2223.58,1162.64,293.91,1456.55,65.5,HIGH
0.4378,0.277,2223.58,973.55,346.29,1319.84,59.4,MODERATE
0.4483,0.277,2223.58,996.72,339.87,1336.59,60.1,MODERATE
0.2769,0.277,2223.58,615.69,445.42,1061.11,47.7,LOW
0.4804,0.277,2223.58,1068.19,320.07,1388.26,62.4,MODERATE
0.6331,0.277,2223.58,1407.79,225.99,1633.78,73.5,CRITICAL
0.3703,0.277,2223.58,823.28,387.92,1211.2,54.5,LOW
0.459,0.277,2223.58,1020.72,333.22,1353.94,60.9,MODERATE
0.5436,0.277,2223.58,1208.79,281.12,1489.91,67.0,HIGH
0.4713,0.277,2223.58,1047.91,325.69,1373.6,61.8,MODERATE
0.4425,0.277,2223.58,984.0,343.39,1327.39,59.7,MODERATE
0.3545,0.277,2223.58,788.22,397.63,1185.85,53.3,LOW
0.4062,0.277,2223.58,903.25,365.76,1269.01,57.1,MODERATE
0.6096,0.277,2223.58,1355.47,240.49,1595.96,71.8,HIGH
0.5537,0.277,2223.58,1231.25,274.9,1506.15,67.7,HIGH
0.4971,0.277,2223.58,1105.26,309.8,1415.06,63.6,MODERATE
0.4383,0.277,2223.58,974.57,346.01,1320.58,59.4,MODERATE
0.3792,0.277,2223.58,843.11,382.42,1225.53,55.1,MODERATE
0.4083,0.277,2223.58,907.85,364.49,1272.34,57.2,MODERATE
0.6104,0.277,2223.58,1357.36,239.96,1597.32,71.8,HIGH
0.4587,0.277,2223.58,1019.91,333.45,1353.36,60.9,MODERATE
0.5086,0.277,2223.58,1130.85,302.71,1433.57,64.5,MODERATE
0.4279,0.277,2223.58,951.47,352.4,1303.88,58.6,MODERATE
0.3586,0.277,2223.58,797.48,395.06,1192.55,53.6,LOW
0.4691,0.277,2223.58,1042.99,327.05,1370.04,61.6,MODERATE
0.5386,0.277,2223.58,1197.54,284.24,1481.78,66.6,HIGH
0.3912,0.277,2223.58,869.86,375.01,1244.87,56.0,MODERATE
0.514,0.277,2223.58,1142.83,299.39,1442.23,64.9,MODERATE
0.6028,0.277,2223.58,1340.34,244.68,1585.02,71.3,HIGH
0.5256,0.277,2223.58,1168.73,292.22,1460.95,65.7,HIGH
0.6382,0.277,2223.58,1418.99,222.89,1641.88,73.8,CRITICAL
0.4982,0.277,2223.58,1107.86,309.08,1416.94,63.7,MODERATE
0.5829,0.277,2223.58,1296.06,256.95,1553.0,69.8,HIGH
0.5665,0.277,2223.58,1259.7,267.02,1526.72,68.7,HIGH
0.5291,0.277,2223.58,1176.4,290.09,1466.5,66.0,HIGH
0.5459,0.277,2223.58,1213.82,279.73,1493.55,67.2,HIGH
0.6324,0.277,2223.58,1406.18,226.44,1632.62,73.4,CRITICAL
0.5586,0.277,2223.58,1242.2,271.87,1514.07,68.1,HIGH
0.3817,0.277,2223.58,848.75,380.86,1229.61,55.3,MODERATE
0.3374,0.277,2223.58,750.32,408.13,1158.45,52.1,LOW
0.588,0.277,2223.58,1307.48,253.78,1561.26,70.2,HIGH
0.4174,0.277,2223.58,928.03,358.9,1286.93,57.9,MODERATE
0.6074,0.277,2223.58,1350.54,241.85,1592.39,71.6,HIGH
0.5523,0.277,2223.58,1227.98,275.81,1503.79,67.6,HIGH
0.2508,0.277,2223.58,557.63,461.51,1019.14,45.8,LOW
0.5938,0.277,2223.58,1320.4,250.2,1570.61,70.6,HIGH
0.3745,0.277,2223.58,832.75,385.29,1218.04,54.8,LOW
0.5414,0.277,2223.58,1203.78,282.51,1486.29,66.8,HIGH
0.3981,0.277,2223.58,885.27,370.74,1256.02,56.5,MODERATE
0.398,0.277,2223.58,885.04,370.81,1255.85,56.5,MODERATE
0.505,0.277,2223.58,1122.84,304.93,1427.77,64.2,MODERATE
0.5425,0.277,2223.58,1206.32,281.81,1488.13,66.9,HIGH
0.2274,0.277,2223.58,505.67,475.9,981.57,44.1,LOW
0.563,0.277,2223.58,1251.98,269.16,1521.14,68.4,HIGH
0.3708,0.277,2223.58,824.45,387.59,1212.04,54.5,LOW
0.5876,0.277,2223.58,1306.53,254.05,1560.57,70.2,HIGH
0.5838,0.277,2223.58,1298.17,256.36,1554.53,69.9,HIGH
0.5484,0.277,2223.58,1219.4,278.18,1497.58,67.4,HIGH
0.4691,0.277,2223.58,1043.06,327.03,1370.09,61.6,MODERATE
0.4237,0.277,2223.58,942.08,355.01,1297.09,58.3,MODERATE
0.4737,0.277,2223.58,1053.41,324.17,1377.57,62.0,MODERATE
0.5817,0.277,2223.58,1293.39,257.68,1551.08,69.8,HIGH
0.5879,0.277,2223.58,1307.16,253.87,1561.03,70.2,HIGH
0.5923,0.277,2223.58,1317.14,251.11,1568.24,70.5,HIGH
0.415,0.277,2223.58,922.86,360.33,1283.19,57.7,MODERATE
0.528,0.277,2223.58,1174.0,290.76,1464.76,65.9,HIGH
0.5052,0.277,2223.58,1123.44,304.77,1428.21,64.2,MODERATE
0.5727,0.277,2223.58,1273.35,263.24,1536.59,69.1,HIGH
0.5614,0.277,2223.58,1248.41,270.15,1518.56,68.3,HIGH
0.544,0.277,2223.58,1209.7,280.87,1490.57,67.0,HIGH
0.4078,0.277,2223.58,906.78,364.78,1271.57,57.2,MODERATE
0.557,0.277,2223.58,1238.54,272.88,1511.42,68.0,HIGH
0.3766,0.277,2223.58,837.44,384.0,1221.43,54.9,LOW
0.4011,0.277,2223.58,891.81,368.93,1260.75,56.7,MODERATE
0.449,0.277,2223.58,998.48,339.38,1337.86,60.2,MODERATE
0.5727,0.277,2223.58,1273.35,263.24,1536.59,69.1,HIGH
0.2861,0.277,2223.58,636.19,439.74,1075.94,48.4,LOW
0.5198,0.277,2223.58,1155.77,295.81,1451.58,65.3,HIGH
0.5591,0.277,2223.58,1243.22,271.58,1514.8,68.1,HIGH
0.4836,0.277,2223.58,1075.27,318.11,1393.38,62.7,MODERATE
0.5468,0.277,2223.58,1215.86,279.16,1495.02,67.2,HIGH
0.5061,0.277,2223.58,1125.4,304.22,1429.62,64.3,MODERATE
0.3921,0.277,2223.58,871.8,374.48,1246.27,56.0,MODERATE
0.4724,0.277,2223.58,1050.41,325.0,1375.41,61.9,MODERATE
0.6098,0.277,2223.58,1355.91,240.37,1596.28,71.8,HIGH
0.421,0.277,2223.58,936.05,356.68,1292.73,58.1,MODERATE
0.4985,0.277,2223.58,1108.54,308.89,1417.43,63.7,MODERATE
0.4385,0.277,2223.58,975.13,345.85,1320.98,59.4,MODERATE
0.6362,0.277,2223.58,1414.57,224.12,1638.68,73.7,CRITICAL
0.5601,0.277,2223.58,1245.37,270.99,1516.36,68.2,HIGH
0.6046,0.277,2223.58,1344.29,243.58,1587.88,71.4,HIGH
0.5158,0.277,2223.58,1146.87,298.27,1445.15,65.0,MODERATE
0.49,0.277,2223.58,1089.49,314.17,1403.66,63.1,MODERATE
0.5477,0.277,2223.58,1217.84,278.61,1496.46,67.3,HIGH
0.4453,0.277,2223.58,990.09,341.71,1331.8,59.9,MODERATE
0.488,0.277,2223.58,1085.07,315.39,1400.47,63.0,MODERATE
0.526,0.277,2223.58,1169.52,292.0,1461.52,65.7,HIGH
0.4272,0.277,2223.58,949.88,352.84,1302.73,58.6,MODERATE
0.5817,0.277,2223.58,1293.56,257.64,1551.2,69.8,HIGH
0.4755,0.277,2223.58,1057.31,323.09,1380.39,62.1,MODERATE
0.5661,0.277,2223.58,1258.85,267.25,1526.11,68.6,HIGH
0.5838,0.277,2223.58,1298.08,256.39,1554.46,69.9,HIGH
0.4185,0.277,2223.58,930.65,358.17,1288.82,58.0,MODERATE
0.4208,0.277,2223.58,935.73,356.77,1292.5,58.1,MODERATE
0.569,0.277,2223.58,1265.22,265.49,1530.71,68.8,HIGH
0.6009,0.277,2223.58,1336.19,245.83,1582.02,71.1,HIGH
0.6382,0.277,2223.58,1419.09,222.86,1641.95,73.8,CRITICAL
0.3999,0.277,2223.58,889.21,369.65,1258.86,56.6,MODERATE
0.3709,0.277,2223.58,824.81,387.49,1212.31,54.5,LOW
0.6095,0.277,2223.58,1355.23,240.55,1595.78,71.8,HIGH
0.5949,0.277,2223.58,1322.75,249.55,1572.3,70.7,HIGH
0.4073,0.277,2223.58,905.59,365.12,1270.7,57.1,MODERATE
0.3428,0.277,2223.58,762.15,404.85,1167.0,52.5,LOW
0.4438,0.277,2223.58,986.9,342.59,1329.49,59.8,MODERATE
0.4647,0.277,2223.58,1033.26,329.75,1363.01,61.3,MODERATE
0.5149,0.277,2223.58,1144.97,298.8,1443.77,64.9,MODERATE
0.497,0.277,2223.58,1105.12,309.84,1414.96,63.6,MODERATE
0.5233,0.277,2223.58,1163.68,293.62,1457.3,65.5,HIGH
0.6082,0.277,2223.58,1352.37,241.35,1593.72,71.7,HIGH
0.3765,0.277,2223.58,837.07,384.1,1221.17,54.9,LOW
0.553,0.277,2223.58,1229.61,275.35,1504.96,67.7,HIGH
0.5067,0.277,2223.58,1126.59,303.89,1430.48,64.3,MODERATE
0.3042,0.277,2223.58,676.51,428.58,1105.09,49.7,LOW
0.2993,0.277,2223.58,665.43,431.65,1097.07,49.3,LOW
0.4027,0.277,2223.58,895.34,367.96,1263.29,56.8,MODERATE
0.6009,0.277,2223.58,1336.16,245.84,1582.0,71.1,HIGH
0.6461,0.277,2223.58,1436.76,217.97,1654.73,74.4,CRITICAL
0.4426,0.277,2223.58,984.26,343.32,1327.58,59.7,MODERATE
0.4784,0.277,2223.58,1063.87,321.27,1385.14,62.3,MODERATE
0.3961,0.277,2223.58,880.7,372.01,1252.71,56.3,MODERATE
0.5006,0.277,2223.58,1113.08,307.64,1420.72,63.9,MODERATE
0.7021,0.277,2223.58,1561.25,183.48,1744.73,78.5,CRITICAL
0.5788,0.277,2223.58,1286.91,259.48,1546.39,69.5,HIGH
0.4207,0.277,2223.58,935.4,356.86,1292.25,58.1,MODERATE
0.4311,0.277,2223.58,958.7,350.4,1309.1,58.9,MODERATE
0.3672,0.277,2223.58,816.5,389.79,1206.3,54.3,LOW
0.4248,0.277,2223.58,944.51,354.33,1298.84,58.4,MODERATE
0.3335,0.277,2223.58,741.54,410.56,1152.1,51.8,LOW
0.6255,0.277,2223.58,1390.92,230.67,1621.59,72.9,CRITICAL
0.4899,0.277,2223.58,1089.42,314.19,1403.61,63.1,MODERATE
0.4174,0.277,2223.58,928.23,358.84,1287.07,57.9,MODERATE
0.4193,0.277,2223.58,932.43,357.68,1290.11,58.0,MODERATE
0.4415,0.277,2223.58,981.74,344.02,1325.76,59.6,MODERATE
0.587,0.277,2223.58,1305.18,254.42,1559.6,70.1,HIGH
0.5125,0.277,2223.58,1139.67,300.27,1439.94,64.8,MODERATE
0.32,0.277,2223.58,711.46,418.89,1130.35,50.8,LOW
0.6216,0.277,2223.58,1382.2,233.08,1615.28,72.6,CRITICAL
0.4394,0.277,2223.58,977.15,345.29,1322.44,59.5,MODERATE
0.4413,0.277,2223.58,981.35,344.13,1325.47,59.6,MODERATE
0.4314,0.277,2223.58,959.24,350.25,1309.49,58.9,MODERATE
0.601,0.277,2223.58,1336.45,245.76,1582.21,71.2,HIGH
0.5532,0.277,2223.58,1230.02,275.24,1505.26,67.7,HIGH
0.4481,0.277,2223.58,996.28,339.99,1336.27,60.1,MODERATE
0.5551,0.277,2223.58,1234.26,274.07,1508.33,67.8,HIGH
0.4819,0.277,2223.58,1071.48,319.16,1390.64,62.5,MODERATE
0.5483,0.277,2223.58,1219.3,278.21,1497.51,67.3,HIGH
0.4307,0.277,2223.58,957.64,350.7,1308.34,58.8,MODERATE
0.5677,0.277,2223.58,1262.35,266.28,1528.63,68.7,HIGH
0.4494,0.277,2223.58,999.25,339.17,1338.42,60.2,MODERATE
0.2796,0.277,2223.58,621.79,443.73,1065.53,47.9,LOW
0.5921,0.277,2223.58,1316.56,251.27,1567.82,70.5,HIGH
0.6305,0.277,2223.58,1402.0,227.6,1629.6,73.3,CRITICAL
0.4913,0.277,2223.58,1092.4,313.37,1405.76,63.2,MODERATE
0.6639,0.277,2223.58,1476.14,207.06,1683.2,75.7,CRITICAL
0.5428,0.277,2223.58,1206.93,281.64,1488.57,66.9,HIGH
0.3735,0.277,2223.58,830.6,385.89,1216.49,54.7,LOW
0.3389,0.277,2223.58,753.55,407.23,1160.78,52.2,LOW
0.5661,0.277,2223.58,1258.69,267.3,1525.99,68.6,HIGH
0.6335,0.277,2223.58,1408.65,225.76,1634.41,73.5,CRITICAL
0.4128,0.277,2223.58,917.91,361.7,1279.61,57.5,MODERATE
0.4742,0.277,2223.58,1054.46,323.88,1378.33,62.0,MODERATE
0.6457,0.277,2223.58,1435.66,218.27,1653.93,74.4,CRITICAL
0.5016,0.277,2223.58,1115.45,306.98,1422.43,64.0,MODERATE
0.6824,0.277,2223.58,1517.35,195.64,1712.99,77.0,CRITICAL
0.4344,0.277,2223.58,965.91,348.4,1314.32,59.1,MODERATE
0.504,0.277,2223.58,1120.59,305.56,1426.15,64.1,MODERATE
0.4559,0.277,2223.58,1013.82,335.13,1348.95,60.7,MODERATE
0.5668,0.277,2223.58,1260.22,266.88,1527.09,68.7,HIGH
0.4193,0.277,2223.58,932.3,357.71,1290.02,58.0,MODERATE
0.5172,0.277,2223.58,1150.07,297.39,1447.46,65.1,HIGH
0.5034,0.277,2223.58,1119.41,305.88,1425.29,64.1,MODERATE
0.3528,0.277,2223.58,784.53,398.65,1183.19,53.2,LOW
0.4717,0.277,2223.58,1048.95,325.4,1374.35,61.8,MODERATE
0.55,0.277,2223.58,1222.89,277.21,1500.11,67.5,HIGH
0.6866,0.277,2223.58,1526.75,193.04,1719.79,77.3,CRITICAL
0.425,0.277,2223.58,945.08,354.18,1299.26,58.4,MODERATE
0.4139,0.277,2223.58,920.3,361.04,1281.34,57.6,MODERATE
0.4978,0.277,2223.58,1106.83,309.37,1416.2,63.7,MODERATE
0.3941,0.277,2223.58,876.27,373.24,1249.5,56.2,MODERATE
0.2901,0.277,2223.58,645.1,437.28,1082.38,48.7,LOW
0.551,0.277,2223.58,1225.16,276.59,1501.75,67.5,HIGH
0.4244,0.277,2223.58,943.64,354.58,1298.21,58.4,MODERATE
0.6337,0.277,2223.58,1409.0,225.66,1634.66,73.5,CRITICAL
0.7082,0.277,2223.58,1574.63,179.77,1754.41,78.9,CRITICAL
0.5719,0.277,2223.58,1271.6,263.72,1535.32,69.0,HIGH
0.403,0.277,2223.58,896.04,367.76,1263.8,56.8,MODERATE
0.2448,0.277,2223.58,544.24,465.22,1009.46,45.4,LOW
0.435,0.277,2223.58,967.37,348.0,1315.37,59.2,MODERATE
0.4513,0.277,2223.58,1003.44,338.01,1341.45,60.3,MODERATE
0.5473,0.277,2223.58,1216.86,278.89,1495.75,67.3,HIGH
0.4322,0.277,2223.58,961.11,349.74,1310.84,59.0,MODERATE
0.3899,0.277,2223.58,866.89,375.84,1242.73,55.9,MODERATE
0.4924,0.277,2223.58,1094.93,312.66,1407.6,63.3,MODERATE
0.3321,0.277,2223.58,738.52,411.4,1149.92,51.7,LOW
0.4044,0.277,2223.58,899.14,366.9,1266.04,56.9,MODERATE
0.5299,0.277,2223.58,1178.25,289.58,1467.83,66.0,HIGH
0.4523,0.277,2223.58,1005.72,337.38,1343.1,60.4,MODERATE
0.4748,0.277,2223.58,1055.69,323.53,1379.23,62.0,MODERATE
0.5761,0.277,2223.58,1280.93,261.14,1542.07,69.4,HIGH
0.3937,0.277,2223.58,875.46,373.46,1248.92,56.2,MODERATE
0.4915,0.277,2223.58,1092.95,313.21,1406.16,63.2,MODERATE
0.5034,0.277,2223.58,1119.39,305.89,1425.28,64.1,MODERATE
0.1818,0.277,2223.58,404.24,504.0,908.24,40.8,LOW
0.401,0.277,2223.58,891.72,368.96,1260.68,56.7,MODERATE
0.4625,0.277,2223.58,1028.36,331.1,1359.47,61.1,MODERATE
0.5896,0.277,2223.58,1311.0,252.81,1563.81,70.3,HIGH
0.5048,0.277,2223.58,1122.49,305.03,1427.52,64.2,MODERATE
0.6969,0.277,2223.58,1549.72,186.67,1736.4,78.1,CRITICAL
0.5542,0.277,2223.58,1232.3,274.61,1506.91,67.8,HIGH
0.595,0.277,2223.58,1322.95,249.5,1572.45,70.7,HIGH
0.6048,0.277,2223.58,1344.72,243.47,1588.18,71.4,HIGH
0.5023,0.277,2223.58,1116.9,306.58,1423.48,64.0,MODERATE
0.3692,0.277,2223.58,820.86,388.59,1209.45,54.4,LOW
0.4634,0.277,2223.58,1030.44,330.53,1360.97,61.2,MODERATE
0.4645,0.277,2223.58,1032.87,329.86,1362.73,61.3,MODERATE
0.5405,0.277,2223.58,1201.78,283.06,1484.84,66.8,HIGH
0.6636,0.277,2223.58,1475.57,207.22,1682.78,75.7,CRITICAL
0.4402,0.277,2223.58,978.82,344.83,1323.65,59.5,MODERATE
0.5341,0.277,2223.58,1187.66,286.98,1474.63,66.3,HIGH
0.4308,0.277,2223.58,957.92,350.62,1308.54,58.8,MODERATE
0.4251,0.277,2223.58,945.19,354.15,1299.34,58.4,MODERATE
0.5821,0.277,2223.58,1294.28,257.44,1551.72,69.8,HIGH
0.5845,0.277,2223.58,1299.65,255.95,1555.6,70.0,HIGH
0.4014,0.277,2223.58,892.62,368.71,1261.33,56.7,MODERATE
0.3692,0.277,2223.58,821.0,388.55,1209.55,54.4,LOW
0.6256,0.277,2223.58,1390.98,230.65,1621.63,72.9,CRITICAL
0.4238,0.277,2223.58,942.27,354.96,1297.22,58.3,MODERATE
0.3094,0.277,2223.58,687.87,425.43,1113.3,50.1,LOW
0.4732,0.277,2223.58,1052.14,324.52,1376.66,61.9,MODERATE
0.3878,0.277,2223.58,862.39,377.08,1239.47,55.7,MODERATE
0.6565,0.277,2223.58,1459.74,211.6,1671.35,75.2,CRITICAL
0.6154,0.277,2223.58,1368.3,236.93,1605.23,72.2,CRITICAL
0.6055,0.277,2223.58,1346.3,243.03,1589.33,71.5,HIGH
0.4862,0.277,2223.58,1081.07,316.5,1397.57,62.9,MODERATE
0.4401,0.277,2223.58,978.7,344.86,1323.56,59.5,MODERATE
0.6911,0.277,2223.58,1536.73,190.27,1727.01,77.7,CRITICAL
0.42,0.277,2223.58,933.8,357.3,1291.1,58.1,MODERATE
0.3684,0.277,2223.58,819.28,389.03,1208.3,54.3,LOW
0.532,0.277,2223.58,1182.85,288.31,1471.16,66.2,HIGH
0.3825,0.277,2223.58,850.44,380.39,1230.84,55.4,MODERATE
0.4636,0.277,2223.58,1030.89,330.4,1361.3,61.2,MODERATE
0.383,0.277,2223.58,851.56,380.08,1231.64,55.4,MODERATE
0.6582,0.277,2223.58,1463.49,210.56,1674.06,75.3,CRITICAL
0.668,0.277,2223.58,1485.37,204.5,1689.87,76.0,CRITICAL
0.4322,0.277,2223.58,961.1,349.74,1310.84,59.0,MODERATE
0.4269,0.277,2223.58,949.32,353.0,1302.32,58.6,MODERATE
0.4933,0.277,2223.58,1096.85,312.13,1408.98,63.4,MODERATE
0.4637,0.277,2223.58,1031.1,330.35,1361.45,61.2,MODERATE
0.4059,0.277,2223.58,902.65,365.93,1268.58,57.1,MODERATE
0.4698,0.277,2223.58,1044.56,326.62,1371.17,61.7,MODERATE
0.5013,0.277,2223.58,1114.64,307.2,1421.84,63.9,MODERATE
0.4217,0.277,2223.58,937.66,356.23,1293.89,58.2,MODERATE
0.6472,0.277,2223.58,1439.12,217.32,1656.43,74.5,CRITICAL
0.351,0.277,2223.58,780.55,399.75,1180.31,53.1,LOW
0.48,0.277,2223.58,1067.42,320.29,1387.7,62.4,MODERATE
0.4378,0.277,2223.58,973.38,346.34,1319.72,59.4,MODERATE
0.4238,0.277,2223.58,942.28,354.95,1297.23,58.3,MODERATE
0.4745,0.277,2223.58,1055.14,323.69,1378.83,62.0,MODERATE
0.4741,0.277,2223.58,1054.28,323.92,1378.2,62.0,MODERATE
0.6373,0.277,2223.58,1417.0,223.44,1640.44,73.8,CRITICAL
0.5898,0.277,2223.58,1311.57,252.65,1564.22,70.3,HIGH
0.6153,0.277,2223.58,1368.14,236.98,1605.12,72.2,CRITICAL
0.432,0.277,2223.58,960.58,349.88,1310.46,58.9,MODERATE
0.6692,0.277,2223.58,1488.11,203.74,1691.85,76.1,CRITICAL
0.4369,0.277,2223.58,971.38,346.89,1318.27,59.3,MODERATE
0.5722,0.277,2223.58,1272.42,263.49,1535.91,69.1,HIGH
0.5645,0.277,2223.58,1255.21,268.26,1523.47,68.5,HIGH
0.4539,0.277,2223.58,1009.31,336.38,1345.69,60.5,MODERATE
0.5467,0.277,2223.58,1215.54,279.25,1494.79,67.2,HIGH
0.4345,0.277,2223.58,966.24,348.31,1314.55,59.1,MODERATE
0.5104,0.277,2223.58,1134.81,301.62,1436.42,64.6,MODERATE
0.4374,0.277,2223.58,972.5,346.58,1319.08,59.3,MODERATE
0.5083,0.277,2223.58,1130.27,302.88,1433.14,64.5,MODERATE
0.4103,0.277,2223.58,912.31,363.25,1275.56,57.4,MODERATE
0.5369,0.277,2223.58,1193.87,285.26,1479.12,66.5,HIGH
0.5587,0.277,2223.58,1242.35,271.82,1514.18,68.1,HIGH
0.4097,0.277,2223.58,910.97,363.62,1274.6,57.3,MODERATE
0.6755,0.277,2223.58,1502.01,199.89,1701.9,76.5,CRITICAL
0.4506,0.277,2223.58,1001.85,338.45,1340.3,60.3,MODERATE
0.534,0.277,2223.58,1187.38,287.05,1474.43,66.3,HIGH
0.4773,0.277,2223.58,1061.32,321.97,1383.3,62.2,MODERATE
0.5211,0.277,2223.58,1158.67,295.01,1453.68,65.4,HIGH
0.4138,0.277,2223.58,920.07,361.1,1281.18,57.6,MODERATE
0.3975,0.277,2223.58,883.93,371.12,1255.04,56.4,MODERATE
0.5155,0.277,2223.58,1146.33,298.43,1444.75,65.0,MODERATE
0.5796,0.277,2223.58,1288.74,258.97,1547.71,69.6,HIGH
0.4324,0.277,2223.58,961.46,349.64,1311.1,59.0,MODERATE
0.5019,0.277,2223.58,1116.12,306.79,1422.91,64.0,MODERATE
0.4905,0.277,2223.58,1090.56,313.87,1404.43,63.2,MODERATE
0.5065,0.277,2223.58,1126.35,303.96,1430.31,64.3,MODERATE
0.4746,0.277,2223.58,1055.26,323.65,1378.92,62.0,MODERATE
0.5285,0.277,2223.58,1175.12,290.45,1465.57,65.9,HIGH
0.4776,0.277,2223.58,1061.91,321.81,1383.72,62.2,MODERATE
0.3566,0.277,2223.58,792.96,396.32,1189.28,53.5,LOW
0.4832,0.277,2223.58,1074.36,318.36,1392.72,62.6,MODERATE
0.3115,0.277,2223.58,692.67,424.1,1116.77,50.2,LOW
0.4427,0.277,2223.58,984.28,343.32,1327.6,59.7,MODERATE
0.4607,0.277,2223.58,1024.41,332.2,1356.61,61.0,MODERATE
0.666,0.277,2223.58,1480.83,205.76,1686.59,75.9,CRITICAL
0.4446,0.277,2223.58,988.69,342.09,1330.78,59.8,MODERATE
0.2387,0.277,2223.58,530.71,468.97,999.68,45.0,LOW
0.4162,0.277,2223.58,925.47,359.61,1285.08,57.8,MODERATE
0.5822,0.277,2223.58,1294.52,257.37,1551.89,69.8,HIGH
0.4228,0.277,2223.58,940.13,355.55,1295.67,58.3,MODERATE
0.3441,0.277,2223.58,765.24,404.0,1169.23,52.6,LOW
0.3911,0.277,2223.58,869.61,375.08,1244.69,56.0,MODERATE
0.4693,0.277,2223.58,1043.61,326.88,1370.49,61.6,MODERATE
0.4453,0.277,2223.58,990.07,341.71,1331.78,59.9,MODERATE
0.4392,0.277,2223.58,976.55,345.46,1322.01,59.5,MODERATE
0.4714,0.277,2223.58,1048.13,325.63,1373.76,61.8,MODERATE
0.5451,0.277,2223.58,1212.06,280.22,1492.27,67.1,HIGH
0.3854,0.277,2223.58,856.99,378.58,1235.57,55.6,MODERATE
0.5698,0.277,2223.58,1267.03,264.99,1532.02,68.9,HIGH
0.4793,0.277,2223.58,1065.82,320.73,1386.55,62.4,MODERATE
0.5336,0.277,2223.58,1186.41,287.32,1473.73,66.3,HIGH
0.4833,0.277,2223.58,1074.63,318.29,1392.92,62.6,MODERATE
0.3958,0.277,2223.58,880.07,372.18,1252.26,56.3,MODERATE
0.7097,0.277,2223.58,1578.16,178.8,1756.96,79.0,CRITICAL
0.4926,0.277,2223.58,1095.41,312.53,1407.94,63.3,MODERATE
0.4528,0.277,2223.58,1006.82,337.07,1343.89,60.4,MODERATE
0.6003,0.277,2223.58,1334.76,246.23,1580.98,71.1,HIGH
0.5282,0.277,2223.58,1174.54,290.61,1465.15,65.9,HIGH
0.5212,0.277,2223.58,1158.98,294.92,1453.9,65.4,HIGH
0.5069,0.277,2223.58,1127.14,303.74,1430.88,64.4,MODERATE
0.4614,0.277,2223.58,1025.89,331.79,1357.68,61.1,MODERATE
0.6193,0.277,2223.58,1377.14,234.48,1611.63,72.5,CRITICAL
0.3598,0.277,2223.58,800.1,394.34,1194.44,53.7,LOW
0.6956,0.277,2223.58,1546.7,187.51,1734.22,78.0,CRITICAL
0.4801,0.277,2223.58,1067.57,320.24,1387.81,62.4,MODERATE
0.5081,0.277,2223.58,1129.83,303.0,1432.82,64.4,MODERATE
0.2978,0.277,2223.58,662.12,432.56,1094.68,49.2,LOW
0.5039,0.277,2223.58,1120.52,305.58,1426.09,64.1,MODERATE
0.5667,0.277,2223.58,1260.12,266.9,1527.02,68.7,HIGH
0.4165,0.277,2223.58,926.21,359.4,1285.61,57.8,MODERATE
0.4377,0.277,2223.58,973.37,346.34,1319.71,59.4,MODERATE
0.5231,0.277,2223.58,1163.12,293.77,1456.89,65.5,HIGH
0.5826,0.277,2223.58,1295.39,257.13,1552.52,69.8,HIGH
0.485,0.277,2223.58,1078.47,317.22,1395.7,62.8,MODERATE
0.5406,0.277,2223.58,1202.08,282.98,1485.06,66.8,HIGH
0.3568,0.277,2223.58,793.43,396.19,1189.62,53.5,LOW
0.5337,0.277,2223.58,1186.8,287.21,1474.01,66.3,HIGH
0.4975,0.277,2223.58,1106.13,309.56,1415.69,63.7,MODERATE
0.3735,0.277,2223.58,830.61,385.89,1216.5,54.7,LOW
0.5788,0.277,2223.58,1286.95,259.47,1546.42,69.5,HIGH
0.5601,0.277,2223.58,1245.32,271.0,1516.32,68.2,HIGH
0.6251,0.277,2223.58,1389.94,230.94,1620.88,72.9,CRITICAL
0.5875,0.277,2223.58,1306.42,254.08,1560.49,70.2,HIGH
0.4855,0.277,2223.58,1079.49,316.94,1396.43,62.8,MODERATE
0.6554,0.277,2223.58,1457.25,212.29,1669.54,75.1,CRITICAL
0.5316,0.277,2223.58,1182.08,288.52,1470.6,66.1,HIGH
0.221,0.277,2223.58,491.32,479.88,971.2,43.7,LOW
0.661,0.277,2223.58,1469.68,208.85,1678.53,75.5,CRITICAL
0.2692,0.277,2223.58,598.66,450.14,1048.8,47.2,LOW
0.6214,0.277,2223.58,1381.75,233.21,1614.96,72.6,CRITICAL
0.4886,0.277,2223.58,1086.38,315.03,1401.41,63.0,MODERATE
0.4123,0.277,2223.58,916.8,362.01,1278.81,57.5,MODERATE
0.6507,0.277,2223.58,1446.86,215.17,1662.03,74.7,CRITICAL
0.3064,0.277,2223.58,681.33,427.24,1108.57,49.9,LOW
0.5391,0.277,2223.58,1198.83,283.88,1482.71,66.7,HIGH
0.3435,0.277,2223.58,763.72,404.42,1168.14,52.5,LOW
0.554,0.277,2223.58,1231.91,274.72,1506.63,67.8,HIGH
0.3722,0.277,2223.58,827.7,386.69,1214.39,54.6,LOW
0.3312,0.277,2223.58,736.38,411.99,1148.37,51.6,LOW
0.2932,0.277,2223.58,651.93,435.38,1087.32,48.9,LOW
0.3046,0.277,2223.58,677.3,428.36,1105.66,49.7,LOW
0.3148,0.277,2223.58,700.07,422.05,1122.12,50.5,LOW
0.3162,0.277,2223.58,703.15,421.2,1124.34,50.6,LOW
0.4536,0.277,2223.58,1008.57,336.59,1345.16,60.5,MODERATE
0.5676,0.277,2223.58,1262.13,266.35,1528.47,68.7,HIGH
0.5547,0.277,2223.58,1233.4,274.31,1507.7,67.8,HIGH
0.4869,0.277,2223.58,1082.7,316.05,1398.75,62.9,MODERATE
0.4416,0.277,2223.58,981.87,343.98,1325.86,59.6,MODERATE
0.4192,0.277,2223.58,932.02,357.79,1289.81,58.0,MODERATE
0.4142,0.277,2223.58,921.04,360.84,1281.87,57.6,MODERATE
0.3613,0.277,2223.58,803.44,393.41,1196.86,53.8,LOW
0.2436,0.277,2223.58,541.59,465.95,1007.54,45.3,LOW
0.5216,0.277,2223.58,1159.93,294.66,1454.58,65.4,HIGH
0.5095,0.277,2223.58,1132.92,302.14,1435.06,64.5,MODERATE
0.6496,0.277,2223.58,1444.35,215.87,1660.22,74.7,CRITICAL
0.4522,0.277,2223.58,1005.53,337.43,1342.96,60.4,MODERATE
0.5306,0.277,2223.58,1179.81,289.15,1468.96,66.1,HIGH
0.5171,0.277,2223.58,1149.86,297.45,1447.31,65.1,HIGH
0.373,0.277,2223.58,829.39,386.23,1215.61,54.7,LOW
0.4243,0.277,2223.58,943.54,354.6,1298.14,58.4,MODERATE
0.408,0.277,2223.58,907.18,364.67,1271.86,57.2,MODERATE
0.6097,0.277,2223.58,1355.79,240.4,1596.19,71.8,HIGH
0.5918,0.277,2223.58,1315.98,251.43,1567.41,70.5,HIGH
0.569,0.277,2223.58,1265.14,265.51,1530.65,68.8,HIGH
0.5685,0.277,2223.58,1264.2,265.77,1529.97,68.8,HIGH
0.6207,0.277,2223.58,1380.15,233.65,1613.8,72.6,CRITICAL
0.3851,0.277,2223.58,856.22,378.79,1235.02,55.5,MODERATE
0.4988,0.277,2223.58,1109.04,308.75,1417.8,63.8,MODERATE
0.5282,0.277,2223.58,1174.54,290.61,1465.15,65.9,HIGH
0.509,0.277,2223.58,1131.82,302.45,1434.26,64.5,MODERATE
0.4897,0.277,2223.58,1088.85,314.35,1403.2,63.1,MODERATE
0.5078,0.277,2223.58,1129.2,303.17,1432.37,64.4,MODERATE
0.4284,0.277,2223.58,952.51,352.12,1304.62,58.7,MODERATE
0.4325,0.277,2223.58,961.72,349.57,1311.29,59.0,MODERATE
0.3997,0.277,2223.58,888.76,369.78,1258.54,56.6,MODERATE
0.5157,0.277,2223.58,1146.61,298.35,1444.96,65.0,MODERATE
0.5104,0.277,2223.58,1134.95,301.58,1436.53,64.6,MODERATE
0.4238,0.277,2223.58,942.44,354.91,1297.35,58.3,MODERATE
0.4517,0.277,2223.58,1004.49,337.72,1342.21,60.4,MODERATE
0.2873,0.277,2223.58,638.81,439.02,1077.83,48.5,LOW
0.461,0.277,2223.58,1024.99,332.04,1357.03,61.0,MODERATE
0.4968,0.277,2223.58,1104.61,309.98,1414.59,63.6,MODERATE
0.3855,0.277,2223.58,857.29,378.5,1235.79,55.6,MODERATE
0.4702,0.277,2223.58,1045.56,326.34,1371.9,61.7,MODERATE
0.4084,0.277,2223.58,908.04,364.44,1272.47,57.2,MODERATE
0.4807,0.277,2223.58,1068.92,319.87,1388.79,62.5,MODERATE
0.647,0.277,2223.58,1438.63,217.45,1656.08,74.5,CRITICAL
0.5521,0.277,2223.58,1227.68,275.89,1503.57,67.6,HIGH
0.4159,0.277,2223.58,924.79,359.8,1284.58,57.8,MODERATE
0.3065,0.277,2223.58,681.61,427.16,1108.78,49.9,LOW
0.2656,0.277,2223.58,590.48,452.41,1042.89,46.9,LOW
0.4899,0.277,2223.58,1089.27,314.23,1403.5,63.1,MODERATE
0.5125,0.277,2223.58,1139.66,300.27,1439.93,64.8,MODERATE
0.4944,0.277,2223.58,1099.41,311.42,1410.83,63.4,MODERATE
0.4484,0.277,2223.58,996.98,339.8,1336.78,60.1,MODERATE
0.4223,0.277,2223.58,938.97,355.87,1294.83,58.2,MODERATE
0.5633,0.277,2223.58,1252.59,268.99,1521.58,68.4,HIGH
0.2791,0.277,2223.58,620.53,444.08,1064.62,47.9,LOW
0.4842,0.277,2223.58,1076.62,317.74,1394.36,62.7,MODERATE
0.4528,0.277,2223.58,1006.82,337.07,1343.9,60.4,MODERATE
0.4425,0.277,2223.58,983.88,343.43,1327.31,59.7,MODERATE
0.5292,0.277,2223.58,1176.72,290.01,1466.73,66.0,HIGH
0.3701,0.277,2223.58,823.02,387.99,1211.01,54.5,LOW
0.6327,0.277,2223.58,1406.9,226.24,1633.14,73.4,CRITICAL
0.607,0.277,2223.58,1349.7,242.09,1591.78,71.6,HIGH
0.397,0.277,2223.58,882.67,371.47,1254.13,56.4,MODERATE
0.5435,0.277,2223.58,1208.47,281.21,1489.68,67.0,HIGH
0.3958,0.277,2223.58,880.18,372.15,1252.34,56.3,MODERATE
0.5849,0.277,2223.58,1300.52,255.71,1556.23,70.0,HIGH
0.6173,0.277,2223.58,1372.59,235.75,1608.33,72.3,CRITICAL
0.4316,0.277,2223.58,959.8,350.1,1309.9,58.9,MODERATE
0.4314,0.277,2223.58,959.3,350.24,1309.54,58.9,MODERATE
0.4852,0.277,2223.58,1078.77,317.14,1395.91,62.8,MODERATE
0.4326,0.277,2223.58,962.0,349.49,1311.49,59.0,MODERATE
0.5274,0.277,2223.58,1172.62,291.14,1463.76,65.8,HIGH
0.3381,0.277,2223.58,751.9,407.69,1159.59,52.1,LOW
0.4009,0.277,2223.58,891.45,369.03,1260.48,56.7,MODERATE
0.4599,0.277,2223.58,1022.53,332.72,1355.25,60.9,MODERATE
0.6041,0.277,2223.58,1343.16,243.9,1587.06,71.4,HIGH
0.5307,0.277,2223.58,1180.07,289.08,1469.15,66.1,HIGH
0.3162,0.277,2223.58,703.09,421.21,1124.3,50.6,LOW
0.562,0.277,2223.58,1249.67,269.8,1519.47,68.3,HIGH
0.4173,0.277,2223.58,928.01,358.91,1286.91,57.9,MODERATE
0.3851,0.277,2223.58,856.21,378.79,1235.01,55.5,MODERATE
0.5457,0.277,2223.58,1213.46,279.83,1493.29,67.2,HIGH
0.6285,0.277,2223.58,1397.52,228.84,1626.36,73.1,CRITICAL
0.4496,0.277,2223.58,999.7,339.05,1338.74,60.2,MODERATE
0.4056,0.277,2223.58,901.95,366.12,1268.07,57.0,MODERATE
0.4751,0.277,2223.58,1056.43,323.33,1379.76,62.1,MODERATE
0.4995,0.277,2223.58,1110.74,308.28,1419.02,63.8,MODERATE
0.4553,0.277,2223.58,1012.3,335.56,1347.85,60.6,MODERATE
0.4689,0.277,2223.58,1042.58,327.17,1369.75,61.6,MODERATE
0.3786,0.277,2223.58,841.83,382.78,1224.61,55.1,MODERATE
0.5138,0.277,2223.58,1142.37,299.52,1441.89,64.8,MODERATE
0.4866,0.277,2223.58,1081.93,316.26,1398.2,62.9,MODERATE
0.5636,0.277,2223.58,1253.15,268.83,1521.99,68.4,HIGH
0.4734,0.277,2223.58,1052.58,324.39,1376.98,61.9,MODERATE
0.5624,0.277,2223.58,1250.63,269.53,1520.16,68.4,HIGH
0.5307,0.277,2223.58,1180.01,289.09,1469.1,66.1,HIGH
0.6369,0.277,2223.58,1416.3,223.64,1639.94,73.8,CRITICAL
0.4352,0.277,2223.58,967.63,347.93,1315.56,59.2,MODERATE
0.5831,0.277,2223.58,1296.54,256.81,1553.35,69.9,HIGH
0.4996,0.277,2223.58,1110.81,308.26,1419.08,63.8,MODERATE
0.4826,0.277,2223.58,1073.09,318.71,1391.8,62.6,MODERATE
0.7076,0.277,2223.58,1573.31,180.14,1753.45,78.9,CRITICAL
0.3279,0.277,2223.58,729.14,414.0,1143.13,51.4,LOW
0.4788,0.277,2223.58,1064.68,321.04,1385.72,62.3,MODERATE
0.5295,0.277,2223.58,1177.33,289.84,1467.17,66.0,HIGH
0.4615,0.277,2223.58,1026.26,331.69,1357.95,61.1,MODERATE
0.5342,0.277,2223.58,1187.73,286.96,1474.68,66.3,HIGH
0.5499,0.277,2223.58,1222.82,277.24,1500.05,67.5,HIGH
0.2481,0.277,2223.58,551.59,463.18,1014.77,45.6,LOW
0.6504,0.277,2223.58,1446.28,215.33,1661.61,74.7,CRITICAL
0.517,0.277,2223.58,1149.57,297.53,1447.1,65.1,HIGH
0.4515,0.277,2223.58,1004.0,337.85,1341.86,60.3,MODERATE
0.4904,0.277,2223.58,1090.39,313.92,1404.31,63.2,MODERATE
0.5528,0.277,2223.58,1229.13,275.49,1504.62,67.7,HIGH
0.4928,0.277,2223.58,1095.8,312.42,1408.22,63.3,MODERATE
0.6785,0.277,2223.58,1508.76,198.02,1706.79,76.8,CRITICAL
0.6252,0.277,2223.58,1390.24,230.86,1621.1,72.9,CRITICAL
0.5543,0.277,2223.58,1232.46,274.56,1507.03,67.8,HIGH
0.5715,0.277,2223.58,1270.83,263.94,1534.76,69.0,HIGH
0.4164,0.277,2223.58,925.82,359.51,1285.33,57.8,MODERATE
0.3803,0.277,2223.58,845.61,381.73,1227.34,55.2,MODERATE
0.4793,0.277,2223.58,1065.82,320.73,1386.55,62.4,MODERATE
0.4883,0.277,2223.58,1085.85,315.18,1401.03,63.0,MODERATE
0.4633,0.277,2223.58,1030.29,330.57,1360.86,61.2,MODERATE
0.4388,0.277,2223.58,975.79,345.67,1321.46,59.4,MODERATE
0.5665,0.277,2223.58,1259.64,267.03,1526.68,68.7,HIGH
0.4842,0.277,2223.58,1076.64,317.73,1394.37,62.7,MODERATE
0.4219,0.277,2223.58,938.19,356.08,1294.27,58.2,MODERATE
0.407,0.277,2223.58,904.98,365.28,1270.26,57.1,MODERATE
0.4623,0.277,2223.58,1028.05,331.19,1359.24,61.1,MODERATE
0.625,0.277,2223.58,1389.85,230.96,1620.81,72.9,CRITICAL
0.4186,0.277,2223.58,930.78,358.14,1288.92,58.0,MODERATE
0.4368,0.277,2223.58,971.22,346.93,1318.16,59.3,MODERATE
0.5698,0.277,2223.58,1266.97,265.01,1531.97,68.9,HIGH
0.2998,0.277,2223.58,666.71,431.29,1098.0,49.4,LOW
0.5572,0.277,2223.58,1239.06,272.74,1511.8,68.0,HIGH
0.5778,0.277,2223.58,1284.81,260.06,1544.87,69.5,HIGH
0.4447,0.277,2223.58,988.76,342.08,1330.84,59.9,MODERATE
0.6686,0.277,2223.58,1486.74,204.12,1690.86,76.0,CRITICAL
0.4673,0.277,2223.58,1039.17,328.11,1367.28,61.5,MODERATE
0.6582,0.277,2223.58,1463.49,210.56,1674.06,75.3,CRITICAL
0.3025,0.277,2223.58,672.66,429.64,1102.3,49.6,LOW
0.1672,0.277,2223.58,371.74,513.0,884.75,39.8,LOW
0.5149,0.277,2223.58,1144.96,298.8,1443.77,64.9,MODERATE
0.594,0.277,2223.58,1320.76,250.1,1570.86,70.6,HIGH
0.4412,0.277,2223.58,981.13,344.19,1325.32,59.6,MODERATE
0.3759,0.277,2223.58,835.91,384.42,1220.33,54.9,LOW
0.6887,0.277,2223.58,1531.47,191.73,1723.2,77.5,CRITICAL
0.5342,0.277,2223.58,1187.87,286.92,1474.79,66.3,HIGH
0.6605,0.277,2223.58,1468.6,209.15,1677.75,75.5,CRITICAL
0.4422,0.277,2223.58,983.25,343.6,1326.85,59.7,MODERATE
0.4861,0.277,2223.58,1080.96,316.53,1397.5,62.8,MODERATE
0.4663,0.277,2223.58,1036.85,328.75,1365.6,61.4,MODERATE
0.4254,0.277,2223.58,946.01,353.92,1299.93,58.5,MODERATE
0.5654,0.277,2223.58,1257.15,267.73,1524.87,68.6,HIGH
0.6438,0.277,2223.58,1431.57,219.41,1650.98,74.2,CRITICAL
0.5564,0.277,2223.58,1237.21,273.25,1510.46,67.9,HIGH
0.4567,0.277,2223.58,1015.59,334.64,1350.23,60.7,MODERATE
0.4439,0.277,2223.58,987.15,342.52,1329.67,59.8,MODERATE
0.5518,0.277,2223.58,1227.07,276.06,1503.13,67.6,HIGH
0.5602,0.277,2223.58,1245.62,270.92,1516.54,68.2,HIGH
0.6263,0.277,2223.58,1392.68,230.18,1622.86,73.0,CRITICAL
0.4716,0.277,2223.58,1048.73,325.46,1374.2,61.8,MODERATE
0.7725,0.277,2223.58,1717.74,140.13,1857.87,83.6,CRITICAL
0.4383,0.277,2223.58,974.65,345.98,1320.64,59.4,MODERATE
0.4376,0.277,2223.58,973.06,346.43,1319.48,59.3,MODERATE
0.5864,0.277,2223.58,1303.86,254.79,1558.64,70.1,HIGH
0.3817,0.277,2223.58,848.71,380.87,1229.58,55.3,MODERATE
0.4396,0.277,2223.58,977.56,345.18,1322.74,59.5,MODERATE
0.5229,0.277,2223.58,1162.74,293.88,1456.62,65.5,HIGH
0.5299,0.277,2223.58,1178.25,289.58,1467.83,66.0,HIGH
0.3529,0.277,2223.58,784.78,398.58,1183.36,53.2,LOW
0.55,0.277,2223.58,1223.0,277.18,1500.19,67.5,HIGH
0.438,0.277,2223.58,973.99,346.17,1320.16,59.4,MODERATE
0.6392,0.277,2223.58,1421.4,222.22,1643.62,73.9,CRITICAL
0.3935,0.277,2223.58,875.07,373.57,1248.64,56.2,MODERATE
0.6442,0.277,2223.58,1432.43,219.17,1651.6,74.3,CRITICAL
0.5273,0.277,2223.58,1172.44,291.19,1463.63,65.8,HIGH
0.5394,0.277,2223.58,1199.42,283.72,1483.14,66.7,HIGH
0.5424,0.277,2223.58,1206.02,281.89,1487.91,66.9,HIGH
0.4219,0.277,2223.58,938.22,356.08,1294.3,58.2,MODERATE
0.5571,0.277,2223.58,1238.66,272.85,1511.51,68.0,HIGH
0.5671,0.277,2223.58,1261.09,266.63,1527.73,68.7,HIGH
0.3016,0.277,2223.58,670.52,430.23,1100.76,49.5,LOW
0.4812,0.277,2223.58,1070.09,319.54,1389.64,62.5,MODERATE
0.4289,0.277,2223.58,953.8,351.76,1305.56,58.7,MODERATE
0.5796,0.277,2223.58,1288.81,258.95,1547.77,69.6,HIGH
0.4071,0.277,2223.58,905.25,365.21,1270.46,57.1,MODERATE
0.6343,0.277,2223.58,1410.34,225.29,1635.63,73.6,CRITICAL
0.4313,0.277,2223.58,959.01,350.32,1309.33,58.9,MODERATE
0.647,0.277,2223.58,1438.67,217.44,1656.11,74.5,CRITICAL
0.3671,0.277,2223.58,816.29,389.85,1206.14,54.2,LOW
0.6519,0.277,2223.58,1449.62,214.41,1664.03,74.8,CRITICAL
0.5393,0.277,2223.58,1199.23,283.77,1483.0,66.7,HIGH
0.6624,0.277,2223.58,1472.92,207.95,1680.87,75.6,CRITICAL
0.6054,0.277,2223.58,1346.25,243.04,1589.29,71.5,HIGH
0.4863,0.277,2223.58,1081.25,316.45,1397.71,62.9,MODERATE
0.6394,0.277,2223.58,1421.69,222.14,1643.83,73.9,CRITICAL
0.5653,0.277,2223.58,1257.09,267.74,1524.83,68.6,HIGH
0.6425,0.277,2223.58,1428.57,220.24,1648.81,74.2,CRITICAL
0.4891,0.277,2223.58,1087.57,314.7,1402.27,63.1,MODERATE
0.5878,0.277,2223.58,1307.04,253.9,1560.94,70.2,HIGH
0.5643,0.277,2223.58,1254.7,268.4,1523.11,68.5,HIGH
0.4142,0.277,2223.58,921.04,360.84,1281.87,57.6,MODERATE
0.5021,0.277,2223.58,1116.42,306.71,1423.13,64.0,MODERATE
0.6436,0.277,2223.58,1431.18,219.52,1650.69,74.2,CRITICAL
0.6693,0.277,2223.58,1488.13,203.74,1691.87,76.1,CRITICAL
0.5305,0.277,2223.58,1179.66,289.19,1468.85,66.1,HIGH
0.5689,0.277,2223.58,1264.99,265.55,1530.54,68.8,HIGH
0.5361,0.277,2223.58,1191.98,285.78,1477.76,66.5,HIGH
0.4486,0.277,2223.58,997.48,339.66,1337.14,60.1,MODERATE
0.5717,0.277,2223.58,1271.28,263.81,1535.09,69.0,HIGH
0.4094,0.277,2223.58,910.3,363.81,1274.11,57.3,MODERATE
0.438,0.277,2223.58,974.01,346.16,1320.17,59.4,MODERATE
0.4148,0.277,2223.58,922.39,360.46,1282.85,57.7,MODERATE
0.5201,0.277,2223.58,1156.55,295.59,1452.14,65.3,HIGH
0.426,0.277,2223.58,947.19,353.59,1300.78,58.5,MODERATE
0.4203,0.277,2223.58,934.57,357.09,1291.66,58.1,MODERATE
0.5655,0.277,2223.58,1257.35,267.67,1525.02,68.6,HIGH
0.5936,0.277,2223.58,1319.9,250.34,1570.24,70.6,HIGH
0.2844,0.277,2223.58,632.44,440.79,1073.22,48.3,LOW
0.4244,0.277,2223.58,943.75,354.54,1298.3,58.4,MODERATE
0.4914,0.277,2223.58,1092.7,313.28,1405.98,63.2,MODERATE
0.2379,0.277,2223.58,528.97,469.45,998.42,44.9,LOW
0.4818,0.277,2223.58,1071.36,319.19,1390.56,62.5,MODERATE
0.5084,0.277,2223.58,1130.5,302.81,1433.31,64.5,MODERATE
0.5926,0.277,2223.58,1317.77,250.93,1568.7,70.5,HIGH
0.5366,0.277,2223.58,1193.14,285.46,1478.6,66.5,HIGH
0.6142,0.277,2223.58,1365.64,237.67,1603.31,72.1,CRITICAL
0.3991,0.277,2223.58,887.5,370.13,1257.63,56.6,MODERATE
0.5281,0.277,2223.58,1174.32,290.67,1464.99,65.9,HIGH
0.5465,0.277,2223.58,1215.12,279.37,1494.49,67.2,HIGH
0.4088,0.277,2223.58,909.01,364.17,1273.18,57.3,MODERATE
0.3876,0.277,2223.58,861.81,377.24,1239.05,55.7,MODERATE
0.3707,0.277,2223.58,824.28,387.64,1211.92,54.5,LOW
0.4706,0.277,2223.58,1046.36,326.12,1372.48,61.7,MODERATE
0.3695,0.277,2223.58,821.62,388.38,1210.0,54.4,LOW
0.4567,0.277,2223.58,1015.42,334.69,1350.11,60.7,MODERATE
0.5033,0.277,2223.58,1119.12,305.96,1425.09,64.1,MODERATE
0.3269,0.277,2223.58,726.92,414.61,1141.53,51.3,LOW
0.2042,0.277,2223.58,454.06,490.2,944.26,42.5,LOW
0.5487,0.277,2223.58,1220.14,277.98,1498.11,67.4,HIGH
0.6341,0.277,2223.58,1410.0,225.38,1635.38,73.5,CRITICAL
0.5636,0.277,2223.58,1253.24,268.81,1522.05,68.5,HIGH
0.5591,0.277,2223.58,1243.29,271.56,1514.85,68.1,HIGH
0.5988,0.277,2223.58,1331.43,247.15,1578.58,71.0,HIGH
0.5348,0.277,2223.58,1189.26,286.53,1475.79,66.4,HIGH
0.5443,0.277,2223.58,1210.2,280.73,1490.93,67.1,HIGH
0.5154,0.277,2223.58,1145.93,298.53,1444.47,65.0,MODERATE
0.4032,0.277,2223.58,896.53,367.63,1264.15,56.9,MODERATE
0.5719,0.277,2223.58,1271.65,263.71,1535.36,69.0,HIGH
0.6561,0.277,2223.58,1458.9,211.83,1670.74,75.1,CRITICAL
0.2554,0.277,2223.58,568.0,458.64,1026.64,46.2,LOW
0.6298,0.277,2223.58,1400.33,228.06,1628.39,73.2,CRITICAL
0.4965,0.277,2223.58,1103.92,310.17,1414.1,63.6,MODERATE
0.4841,0.277,2223.58,1076.33,317.82,1394.15,62.7,MODERATE
0.5472,0.277,2223.58,1216.77,278.91,1495.68,67.3,HIGH
0.3842,0.277,2223.58,854.35,379.31,1233.66,55.5,MODERATE
0.6249,0.277,2223.58,1389.62,231.03,1620.65,72.9,CRITICAL
0.4396,0.277,2223.58,977.39,345.23,1322.61,59.5,MODERATE
0.577,0.277,2223.58,1282.98,260.57,1543.55,69.4,HIGH
0.5328,0.277,2223.58,1184.81,287.77,1472.57,66.2,HIGH
0.4898,0.277,2223.58,1089.08,314.28,1403.37,63.1,MODERATE
0.4419,0.277,2223.58,982.67,343.76,1326.43,59.7,MODERATE
0.3992,0.277,2223.58,887.64,370.09,1257.73,56.6,MODERATE
0.4322,0.277,2223.58,961.14,349.73,1310.87,59.0,MODERATE
0.5613,0.277,2223.58,1248.04,270.25,1518.29,68.3,HIGH
0.4149,0.277,2223.58,922.58,360.41,1282.99,57.7,MODERATE
0.3799,0.277,2223.58,844.81,381.95,1226.76,55.2,MODERATE
0.6362,0.277,2223.58,1414.67,224.09,1638.76,73.7,CRITICAL
0.4935,0.277,2223.58,1097.27,312.02,1409.28,63.4,MODERATE
0.6407,0.277,2223.58,1424.66,221.32,1645.98,74.0,CRITICAL
0.4304,0.277,2223.58,957.01,350.87,1307.88,58.8,MODERATE
0.4614,0.277,2223.58,1025.99,331.76,1357.75,61.1,MODERATE
0.4492,0.277,2223.58,998.91,339.26,1338.18,60.2,MODERATE
0.3682,0.277,2223.58,818.78,389.16,1207.95,54.3,LOW
0.4408,0.277,2223.58,980.11,344.47,1324.58,59.6,MODERATE
0.5693,0.277,2223.58,1265.88,265.31,1531.19,68.9,HIGH
0.7406,0.277,2223.58,1646.78,159.79,1806.57,81.2,CRITICAL
0.4682,0.277,2223.58,1041.04,327.59,1368.63,61.6,MODERATE
0.4155,0.277,2223.58,924.0,360.01,1284.02,57.7,MODERATE
0.3596,0.277,2223.58,799.69,394.45,1194.14,53.7,LOW
0.5119,0.277,2223.58,1138.36,300.63,1438.99,64.7,MODERATE
0.4456,0.277,2223.58,990.78,341.52,1332.3,59.9,MODERATE
0.6877,0.277,2223.58,1529.14,192.38,1721.52,77.4,CRITICAL
0.5665,0.277,2223.58,1259.75,267.01,1526.75,68.7,HIGH
0.5814,0.277,2223.58,1292.81,257.85,1550.66,69.7,HIGH
0.4659,0.277,2223.58,1035.86,329.03,1364.89,61.4,MODERATE
0.4438,0.277,2223.58,986.9,342.59,1329.49,59.8,MODERATE
0.4896,0.277,2223.58,1088.77,314.37,1403.14,63.1,MODERATE
0.4178,0.277,2223.58,929.03,358.62,1287.65,57.9,MODERATE
0.1476,0.277,2223.58,328.11,525.09,853.2,38.4,LOW
0.6056,0.277,2223.58,1346.57,242.95,1589.52,71.5,HIGH
0.4684,0.277,2223.58,1041.43,327.49,1368.91,61.6,MODERATE
0.5625,0.277,2223.58,1250.72,269.51,1520.22,68.4,HIGH
0.5671,0.277,2223.58,1261.07,266.64,1527.71,68.7,HIGH
0.5249,0.277,2223.58,1167.09,292.67,1459.76,65.6,HIGH
0.5749,0.277,2223.58,1278.43,261.83,1540.26,69.3,HIGH
0.6364,0.277,2223.58,1415.03,223.99,1639.02,73.7,CRITICAL
0.5212,0.277,2223.58,1158.87,294.95,1453.82,65.4,HIGH
0.4648,0.277,2223.58,1033.45,329.69,1363.15,61.3,MODERATE
0.3234,0.277,2223.58,719.12,416.77,1135.89,51.1,LOW
0.246,0.277,2223.58,546.96,464.46,1011.43,45.5,LOW
0.3018,0.277,2223.58,671.08,430.08,1101.16,49.5,LOW
0.5889,0.277,2223.58,1309.51,253.22,1562.73,70.3,HIGH
0.2732,0.277,2223.58,607.53,447.69,1055.22,47.5,LOW
0.704,0.277,2223.58,1565.3,182.36,1747.66,78.6,CRITICAL
0.5266,0.277,2223.58,1170.9,291.62,1462.52,65.8,HIGH
0.5204,0.277,2223.58,1157.2,295.41,1452.61,65.3,HIGH
0.3856,0.277,2223.58,857.32,378.49,1235.81,55.6,MODERATE
0.4906,0.277,2223.58,1090.81,313.8,1404.62,63.2,MODERATE
0.4733,0.277,2223.58,1052.5,324.42,1376.92,61.9,MODERATE
0.5127,0.277,2223.58,1140.1,300.15,1440.25,64.8,MODERATE
0.4778,0.277,2223.58,1062.51,321.65,1384.15,62.2,MODERATE
0.4168,0.277,2223.58,926.77,359.25,1286.02,57.8,MODERATE
0.6015,0.277,2223.58,1337.59,245.44,1583.03,71.2,HIGH
0.2871,0.277,2223.58,638.34,439.15,1077.49,48.5,LOW
0.4273,0.277,2223.58,950.06,352.8,1302.85,58.6,MODERATE
0.3258,0.277,2223.58,724.49,415.28,1139.78,51.3,LOW
0.5346,0.277,2223.58,1188.82,286.65,1475.47,66.4,HIGH
0.5131,0.277,2223.58,1141.0,299.9,1440.9,64.8,MODERATE
0.4302,0.277,2223.58,956.54,351.0,1307.54,58.8,MODERATE
0.3905,0.277,2223.58,868.4,375.42,1243.82,55.9,MODERATE
0.5991,0.277,2223.58,1332.13,246.95,1579.08,71.0,HIGH
0.5767,0.277,2223.58,1282.34,260.75,1543.08,69.4,HIGH
0.2821,0.277,2223.58,627.28,442.21,1069.5,48.1,LOW
0.5036,0.277,2223.58,1119.81,305.77,1425.58,64.1,MODERATE
0.5355,0.277,2223.58,1190.67,286.14,1476.81,66.4,HIGH
0.3933,0.277,2223.58,874.47,373.74,1248.21,56.1,MODERATE
0.5118,0.277,2223.58,1137.94,300.75,1438.69,64.7,MODERATE
0.2962,0.277,2223.58,658.65,433.52,1092.18,49.1,LOW
0.3485,0.277,2223.58,774.89,401.32,1176.22,52.9,LOW
0.4689,0.277,2223.58,1042.55,327.18,1369.72,61.6,MODERATE
0.4299,0.277,2223.58,955.99,351.15,1307.14,58.8,MODERATE
0.402,0.277,2223.58,893.95,368.34,1262.29,56.8,MODERATE
0.4129,0.277,2223.58,918.02,361.67,1279.69,57.6,MODERATE
0.3885,0.277,2223.58,863.96,376.65,1240.61,55.8,MODERATE
0.4659,0.277,2223.58,1035.95,329.0,1364.95,61.4,MODERATE
0.2463,0.277,2223.58,547.59,464.29,1011.88,45.5,LOW
0.5596,0.277,2223.58,1244.33,271.28,1515.61,68.2,HIGH
0.3302,0.277,2223.58,734.26,412.58,1146.84,51.6,LOW
0.2859,0.277,2223.58,635.8,439.85,1075.65,48.4,LOW
0.5237,0.277,2223.58,1164.47,293.4,1457.87,65.6,HIGH
0.3524,0.277,2223.58,783.5,398.94,1182.44,53.2,LOW
0.3256,0.277,2223.58,723.99,415.42,1139.41,51.2,LOW
0.3346,0.277,2223.58,744.02,409.88,1153.89,51.9,LOW
0.5799,0.277,2223.58,1289.34,258.81,1548.15,69.6,HIGH
0.5179,0.277,2223.58,1151.69,296.94,1448.63,65.1,HIGH
0.572,0.277,2223.58,1271.85,263.65,1535.5,69.1,HIGH
0.4689,0.277,2223.58,1042.61,327.16,1369.77,61.6,MODERATE
0.6694,0.277,2223.58,1488.53,203.63,1692.16,76.1,CRITICAL
0.5034,0.277,2223.58,1119.38,305.89,1425.27,64.1,MODERATE
0.588,0.277,2223.58,1307.53,253.77,1561.3,70.2,HIGH
0.5464,0.277,2223.58,1214.88,279.44,1494.31,67.2,HIGH
0.2737,0.277,2223.58,608.59,447.39,1055.98,47.5,LOW
0.4767,0.277,2223.58,1059.93,322.36,1382.29,62.2,MODERATE
0.5143,0.277,2223.58,1143.54,299.2,1442.74,64.9,MODERATE
0.5435,0.277,2223.58,1208.5,281.2,1489.7,67.0,HIGH
0.7625,0.277,2223.58,1695.55,146.28,1841.83,82.8,CRITICAL
0.57,0.277,2223.58,1267.34,264.9,1532.24,68.9,HIGH
0.3608,0.277,2223.58,802.23,393.75,1195.98,53.8,LOW
0.5757,0.277,2223.58,1280.03,261.39,1541.42,69.3,HIGH
0.5816,0.277,2223.58,1293.3,257.71,1551.01,69.8,HIGH
0.4654,0.277,2223.58,1034.81,329.32,1364.13,61.3,MODERATE
0.291,0.277,2223.58,646.97,436.76,1083.73,48.7,LOW
0.5447,0.277,2223.58,1211.09,280.49,1491.57,67.1,HIGH
0.577,0.277,2223.58,1282.9,260.59,1543.49,69.4,HIGH
0.4807,0.277,2223.58,1068.77,319.91,1388.68,62.5,MODERATE
0.556,0.277,2223.58,1236.37,273.48,1509.85,67.9,HIGH
0.4899,0.277,2223.58,1089.41,314.19,1403.61,63.1,MODERATE
0.4711,0.277,2223.58,1047.51,325.8,1373.31,61.8,MODERATE
0.4284,0.277,2223.58,952.51,352.12,1304.62,58.7,MODERATE
0.4511,0.277,2223.58,1003.15,338.09,1341.24,60.3,MODERATE
0.6303,0.277,2223.58,1401.56,227.72,1629.28,73.3,CRITICAL
0.446,0.277,2223.58,991.62,341.28,1332.9,59.9,MODERATE
0.4964,0.277,2223.58,1103.71,310.23,1413.94,63.6,MODERATE
0.4483,0.277,2223.58,996.8,339.85,1336.65,60.1,MODERATE
0.5266,0.277,2223.58,1170.95,291.6,1462.56,65.8,HIGH
0.3583,0.277,2223.58,796.62,395.3,1191.93,53.6,LOW
0.4022,0.277,2223.58,894.33,368.24,1262.56,56.8,MODERATE
0.5625,0.277,2223.58,1250.72,269.51,1520.23,68.4,HIGH
0.4213,0.277,2223.58,936.83,356.46,1293.29,58.2,MODERATE
0.5423,0.277,2223.58,1205.85,281.94,1487.79,66.9,HIGH
0.569,0.277,2223.58,1265.25,265.48,1530.73,68.8,HIGH
0.5292,0.277,2223.58,1176.71,290.01,1466.72,66.0,HIGH
0.4067,0.277,2223.58,904.24,365.49,1269.73,57.1,MODERATE
0.5677,0.277,2223.58,1262.36,266.28,1528.64,68.7,HIGH
0.5659,0.277,2223.58,1258.39,267.38,1525.77,68.6,HIGH
0.4109,0.277,2223.58,913.64,362.89,1276.52,57.4,MODERATE
0.5905,0.277,2223.58,1313.1,252.23,1565.32,70.4,HIGH
0.3049,0.277,2223.58,678.05,428.15,1106.2,49.7,LOW
0.2026,0.277,2223.58,450.6,491.16,941.76,42.4,LOW
0.3903,0.277,2223.58,867.97,375.54,1243.5,55.9,MODERATE
0.485,0.277,2223.58,1078.43,317.23,1395.66,62.8,MODERATE
0.4202,0.277,2223.58,934.43,357.13,1291.56,58.1,MODERATE
0.4175,0.277,2223.58,928.35,358.81,1287.16,57.9,MODERATE
0.4295,0.277,2223.58,955.05,351.41,1306.47,58.8,MODERATE
0.4519,0.277,2223.58,1004.92,337.6,1342.52,60.4,MODERATE
0.2132,0.277,2223.58,474.13,484.64,958.77,43.1,LOW
0.4235,0.277,2223.58,941.78,355.09,1296.87,58.3,MODERATE
0.3828,0.277,2223.58,851.13,380.2,1231.33,55.4,MODERATE
0.6409,0.277,2223.58,1425.01,221.22,1646.23,74.0,CRITICAL
0.7139,0.277,2223.58,1587.34,176.26,1763.59,79.3,CRITICAL
0.4938,0.277,2223.58,1098.0,311.81,1409.81,63.4,MODERATE
0.5773,0.277,2223.58,1283.78,260.35,1544.13,69.4,HIGH
0.3187,0.277,2223.58,708.67,419.67,1128.34,50.7,LOW
0.3593,0.277,2223.58,798.82,394.69,1193.52,53.7,LOW
0.5091,0.277,2223.58,1131.98,302.4,1434.38,64.5,MODERATE
0.4867,0.277,2223.58,1082.29,316.17,1398.45,62.9,MODERATE
0.4365,0.277,2223.58,970.57,347.11,1317.69,59.3,MODERATE
0.6467,0.277,2223.58,1437.97,217.63,1655.61,74.5,CRITICAL
0.4323,0.277,2223.58,961.34,349.67,1311.01,59.0,MODERATE
0.5523,0.277,2223.58,1228.05,275.79,1503.84,67.6,HIGH
0.4017,0.277,2223.58,893.29,368.52,1261.81,56.7,MODERATE
0.3746,0.277,2223.58,832.86,385.26,1218.12,54.8,LOW
0.3182,0.277,2223.58,707.51,419.99,1127.5,50.7,LOW
0.488,0.277,2223.58,1085.13,315.38,1400.51,63.0,MODERATE
0.5556,0.277,2223.58,1235.38,273.75,1509.14,67.9,HIGH
0.5459,0.277,2223.58,1213.84,279.72,1493.56,67.2,HIGH
0.5312,0.277,2223.58,1181.13,288.79,1469.91,66.1,HIGH
0.4693,0.277,2223.58,1043.55,326.9,1370.45,61.6,MODERATE
0.4353,0.277,2223.58,967.97,347.83,1315.81,59.2,MODERATE
0.5793,0.277,2223.58,1288.2,259.12,1547.32,69.6,HIGH
0.6163,0.277,2223.58,1370.29,236.38,1606.67,72.3,CRITICAL
0.3906,0.277,2223.58,868.5,375.39,1243.89,55.9,MODERATE
0.2137,0.277,2223.58,475.11,484.37,959.48,43.2,LOW
0.5489,0.277,2223.58,1220.46,277.89,1498.35,67.4,HIGH
0.4052,0.277,2223.58,900.9,366.41,1267.31,57.0,MODERATE
0.3903,0.277,2223.58,867.8,375.58,1243.39,55.9,MODERATE
0.3737,0.277,2223.58,831.06,385.76,1216.82,54.7,LOW
0.4443,0.277,2223.58,987.95,342.3,1330.25,59.8,MODERATE
0.3241,0.277,2223.58,720.76,416.32,1137.08,51.1,LOW
0.4568,0.277,2223.58,1015.65,334.63,1350.28,60.7,MODERATE
0.554,0.277,2223.58,1231.84,274.74,1506.57,67.8,HIGH
0.5054,0.277,2223.58,1123.9,304.64,1428.54,64.2,MODERATE
0.4556,0.277,2223.58,1013.11,335.33,1348.44,60.6,MODERATE
0.4065,0.277,2223.58,903.94,365.57,1269.51,57.1,MODERATE
0.5605,0.277,2223.58,1246.41,270.7,1517.11,68.2,HIGH
0.4505,0.277,2223.58,1001.69,338.49,1340.19,60.3,MODERATE
0.4271,0.277,2223.58,949.68,352.9,1302.58,58.6,MODERATE
0.595,0.277,2223.58,1323.05,249.47,1572.52,70.7,HIGH
0.4689,0.277,2223.58,1042.71,327.13,1369.84,61.6,MODERATE
0.4742,0.277,2223.58,1054.34,323.91,1378.25,62.0,MODERATE
0.5694,0.277,2223.58,1266.13,265.24,1531.37,68.9,HIGH
0.4293,0.277,2223.58,954.56,351.55,1306.11,58.7,MODERATE
0.6467,0.277,2223.58,1438.03,217.62,1655.65,74.5,CRITICAL
0.5297,0.277,2223.58,1177.92,289.67,1467.6,66.0,HIGH
0.5178,0.277,2223.58,1151.43,297.01,1448.44,65.1,HIGH
0.5279,0.277,2223.58,1173.9,290.79,1464.69,65.9,HIGH
0.6801,0.277,2223.58,1512.37,197.02,1709.39,76.9,CRITICAL
0.6291,0.277,2223.58,1398.83,228.48,1627.3,73.2,CRITICAL
0.5664,0.277,2223.58,1259.42,267.1,1526.52,68.7,HIGH
0.5294,0.277,2223.58,1177.1,289.9,1467.0,66.0,HIGH
0.4691,0.277,2223.58,1043.18,327.0,1370.18,61.6,MODERATE
0.487,0.277,2223.58,1082.9,316.0,1398.89,62.9,MODERATE
0.5149,0.277,2223.58,1144.87,298.83,1443.7,64.9,MODERATE
0.5172,0.277,2223.58,1150.06,297.39,1447.45,65.1,HIGH
0.3819,0.277,2223.58,849.25,380.72,1229.97,55.3,MODERATE
0.5478,0.277,2223.58,1218.02,278.57,1496.58,67.3,HIGH
0.4465,0.277,2223.58,992.87,340.94,1333.81,60.0,MODERATE
0.3733,0.277,2223.58,830.09,386.03,1216.12,54.7,LOW
0.7395,0.277,2223.58,1644.32,160.47,1804.79,81.2,CRITICAL
0.4359,0.277,2223.58,969.28,347.47,1316.75,59.2,MODERATE
0.4996,0.277,2223.58,1110.88,308.25,1419.13,63.8,MODERATE
0.4837,0.277,2223.58,1075.64,318.01,1393.65,62.7,MODERATE
0.3107,0.277,2223.58,690.89,424.59,1115.48,50.2,LOW
0.6797,0.277,2223.58,1511.33,197.31,1708.64,76.8,CRITICAL
0.5702,0.277,2223.58,1267.95,264.73,1532.69,68.9,HIGH
0.472,0.277,2223.58,1049.46,325.26,1374.72,61.8,MODERATE
0.5231,0.277,2223.58,1163.05,293.79,1456.85,65.5,HIGH
0.5547,0.277,2223.58,1233.41,274.3,1507.71,67.8,HIGH
0.6285,0.277,2223.58,1397.57,228.82,1626.4,73.1,CRITICAL
0.4449,0.277,2223.58,989.22,341.95,1331.17,59.9,MODERATE
0.4154,0.277,2223.58,923.66,360.11,1283.77,57.7,MODERATE
0.307,0.277,2223.58,682.69,426.87,1109.55,49.9,LOW
0.5653,0.277,2223.58,1256.97,267.78,1524.74,68.6,HIGH
0.5394,0.277,2223.58,1199.45,283.71,1483.16,66.7,HIGH
0.4393,0.277,2223.58,976.85,345.37,1322.23,59.5,MODERATE
0.4067,0.277,2223.58,904.3,365.47,1269.77,57.1,MODERATE
0.5646,0.277,2223.58,1255.4,268.21,1523.61,68.5,HIGH
0.555,0.277,2223.58,1234.06,274.12,1508.18,67.8,HIGH
0.4371,0.277,2223.58,971.97,346.73,1318.69,59.3,MODERATE
0.55,0.277,2223.58,1223.05,277.17,1500.22,67.5,HIGH
0.6777,0.277,2223.58,1506.89,198.54,1705.43,76.7,CRITICAL
0.5124,0.277,2223.58,1139.38,300.35,1439.73,64.7,MODERATE
0.4347,0.277,2223.58,966.49,348.25,1314.73,59.1,MODERATE
0.5292,0.277,2223.58,1176.74,290.0,1466.74,66.0,HIGH
0.5116,0.277,2223.58,1137.58,300.85,1438.43,64.7,MODERATE
0.5648,0.277,2223.58,1255.79,268.1,1523.89,68.5,HIGH
0.6432,0.277,2223.58,1430.31,219.75,1650.07,74.2,CRITICAL
0.534,0.277,2223.58,1187.32,287.07,1474.39,66.3,HIGH
0.4011,0.277,2223.58,891.98,368.89,1260.87,56.7,MODERATE
0.4465,0.277,2223.58,992.78,340.96,1333.74,60.0,MODERATE
0.3886,0.277,2223.58,864.17,376.59,1240.76,55.8,MODERATE
0.5119,0.277,2223.58,1138.18,300.68,1438.86,64.7,MODERATE
0.6107,0.277,2223.58,1358.02,239.78,1597.8,71.9,HIGH
0.6044,0.277,2223.58,1343.85,243.71,1587.56,71.4,HIGH
0.4423,0.277,2223.58,983.48,343.54,1327.02,59.7,MODERATE
0.385,0.277,2223.58,856.03,378.85,1234.87,55.5,MODERATE
0.4811,0.277,2223.58,1069.69,319.65,1389.35,62.5,MODERATE
0.5048,0.277,2223.58,1122.52,305.02,1427.54,64.2,MODERATE
0.5792,0.277,2223.58,1287.81,259.23,1547.04,69.6,HIGH
0.4148,0.277,2223.58,922.45,360.45,1282.89,57.7,MODERATE
0.2272,0.277,2223.58,505.12,476.06,981.17,44.1,LOW
0.4248,0.277,2223.58,944.5,354.34,1298.83,58.4,MODERATE
0.2283,0.277,2223.58,507.63,475.36,982.99,44.2,LOW
0.4649,0.277,2223.58,1033.79,329.6,1363.39,61.3,MODERATE
0.6378,0.277,2223.58,1418.28,223.09,1641.37,73.8,CRITICAL
0.469,0.277,2223.58,1042.96,327.06,1370.02,61.6,MODERATE
0.3756,0.277,2223.58,835.15,384.63,1219.78,54.9,LOW
0.4365,0.277,2223.58,970.56,347.12,1317.68,59.3,MODERATE
0.4671,0.277,2223.58,1038.64,328.26,1366.9,61.5,MODERATE
0.5159,0.277,2223.58,1147.14,298.2,1445.34,65.0,HIGH
0.5253,0.277,2223.58,1167.98,292.43,1460.41,65.7,HIGH
0.3177,0.277,2223.58,706.5,420.27,1126.77,50.7,LOW
0.6347,0.277,2223.58,1411.25,225.04,1636.28,73.6,CRITICAL
0.2974,0.277,2223.58,661.23,432.81,1094.04,49.2,LOW
0.5476,0.277,2223.58,1217.57,278.69,1496.26,67.3,HIGH
0.504,0.277,2223.58,1120.7,305.53,1426.22,64.1,MODERATE
0.5267,0.277,2223.58,1171.16,291.55,1462.7,65.8,HIGH
0.5043,0.277,2223.58,1121.27,305.37,1426.64,64.2,MODERATE
0.5155,0.277,2223.58,1146.24,298.45,1444.69,65.0,MODERATE
0.3735,0.277,2223.58,830.61,385.89,1216.5,54.7,LOW
0.5982,0.277,2223.58,1330.21,247.49,1577.69,71.0,HIGH
0.6794,0.277,2223.58,1510.63,197.51,1708.13,76.8,CRITICAL
0.4954,0.277,2223.58,1101.51,310.84,1412.35,63.5,MODERATE
0.2757,0.277,2223.58,612.99,446.17,1059.16,47.6,LOW
0.4894,0.277,2223.58,1088.27,314.51,1402.78,63.1,MODERATE
0.4791,0.277,2223.58,1065.41,320.84,1386.25,62.3,MODERATE
0.4615,0.277,2223.58,1026.12,331.73,1357.84,61.1,MODERATE
0.5307,0.277,2223.58,1180.17,289.05,1469.22,66.1,HIGH
0.4704,0.277,2223.58,1045.94,326.23,1372.18,61.7,MODERATE
0.6316,0.277,2223.58,1404.46,226.92,1631.37,73.4,CRITICAL
0.5665,0.277,2223.58,1259.61,267.04,1526.65,68.7,HIGH
0.6327,0.277,2223.58,1406.95,226.23,1633.17,73.4,CRITICAL
0.4533,0.277,2223.58,1008.0,336.75,1344.75,60.5,MODERATE
0.418,0.277,2223.58,929.48,358.5,1287.98,57.9,MODERATE
0.4906,0.277,2223.58,1090.79,313.81,1404.6,63.2,MODERATE
0.3825,0.277,2223.58,850.46,380.39,1230.85,55.4,MODERATE
0.5791,0.277,2223.58,1287.75,259.25,1547.0,69.6,HIGH
0.55,0.277,2223.58,1222.96,277.2,1500.15,67.5,HIGH
0.5422,0.277,2223.58,1205.62,282.0,1487.62,66.9,HIGH
0.4716,0.277,2223.58,1048.68,325.48,1374.15,61.8,MODERATE
0.634,0.277,2223.58,1409.77,225.44,1635.22,73.5,CRITICAL
0.5013,0.277,2223.58,1114.65,307.2,1421.85,63.9,MODERATE
0.5556,0.277,2223.58,1235.5,273.72,1509.22,67.9,HIGH
0.4187,0.277,2223.58,931.1,358.05,1289.15,58.0,MODERATE
0.4318,0.277,2223.58,960.14,350.0,1310.15,58.9,MODERATE
0.6875,0.277,2223.58,1528.69,192.5,1721.19,77.4,CRITICAL
0.3344,0.277,2223.58,743.64,409.98,1153.62,51.9,LOW
0.5732,0.277,2223.58,1274.5,262.92,1537.42,69.1,HIGH
0.5937,0.277,2223.58,1320.12,250.28,1570.4,70.6,HIGH
0.4451,0.277,2223.58,989.73,341.81,1331.54,59.9,MODERATE
0.2241,0.277,2223.58,498.26,477.96,976.21,43.9,LOW
0.637,0.277,2223.58,1416.51,223.58,1640.09,73.8,CRITICAL
0.4198,0.277,2223.58,933.54,357.37,1290.92,58.1,MODERATE
0.4177,0.277,2223.58,928.85,358.67,1287.52,57.9,MODERATE
0.4836,0.277,2223.58,1075.22,318.12,1393.34,62.7,MODERATE
0.4959,0.277,2223.58,1102.58,310.54,1413.13,63.6,MODERATE
0.6069,0.277,2223.58,1349.39,242.17,1591.56,71.6,HIGH
0.398,0.277,2223.58,885.05,370.81,1255.86,56.5,MODERATE
0.4292,0.277,2223.58,954.44,351.58,1306.02,58.7,MODERATE
0.5028,0.277,2223.58,1117.96,306.28,1424.25,64.1,MODERATE
0.3913,0.277,2223.58,870.02,374.97,1244.99,56.0,MODERATE
0.6684,0.277,2223.58,1486.18,204.28,1690.46,76.0,CRITICAL
0.4363,0.277,2223.58,970.13,347.24,1317.37,59.2,MODERATE
0.3976,0.277,2223.58,884.18,371.05,1255.23,56.5,MODERATE
0.4153,0.277,2223.58,923.48,360.16,1283.64,57.7,MODERATE
0.5727,0.277,2223.58,1273.53,263.19,1536.72,69.1,HIGH
0.4736,0.277,2223.58,1052.98,324.28,1377.27,61.9,MODERATE
0.2376,0.277,2223.58,528.42,469.6,998.02,44.9,LOW
0.6444,0.277,2223.58,1432.98,219.01,1652.0,74.3,CRITICAL
0.3617,0.277,2223.58,804.26,393.19,1197.45,53.9,LOW
0.4505,0.277,2223.58,1001.73,338.48,1340.21,60.3,MODERATE
0.551,0.277,2223.58,1225.16,276.59,1501.74,67.5,HIGH
0.4457,0.277,2223.58,991.01,341.45,1332.46,59.9,MODERATE
0.3058,0.277,2223.58,680.02,427.61,1107.62,49.8,LOW
0.4794,0.277,2223.58,1066.0,320.68,1386.68,62.4,MODERATE
0.4065,0.277,2223.58,903.94,365.57,1269.51,57.1,MODERATE
0.5855,0.277,2223.58,1301.93,255.32,1557.25,70.0,HIGH
0.4918,0.277,2223.58,1093.55,313.05,1406.59,63.3,MODERATE
0.5399,0.277,2223.58,1200.57,283.4,1483.97,66.7,HIGH
0.6423,0.277,2223.58,1428.1,220.37,1648.47,74.1,CRITICAL
0.5938,0.277,2223.58,1320.38,250.21,1570.59,70.6,HIGH
0.5306,0.277,2223.58,1179.75,289.17,1468.91,66.1,HIGH
0.4676,0.277,2223.58,1039.8,327.94,1367.74,61.5,MODERATE
0.4002,0.277,2223.58,889.83,369.48,1259.31,56.6,MODERATE
0.46,0.277,2223.58,1022.76,332.66,1355.41,61.0,MODERATE
0.4365,0.277,2223.58,970.63,347.1,1317.73,59.3,MODERATE
0.4676,0.277,2223.58,1039.83,327.93,1367.76,61.5,MODERATE
0.5381,0.277,2223.58,1196.54,284.52,1481.05,66.6,HIGH
0.5327,0.277,2223.58,1184.45,287.87,1472.31,66.2,HIGH
0.4964,0.277,2223.58,1103.68,310.24,1413.92,63.6,MODERATE
0.4677,0.277,2223.58,1039.86,327.92,1367.78,61.5,MODERATE
0.5265,0.277,2223.58,1170.61,291.7,1462.31,65.8,HIGH
0.7469,0.277,2223.58,1660.79,155.91,1816.69,81.7,CRITICAL
0.5643,0.277,2223.58,1254.79,268.38,1523.17,68.5,HIGH
0.3201,0.277,2223.58,711.8,418.8,1130.6,50.8,LOW
0.5046,0.277,2223.58,1121.98,305.17,1427.15,64.2,MODERATE
0.4694,0.277,2223.58,1043.76,326.84,1370.6,61.6,MODERATE
0.5639,0.277,2223.58,1253.97,268.6,1522.58,68.5,HIGH
0.6868,0.277,2223.58,1527.16,192.93,1720.08,77.4,CRITICAL
0.2973,0.277,2223.58,661.08,432.85,1093.93,49.2,LOW
0.4092,0.277,2223.58,909.87,363.93,1273.8,57.3,MODERATE
0.4446,0.277,2223.58,988.69,342.09,1330.78,59.8,MODERATE
0.2847,0.277,2223.58,633.15,440.59,1073.74,48.3,LOW
0.4762,0.277,2223.58,1058.76,322.68,1381.45,62.1,MODERATE
0.3602,0.277,2223.58,800.86,394.13,1194.99,53.7,LOW
0.3745,0.277,2223.58,832.74,385.3,1218.04,54.8,LOW
0.55,0.277,2223.58,1222.94,277.2,1500.14,67.5,HIGH
0.3495,0.277,2223.58,777.11,400.71,1177.82,53.0,LOW
0.4771,0.277,2223.58,1060.95,322.08,1383.03,62.2,MODERATE
0.3816,0.277,2223.58,848.55,380.92,1229.47,55.3,MODERATE
0.3903,0.277,2223.58,867.8,375.58,1243.39,55.9,MODERATE
0.5677,0.277,2223.58,1262.22,266.32,1528.54,68.7,HIGH
0.406,0.277,2223.58,902.68,365.92,1268.61,57.1,MODERATE
0.5489,0.277,2223.58,1220.55,277.86,1498.41,67.4,HIGH
0.426,0.277,2223.58,947.22,353.58,1300.8,58.5,MODERATE
0.4205,0.277,2223.58,934.91,356.99,1291.9,58.1,MODERATE
0.6139,0.277,2223.58,1365.06,237.83,1602.89,72.1,CRITICAL
0.4741,0.277,2223.58,1054.11,323.97,1378.08,62.0,MODERATE
0.5263,0.277,2223.58,1170.35,291.77,1462.12,65.8,HIGH
0.612,0.277,2223.58,1360.89,238.99,1599.88,72.0,HIGH
0.3846,0.277,2223.58,855.23,379.07,1234.3,55.5,MODERATE
0.5151,0.277,2223.58,1145.35,298.7,1444.04,64.9,MODERATE
0.4542,0.277,2223.58,1009.99,336.19,1346.18,60.5,MODERATE
0.2986,0.277,2223.58,664.0,432.04,1096.04,49.3,LOW
0.3902,0.277,2223.58,867.64,375.63,1243.27,55.9,MODERATE
0.6003,0.277,2223.58,1334.72,246.23,1580.96,71.1,HIGH
0.3142,0.277,2223.58,698.62,422.45,1121.07,50.4,LOW
0.2455,0.277,2223.58,546.0,464.73,1010.73,45.5,LOW
0.6528,0.277,2223.58,1451.59,213.86,1665.45,74.9,CRITICAL
0.5755,0.277,2223.58,1279.58,261.51,1541.09,69.3,HIGH
0.4384,0.277,2223.58,974.85,345.93,1320.78,59.4,MODERATE
0.2554,0.277,2223.58,568.0,458.64,1026.64,46.2,LOW
0.5282,0.277,2223.58,1174.53,290.61,1465.14,65.9,HIGH
0.4709,0.277,2223.58,1047.18,325.89,1373.07,61.8,MODERATE
0.5367,0.277,2223.58,1193.32,285.41,1478.73,66.5,HIGH
0.6781,0.277,2223.58,1507.83,198.28,1706.11,76.7,CRITICAL
0.4984,0.277,2223.58,1108.19,308.99,1417.18,63.7,MODERATE
0.6221,0.277,2223.58,1383.28,232.78,1616.06,72.7,CRITICAL
0.4899,0.277,2223.58,1089.38,314.2,1403.58,63.1,MODERATE
0.4713,0.277,2223.58,1047.91,325.69,1373.6,61.8,MODERATE
0.38,0.277,2223.58,845.03,381.89,1226.92,55.2,MODERATE
0.5653,0.277,2223.58,1256.98,267.77,1524.75,68.6,HIGH
0.3877,0.277,2223.58,862.0,377.19,1239.19,55.7,MODERATE
0.4733,0.277,2223.58,1052.42,324.44,1376.86,61.9,MODERATE
0.2351,0.277,2223.58,522.69,471.19,993.88,44.7,LOW
0.6169,0.277,2223.58,1371.71,235.99,1607.7,72.3,CRITICAL
0.4325,0.277,2223.58,961.8,349.54,1311.35,59.0,MODERATE
0.5658,0.277,2223.58,1258.17,267.44,1525.61,68.6,HIGH
0.6555,0.277,2223.58,1457.52,212.22,1669.74,75.1,CRITICAL
0.5327,0.277,2223.58,1184.41,287.87,1472.29,66.2,HIGH
0.3312,0.277,2223.58,736.48,411.96,1148.44,51.6,LOW
0.3055,0.277,2223.58,679.26,427.81,1107.07,49.8,LOW
0.4653,0.277,2223.58,1034.52,329.4,1363.92,61.3,MODERATE
0.381,0.277,2223.58,847.08,381.32,1228.4,55.2,MODERATE
0.4312,0.277,2223.58,958.8,350.37,1309.18,58.9,MODERATE
0.3869,0.277,2223.58,860.39,377.64,1238.03,55.7,MODERATE
0.6107,0.277,2223.58,1357.89,239.82,1597.71,71.9,HIGH
0.5979,0.277,2223.58,1329.5,247.68,1577.18,70.9,HIGH
0.5983,0.277,2223.58,1330.48,247.41,1577.89,71.0,HIGH
0.3627,0.277,2223.58,806.46,392.58,1199.03,53.9,LOW
0.6324,0.277,2223.58,1406.24,226.42,1632.66,73.4,CRITICAL
0.3938,0.277,2223.58,875.6,373.42,1249.02,56.2,MODERATE
0.591,0.277,2223.58,1314.1,251.95,1566.05,70.4,HIGH
0.5491,0.277,2223.58,1221.04,277.73,1498.77,67.4,HIGH
0.417,0.277,2223.58,927.3,359.1,1286.4,57.9,MODERATE
0.4759,0.277,2223.58,1058.23,322.83,1381.06,62.1,MODERATE
0.5192,0.277,2223.58,1154.37,296.2,1450.57,65.2,HIGH
0.3515,0.277,2223.58,781.48,399.5,1180.98,53.1,LOW
0.4668,0.277,2223.58,1037.98,328.44,1366.42,61.5,MODERATE
0.4223,0.277,2223.58,938.97,355.87,1294.84,58.2,MODERATE
0.4007,0.277,2223.58,891.08,369.13,1260.22,56.7,MODERATE
0.4619,0.277,2223.58,1027.07,331.46,1358.53,61.1,MODERATE
0.4047,0.277,2223.58,899.81,366.72,1266.52,57.0,MODERATE
0.3957,0.277,2223.58,879.9,372.23,1252.14,56.3,MODERATE
0.4182,0.277,2223.58,929.94,358.37,1288.31,57.9,MODERATE
0.5764,0.277,2223.58,1281.68,260.93,1542.61,69.4,HIGH
0.5676,0.277,2223.58,1262.05,266.37,1528.42,68.7,HIGH
0.523,0.277,2223.58,1162.93,293.83,1456.75,65.5,HIGH
0.3014,0.277,2223.58,670.15,430.34,1100.49,49.5,LOW
0.5216,0.277,2223.58,1159.9,294.67,1454.57,65.4,HIGH
0.3932,0.277,2223.58,874.35,373.77,1248.12,56.1,MODERATE
0.5134,0.277,2223.58,1141.52,299.76,1441.28,64.8,MODERATE
0.4767,0.277,2223.58,1060.0,322.34,1382.34,62.2,MODERATE
0.4747,0.277,2223.58,1055.52,323.58,1379.1,62.0,MODERATE
0.3282,0.277,2223.58,729.84,413.8,1143.64,51.4,LOW
0.5401,0.277,2223.58,1201.01,283.28,1484.29,66.8,HIGH
0.6341,0.277,2223.58,1410.01,225.38,1635.39,73.5,CRITICAL
0.5768,0.277,2223.58,1282.62,260.67,1543.29,69.4,HIGH
0.363,0.277,2223.58,807.23,392.36,1199.59,53.9,LOW
0.6821,0.277,2223.58,1516.76,195.81,1712.57,77.0,CRITICAL
0.5124,0.277,2223.58,1139.38,300.35,1439.73,64.7,MODERATE
0.5418,0.277,2223.58,1204.8,282.23,1487.03,66.9,HIGH
0.5918,0.277,2223.58,1315.81,251.47,1567.29,70.5,HIGH
0.5084,0.277,2223.58,1130.42,302.83,1433.26,64.5,MODERATE
0.4276,0.277,2223.58,950.72,352.61,1303.33,58.6,MODERATE
0.4744,0.277,2223.58,1054.93,323.75,1378.67,62.0,MODERATE
0.4537,0.277,2223.58,1008.91,336.49,1345.4,60.5,MODERATE
0.4159,0.277,2223.58,924.87,359.78,1284.64,57.8,MODERATE
0.5369,0.277,2223.58,1193.92,285.24,1479.16,66.5,HIGH
0.2793,0.277,2223.58,620.97,443.96,1064.93,47.9,LOW
0.2957,0.277,2223.58,657.44,433.86,1091.3,49.1,LOW
0.5098,0.277,2223.58,1133.53,301.97,1435.5,64.6,MODERATE
0.5779,0.277,2223.58,1285.07,259.99,1545.06,69.5,HIGH
0.6544,0.277,2223.58,1455.15,212.88,1668.02,75.0,CRITICAL
0.5204,0.277,2223.58,1157.2,295.41,1452.61,65.3,HIGH
0.4942,0.277,2223.58,1098.98,311.54,1410.52,63.4,MODERATE
0.3181,0.277,2223.58,707.3,420.05,1127.35,50.7,LOW
0.5742,0.277,2223.58,1276.7,262.31,1539.01,69.2,HIGH
0.6192,0.277,2223.58,1376.83,234.57,1611.4,72.5,CRITICAL
0.4571,0.277,2223.58,1016.38,334.42,1350.8,60.7,MODERATE
0.5485,0.277,2223.58,1219.6,278.13,1497.73,67.4,HIGH
0.4322,0.277,2223.58,961.1,349.74,1310.84,59.0,MODERATE
0.476,0.277,2223.58,1058.46,322.77,1381.22,62.1,MODERATE
0.6055,0.277,2223.58,1346.28,243.03,1589.32,71.5,HIGH
0.4569,0.277,2223.58,1015.88,334.56,1350.44,60.7,MODERATE
0.5929,0.277,2223.58,1318.29,250.79,1569.08,70.6,HIGH
0.3924,0.277,2223.58,872.63,374.25,1246.88,56.1,MODERATE
0.6786,0.277,2223.58,1509.03,197.95,1706.98,76.8,CRITICAL
0.4248,0.277,2223.58,944.49,354.34,1298.83,58.4,MODERATE
0.4131,0.277,2223.58,918.47,361.55,1280.01,57.6,MODERATE
0.6842,0.277,2223.58,1521.33,194.54,1715.87,77.2,CRITICAL
0.4037,0.277,2223.58,897.57,367.34,1264.91,56.9,MODERATE
0.4548,0.277,2223.58,1011.18,335.86,1347.05,60.6,MODERATE
0.4861,0.277,2223.58,1080.82,316.57,1397.39,62.8,MODERATE
0.5201,0.277,2223.58,1156.49,295.61,1452.1,65.3,HIGH
0.5761,0.277,2223.58,1280.96,261.13,1542.09,69.4,HIGH
0.316,0.277,2223.58,702.67,421.33,1124.0,50.5,LOW
0.4834,0.277,2223.58,1074.87,318.22,1393.09,62.7,MODERATE
0.4302,0.277,2223.58,956.64,350.97,1307.61,58.8,MODERATE
0.4205,0.277,2223.58,934.97,356.98,1291.95,58.1,MODERATE
0.5101,0.277,2223.58,1134.23,301.78,1436.01,64.6,MODERATE
0.4407,0.277,2223.58,979.9,344.53,1324.43,59.6,MODERATE
0.4684,0.277,2223.58,1041.55,327.45,1369.0,61.6,MODERATE
0.4656,0.277,2223.58,1035.37,329.16,1364.53,61.4,MODERATE
0.6396,0.277,2223.58,1422.22,222.0,1644.21,73.9,CRITICAL
0.626,0.277,2223.58,1392.06,230.35,1622.41,73.0,CRITICAL
0.5192,0.277,2223.58,1154.5,296.16,1450.66,65.2,HIGH
0.4525,0.277,2223.58,1006.16,337.26,1343.41,60.4,MODERATE
0.3946,0.277,2223.58,877.52,372.89,1250.41,56.2,MODERATE
0.5085,0.277,2223.58,1130.72,302.75,1433.47,64.5,MODERATE
0.3969,0.277,2223.58,882.45,371.53,1253.98,56.4,MODERATE
0.4799,0.277,2223.58,1067.17,320.35,1387.52,62.4,MODERATE
0.6285,0.277,2223.58,1397.46,228.86,1626.31,73.1,CRITICAL
0.3952,0.277,2223.58,878.83,372.53,1251.36,56.3,MODERATE
0.4682,0.277,2223.58,1041.14,327.56,1368.71,61.6,MODERATE
0.4178,0.277,2223.58,929.01,358.63,1287.64,57.9,MODERATE
0.5803,0.277,2223.58,1290.41,258.51,1548.92,69.7,HIGH
0.5967,0.277,2223.58,1326.86,248.41,1575.27,70.8,HIGH
0.5702,0.277,2223.58,1267.93,264.74,1532.67,68.9,HIGH
0.4341,0.277,2223.58,965.27,348.58,1313.85,59.1,MODERATE
0.4689,0.277,2223.58,1042.58,327.17,1369.75,61.6,MODERATE
0.2522,0.277,2223.58,560.75,460.64,1021.4,45.9,LOW
0.4902,0.277,2223.58,1089.93,314.05,1403.98,63.1,MODERATE
0.4205,0.277,2223.58,934.95,356.98,1291.93,58.1,MODERATE
0.4167,0.277,2223.58,926.58,359.3,1285.88,57.8,MODERATE
0.5486,0.277,2223.58,1219.82,278.07,1497.88,67.4,HIGH
0.5865,0.277,2223.58,1304.03,254.74,1558.77,70.1,HIGH
0.5477,0.277,2223.58,1217.83,278.62,1496.45,67.3,HIGH
0.3915,0.277,2223.58,870.59,374.81,1245.4,56.0,MODERATE
0.415,0.277,2223.58,922.87,360.33,1283.2,57.7,MODERATE
0.4889,0.277,2223.58,1087.07,314.84,1401.91,63.0,MODERATE
0.436,0.277,2223.58,969.39,347.44,1316.83,59.2,MODERATE
0.4981,0.277,2223.58,1107.52,309.18,1416.7,63.7,MODERATE
0.4906,0.277,2223.58,1090.84,313.8,1404.64,63.2,MODERATE
0.6334,0.277,2223.58,1408.37,225.83,1634.2,73.5,CRITICAL
0.3147,0.277,2223.58,699.74,422.14,1121.88,50.5,LOW
0.5846,0.277,2223.58,1299.81,255.91,1555.71,70.0,HIGH
0.5354,0.277,2223.58,1190.5,286.19,1476.69,66.4,HIGH
0.6193,0.277,2223.58,1377.05,234.51,1611.56,72.5,CRITICAL
0.4913,0.277,2223.58,1092.39,313.37,1405.76,63.2,MODERATE
0.4837,0.277,2223.58,1075.48,318.05,1393.53,62.7,MODERATE
0.62,0.277,2223.58,1378.62,234.07,1612.7,72.5,CRITICAL
0.5965,0.277,2223.58,1326.47,248.52,1574.99,70.8,HIGH
0.2249,0.277,2223.58,500.04,477.46,977.51,44.0,LOW
0.401,0.277,2223.58,891.59,368.99,1260.59,56.7,MODERATE
0.4522,0.277,2223.58,1005.42,337.46,1342.88,60.4,MODERATE
0.5655,0.277,2223.58,1257.36,267.67,1525.03,68.6,HIGH
0.5286,0.277,2223.58,1175.33,290.39,1465.72,65.9,HIGH
0.5266,0.277,2223.58,1170.83,291.64,1462.47,65.8,HIGH
0.6173,0.277,2223.58,1372.59,235.74,1608.34,72.3,CRITICAL
0.4568,0.277,2223.58,1015.78,334.59,1350.37,60.7,MODERATE
0.4357,0.277,2223.58,968.79,347.61,1316.4,59.2,MODERATE
0.3541,0.277,2223.58,787.35,397.87,1185.22,53.3,LOW
0.3979,0.277,2223.58,884.87,370.86,1255.72,56.5,MODERATE
0.4725,0.277,2223.58,1050.54,324.96,1375.5,61.9,MODERATE
0.4107,0.277,2223.58,913.27,362.99,1276.26,57.4,MODERATE
0.4475,0.277,2223.58,994.98,340.35,1335.33,60.1,MODERATE
0.5503,0.277,2223.58,1223.58,277.02,1500.6,67.5,HIGH
0.5196,0.277,2223.58,1155.4,295.91,1451.31,65.3,HIGH
0.3101,0.277,2223.58,689.64,424.94,1114.58,50.1,LOW
0.4017,0.277,2223.58,893.31,368.52,1261.82,56.7,MODERATE
0.423,0.277,2223.58,940.66,355.4,1296.06,58.3,MODERATE
0.4545,0.277,2223.58,1010.65,336.01,1346.66,60.6,MODERATE
0.5212,0.277,2223.58,1158.95,294.93,1453.88,65.4,HIGH
0.6219,0.277,2223.58,1382.81,232.91,1615.73,72.7,CRITICAL
0.3625,0.277,2223.58,806.04,392.69,1198.74,53.9,LOW
0.3932,0.277,2223.58,874.34,373.77,1248.11,56.1,MODERATE
0.4907,0.277,2223.58,1091.03,313.75,1404.77,63.2,MODERATE
0.4152,0.277,2223.58,923.19,360.24,1283.43,57.7,MODERATE
0.4866,0.277,2223.58,1082.1,316.22,1398.32,62.9,MODERATE
0.4808,0.277,2223.58,1069.1,319.82,1388.92,62.5,MODERATE
0.632,0.277,2223.58,1405.22,226.7,1631.93,73.4,CRITICAL
0.6172,0.277,2223.58,1372.29,235.83,1608.12,72.3,CRITICAL
0.5796,0.277,2223.58,1288.84,258.95,1547.78,69.6,HIGH
0.4206,0.277,2223.58,935.34,356.87,1292.21,58.1,MODERATE
0.4685,0.277,2223.58,1041.84,327.37,1369.21,61.6,MODERATE
0.5153,0.277,2223.58,1145.71,298.6,1444.31,65.0,MODERATE
0.4981,0.277,2223.58,1107.49,309.18,1416.67,63.7,MODERATE
0.2973,0.277,2223.58,661.05,432.86,1093.91,49.2,LOW
0.4764,0.277,2223.58,1059.39,322.51,1381.9,62.1,MODERATE
0.3612,0.277,2223.58,803.24,393.47,1196.71,53.8,LOW
0.4105,0.277,2223.58,912.79,363.12,1275.91,57.4,MODERATE
0.549,0.277,2223.58,1220.73,277.81,1498.54,67.4,HIGH
0.3788,0.277,2223.58,842.32,382.64,1224.96,55.1,MODERATE
0.2593,0.277,2223.58,576.67,456.23,1032.9,46.5,LOW
0.6484,0.277,2223.58,1441.87,216.55,1658.42,74.6,CRITICAL
0.4689,0.277,2223.58,1042.61,327.16,1369.77,61.6,MODERATE
0.6556,0.277,2223.58,1457.67,212.18,1669.85,75.1,CRITICAL
0.487,0.277,2223.58,1082.84,316.01,1398.85,62.9,MODERATE
0.5067,0.277,2223.58,1126.79,303.84,1430.63,64.3,MODERATE
0.5374,0.277,2223.58,1194.87,284.98,1479.85,66.6,HIGH
0.4886,0.277,2223.58,1086.44,315.02,1401.45,63.0,MODERATE
0.3996,0.277,2223.58,888.63,369.81,1258.45,56.6,MODERATE
0.5011,0.277,2223.58,1114.22,307.32,1421.54,63.9,MODERATE
0.4216,0.277,2223.58,937.39,356.31,1293.69,58.2,MODERATE
0.4602,0.277,2223.58,1023.31,332.5,1355.82,61.0,MODERATE
0.602,0.277,2223.58,1338.7,245.13,1583.83,71.2,HIGH
0.508,0.277,2223.58,1129.64,303.05,1432.69,64.4,MODERATE
0.7412,0.277,2223.58,1648.2,159.39,1807.6,81.3,CRITICAL
0.2672,0.277,2223.58,594.2,451.38,1045.58,47.0,LOW
0.39,0.277,2223.58,867.19,375.75,1242.94,55.9,MODERATE
0.4476,0.277,2223.58,995.24,340.28,1335.52,60.1,MODERATE
0.5922,0.277,2223.58,1316.71,251.22,1567.94,70.5,HIGH
0.6344,0.277,2223.58,1410.66,225.2,1635.86,73.6,CRITICAL
0.6104,0.277,2223.58,1357.3,239.98,1597.28,71.8,HIGH
0.2987,0.277,2223.58,664.1,432.01,1096.11,49.3,LOW
0.7192,0.277,2223.58,1599.3,172.94,1772.24,79.7,CRITICAL
0.5511,0.277,2223.58,1225.37,276.53,1501.9,67.5,HIGH
0.5996,0.277,2223.58,1333.33,246.62,1579.95,71.1,HIGH
0.2763,0.277,2223.58,614.37,445.79,1060.16,47.7,LOW
0.4442,0.277,2223.58,987.72,342.36,1330.09,59.8,MODERATE
0.4524,0.277,2223.58,1005.99,337.3,1343.29,60.4,MODERATE
0.4734,0.277,2223.58,1052.69,324.37,1377.05,61.9,MODERATE
0.4308,0.277,2223.58,957.89,350.63,1308.52,58.8,MODERATE
0.3659,0.277,2223.58,813.62,390.59,1204.22,54.2,LOW
0.553,0.277,2223.58,1229.6,275.36,1504.96,67.7,HIGH
0.4956,0.277,2223.58,1102.01,310.7,1412.71,63.5,MODERATE
0.4985,0.277,2223.58,1108.42,308.93,1417.35,63.7,MODERATE
0.4668,0.277,2223.58,1038.06,328.42,1366.48,61.5,MODERATE
0.5458,0.277,2223.58,1213.6,279.79,1493.39,67.2,HIGH
0.3967,0.277,2223.58,882.2,371.59,1253.8,56.4,MODERATE
0.568,0.277,2223.58,1262.95,266.12,1529.07,68.8,HIGH
0.2883,0.277,2223.58,640.98,438.42,1079.4,48.5,LOW
0.3686,0.277,2223.58,819.59,388.94,1208.53,54.4,LOW
0.5012,0.277,2223.58,1114.43,307.26,1421.69,63.9,MODERATE
0.35,0.277,2223.58,778.25,400.39,1178.64,53.0,LOW
0.3817,0.277,2223.58,848.68,380.88,1229.56,55.3,MODERATE
0.3312,0.277,2223.58,736.38,411.99,1148.37,51.6,LOW
0.395,0.277,2223.58,878.27,372.68,1250.96,56.3,MODERATE
0.6286,0.277,2223.58,1397.85,228.75,1626.6,73.2,CRITICAL
0.4706,0.277,2223.58,1046.52,326.07,1372.6,61.7,MODERATE
0.4586,0.277,2223.58,1019.78,333.48,1353.26,60.9,MODERATE
0.6981,0.277,2223.58,1552.19,185.99,1738.19,78.2,CRITICAL
0.4043,0.277,2223.58,899.1,366.91,1266.02,56.9,MODERATE
0.6494,0.277,2223.58,1443.89,215.99,1659.89,74.6,CRITICAL
0.5446,0.277,2223.58,1211.03,280.5,1491.53,67.1,HIGH
0.4977,0.277,2223.58,1106.71,309.4,1416.11,63.7,MODERATE
0.4213,0.277,2223.58,936.78,356.47,1293.26,58.2,MODERATE
0.5985,0.277,2223.58,1330.83,247.32,1578.14,71.0,HIGH
0.4775,0.277,2223.58,1061.69,321.87,1383.56,62.2,MODERATE
0.5434,0.277,2223.58,1208.29,281.26,1489.55,67.0,HIGH
0.5461,0.277,2223.58,1214.23,279.61,1493.85,67.2,HIGH
0.6469,0.277,2223.58,1438.35,217.53,1655.88,74.5,CRITICAL
0.2924,0.277,2223.58,650.08,435.9,1085.98,48.8,LOW
0.4489,0.277,2223.58,998.08,339.49,1337.58,60.2,MODERATE
0.3886,0.277,2223.58,864.14,376.6,1240.74,55.8,MODERATE
0.4583,0.277,2223.58,1019.06,333.68,1352.74,60.8,MODERATE
0.6277,0.277,2223.58,1395.85,229.3,1625.15,73.1,CRITICAL
0.5105,0.277,2223.58,1135.04,301.55,1436.59,64.6,MODERATE
0.5626,0.277,2223.58,1251.0,269.43,1520.43,68.4,HIGH
0.4869,0.277,2223.58,1082.56,316.09,1398.65,62.9,MODERATE
0.3979,0.277,2223.58,884.77,370.88,1255.66,56.5,MODERATE
0.6386,0.277,2223.58,1419.97,222.62,1642.59,73.9,CRITICAL
0.57,0.277,2223.58,1267.36,264.9,1532.26,68.9,HIGH
0.5307,0.277,2223.58,1180.12,289.06,1469.19,66.1,HIGH
0.5875,0.277,2223.58,1306.39,254.08,1560.48,70.2,HIGH
0.6061,0.277,2223.58,1347.77,242.62,1590.39,71.5,HIGH
0.5067,0.277,2223.58,1126.77,303.84,1430.61,64.3,MODERATE
0.6849,0.277,2223.58,1522.97,194.09,1717.05,77.2,CRITICAL
0.3578,0.277,2223.58,795.67,395.57,1191.23,53.6,LOW
0.4813,0.277,2223.58,1070.14,319.53,1389.67,62.5,MODERATE
0.4069,0.277,2223.58,904.73,365.36,1270.08,57.1,MODERATE
0.4023,0.277,2223.58,894.44,368.2,1262.65,56.8,MODERATE
0.3643,0.277,2223.58,810.02,391.59,1201.61,54.0,LOW
0.4446,0.277,2223.58,988.58,342.13,1330.71,59.8,MODERATE
0.4725,0.277,2223.58,1050.73,324.91,1375.64,61.9,MODERATE
0.3909,0.277,2223.58,869.28,375.17,1244.45,56.0,MODERATE
0.5245,0.277,2223.58,1166.2,292.92,1459.12,65.6,HIGH
0.4365,0.277,2223.58,970.56,347.12,1317.68,59.3,MODERATE
0.5562,0.277,2223.58,1236.85,273.35,1510.2,67.9,HIGH
0.516,0.277,2223.58,1147.45,298.11,1445.56,65.0,HIGH
0.4139,0.277,2223.58,920.44,361.0,1281.44,57.6,MODERATE
0.7485,0.277,2223.58,1664.29,154.94,1819.22,81.8,CRITICAL
0.3862,0.277,2223.58,858.85,378.06,1236.91,55.6,MODERATE
0.4711,0.277,2223.58,1047.42,325.83,1373.24,61.8,MODERATE
0.583,0.277,2223.58,1296.3,256.88,1553.18,69.9,HIGH
0.5707,0.277,2223.58,1268.98,264.45,1533.43,69.0,HIGH
0.3997,0.277,2223.58,888.87,369.75,1258.62,56.6,MODERATE
0.6272,0.277,2223.58,1394.56,229.66,1624.22,73.0,CRITICAL
0.6773,0.277,2223.58,1505.95,198.8,1704.75,76.7,CRITICAL
0.2699,0.277,2223.58,600.05,449.76,1049.81,47.2,LOW
0.6299,0.277,2223.58,1400.67,227.97,1628.64,73.2,CRITICAL
0.4083,0.277,2223.58,907.89,364.48,1272.37,57.2,MODERATE
0.4912,0.277,2223.58,1092.21,313.42,1405.63,63.2,MODERATE
0.5075,0.277,2223.58,1128.56,303.35,1431.91,64.4,MODERATE
0.5607,0.277,2223.58,1246.68,270.63,1517.31,68.2,HIGH
0.2897,0.277,2223.58,644.28,437.5,1081.79,48.7,LOW
0.4979,0.277,2223.58,1107.04,309.31,1416.35,63.7,MODERATE
0.4854,0.277,2223.58,1079.38,316.97,1396.35,62.8,MODERATE
0.4632,0.277,2223.58,1030.01,330.65,1360.66,61.2,MODERATE
0.4083,0.277,2223.58,907.93,364.47,1272.4,57.2,MODERATE
0.4065,0.277,2223.58,903.94,365.57,1269.51,57.1,MODERATE
0.4989,0.277,2223.58,1109.29,308.69,1417.98,63.8,MODERATE
0.4081,0.277,2223.58,907.41,364.61,1272.02,57.2,MODERATE
0.33,0.277,2223.58,733.84,412.69,1146.54,51.6,LOW
0.6971,0.277,2223.58,1550.16,186.55,1736.71,78.1,CRITICAL
0.4277,0.277,2223.58,951.09,352.51,1303.6,58.6,MODERATE
0.4016,0.277,2223.58,892.92,368.63,1261.54,56.7,MODERATE
0.6317,0.277,2223.58,1404.7,226.85,1631.55,73.4,CRITICAL
0.5295,0.277,2223.58,1177.32,289.84,1467.16,66.0,HIGH
0.5714,0.277,2223.58,1270.56,264.01,1534.57,69.0,HIGH
0.4954,0.277,2223.58,1101.6,310.82,1412.42,63.5,MODERATE
0.3345,0.277,2223.58,743.76,409.95,1153.71,51.9,LOW
0.4308,0.277,2223.58,957.87,350.63,1308.5,58.8,MODERATE
0.56,0.277,2223.58,1245.22,271.03,1516.25,68.2,HIGH
0.4292,0.277,2223.58,954.36,351.6,1305.97,58.7,MODERATE
0.3965,0.277,2223.58,881.54,371.78,1253.32,56.4,MODERATE
0.6899,0.277,2223.58,1534.08,191.01,1725.09,77.6,CRITICAL
0.6014,0.277,2223.58,1337.31,245.52,1582.83,71.2,HIGH
0.5387,0.277,2223.58,1197.84,284.16,1482.0,66.6,HIGH
0.5741,0.277,2223.58,1276.63,262.33,1538.96,69.2,HIGH
0.5016,0.277,2223.58,1115.44,306.98,1422.42,64.0,MODERATE
0.4174,0.277,2223.58,928.18,358.86,1287.04,57.9,MODERATE
0.4202,0.277,2223.58,934.43,357.13,1291.55,58.1,MODERATE
0.6814,0.277,2223.58,1515.13,196.26,1711.39,77.0,CRITICAL
0.6301,0.277,2223.58,1401.13,227.84,1628.97,73.3,CRITICAL
0.3145,0.277,2223.58,699.31,422.26,1121.57,50.4,LOW
0.4293,0.277,2223.58,954.5,351.57,1306.07,58.7,MODERATE
0.5891,0.277,2223.58,1309.89,253.12,1563.0,70.3,HIGH
0.4342,0.277,2223.58,965.37,348.55,1313.93,59.1,MODERATE
0.5342,0.277,2223.58,1187.79,286.94,1474.73,66.3,HIGH
0.5973,0.277,2223.58,1328.04,248.09,1576.13,70.9,HIGH
0.676,0.277,2223.58,1503.21,199.56,1702.77,76.6,CRITICAL
0.5235,0.277,2223.58,1164.13,293.49,1457.63,65.6,HIGH
0.529,0.277,2223.58,1176.33,290.12,1466.44,65.9,HIGH
0.7231,0.277,2223.58,1607.93,170.55,1778.48,80.0,CRITICAL
0.4748,0.277,2223.58,1055.74,323.52,1379.26,62.0,MODERATE
0.4964,0.277,2223.58,1103.71,310.23,1413.94,63.6,MODERATE
0.6262,0.277,2223.58,1392.37,230.27,1622.63,73.0,CRITICAL
0.6626,0.277,2223.58,1473.3,207.85,1681.14,75.6,CRITICAL
0.6551,0.277,2223.58,1456.69,212.45,1669.14,75.1,CRITICAL
0.5659,0.277,2223.58,1258.24,267.42,1525.66,68.6,HIGH
0.5865,0.277,2223.58,1304.23,254.68,1558.91,70.1,HIGH
0.2839,0.277,2223.58,631.34,441.09,1072.43,48.2,LOW
0.4941,0.277,2223.58,1098.72,311.61,1410.34,63.4,MODERATE
0.6753,0.277,2223.58,1501.64,200.0,1701.63,76.5,CRITICAL
0.5458,0.277,2223.58,1213.56,279.8,1493.36,67.2,HIGH
0.5496,0.277,2223.58,1222.09,277.44,1499.53,67.4,HIGH
0.4627,0.277,2223.58,1028.92,330.95,1359.87,61.2,MODERATE
0.5507,0.277,2223.58,1224.44,276.79,1501.22,67.5,HIGH
0.3858,0.277,2223.58,857.85,378.34,1236.19,55.6,MODERATE
0.2941,0.277,2223.58,654.03,434.8,1088.83,49.0,LOW
0.5667,0.277,2223.58,1260.17,266.89,1527.06,68.7,HIGH
0.4367,0.277,2223.58,971.13,346.96,1318.09,59.3,MODERATE
0.4841,0.277,2223.58,1076.48,317.77,1394.26,62.7,MODERATE
0.4447,0.277,2223.58,988.73,342.08,1330.81,59.8,MODERATE
0.5776,0.277,2223.58,1284.24,260.22,1544.46,69.5,HIGH
0.5019,0.277,2223.58,1115.92,306.85,1422.77,64.0,MODERATE
0.41,0.277,2223.58,911.57,363.46,1275.03,57.3,MODERATE
0.6559,0.277,2223.58,1458.52,211.94,1670.46,75.1,CRITICAL
0.6058,0.277,2223.58,1346.95,242.85,1589.8,71.5,HIGH
0.5917,0.277,2223.58,1315.69,251.51,1567.2,70.5,HIGH
0.4646,0.277,2223.58,1033.01,329.82,1362.82,61.3,MODERATE
0.7415,0.277,2223.58,1648.88,159.21,1808.08,81.3,CRITICAL
0.3492,0.277,2223.58,776.48,400.88,1177.36,52.9,LOW
0.415,0.277,2223.58,922.78,360.35,1283.14,57.7,MODERATE
0.539,0.277,2223.58,1198.57,283.95,1482.52,66.7,HIGH
0.482,0.277,2223.58,1071.71,319.1,1390.81,62.5,MODERATE
0.4997,0.277,2223.58,1111.04,308.2,1419.24,63.8,MODERATE
0.65,0.277,2223.58,1445.27,215.61,1660.88,74.7,CRITICAL
0.5122,0.277,2223.58,1138.85,300.5,1439.35,64.7,MODERATE
0.5314,0.277,2223.58,1181.51,288.68,1470.19,66.1,HIGH
0.4853,0.277,2223.58,1079.19,317.03,1396.21,62.8,MODERATE
0.3504,0.277,2223.58,779.06,400.17,1179.23,53.0,LOW
0.5823,0.277,2223.58,1294.88,257.27,1552.15,69.8,HIGH
0.5102,0.277,2223.58,1134.4,301.73,1436.13,64.6,MODERATE
0.5573,0.277,2223.58,1239.21,272.69,1511.91,68.0,HIGH
0.4897,0.277,2223.58,1088.9,314.33,1403.23,63.1,MODERATE
0.4872,0.277,2223.58,1083.37,315.87,1399.23,62.9,MODERATE
0.6119,0.277,2223.58,1360.67,239.05,1599.72,71.9,HIGH
0.5215,0.277,2223.58,1159.49,294.78,1454.27,65.4,HIGH
0.4013,0.277,2223.58,892.29,368.8,1261.09,56.7,MODERATE
0.4665,0.277,2223.58,1037.25,328.64,1365.89,61.4,MODERATE
0.3722,0.277,2223.58,827.51,386.75,1214.25,54.6,LOW
0.4773,0.277,2223.58,1061.33,321.97,1383.3,62.2,MODERATE
0.4624,0.277,2223.58,1028.14,331.17,1359.3,61.1,MODERATE
0.4472,0.277,2223.58,994.47,340.49,1334.97,60.0,MODERATE
0.3866,0.277,2223.58,859.68,377.83,1237.51,55.7,MODERATE
0.7106,0.277,2223.58,1580.07,178.27,1758.34,79.1,CRITICAL
0.5809,0.277,2223.58,1291.68,258.16,1549.84,69.7,HIGH
0.5735,0.277,2223.58,1275.16,262.74,1537.89,69.2,HIGH
0.5075,0.277,2223.58,1128.45,303.38,1431.83,64.4,MODERATE
0.3168,0.277,2223.58,704.4,420.85,1125.25,50.6,LOW
0.2297,0.277,2223.58,510.76,474.49,985.25,44.3,LOW
0.5432,0.277,2223.58,1207.92,281.36,1489.28,67.0,HIGH
0.5191,0.277,2223.58,1154.36,296.2,1450.56,65.2,HIGH
0.5891,0.277,2223.58,1310.01,253.08,1563.09,70.3,HIGH
0.4837,0.277,2223.58,1075.48,318.05,1393.53,62.7,MODERATE
0.3314,0.277,2223.58,736.95,411.83,1148.78,51.7,LOW
0.3855,0.277,2223.58,857.12,378.54,1235.66,55.6,MODERATE
0.1912,0.277,2223.58,425.24,498.18,923.42,41.5,LOW
0.5664,0.277,2223.58,1259.42,267.1,1526.52,68.7,HIGH
0.4396,0.277,2223.58,977.47,345.2,1322.68,59.5,MODERATE
0.4432,0.277,2223.58,985.57,342.96,1328.53,59.7,MODERATE
0.4143,0.277,2223.58,921.34,360.75,1282.09,57.7,MODERATE
0.2723,0.277,2223.58,605.4,448.28,1053.67,47.4,LOW
0.5014,0.277,2223.58,1114.85,307.15,1421.99,64.0,MODERATE
0.4058,0.277,2223.58,902.23,366.05,1268.28,57.0,MODERATE
0.4113,0.277,2223.58,914.47,362.66,1277.12,57.4,MODERATE
0.5849,0.277,2223.58,1300.51,255.71,1556.22,70.0,HIGH
0.411,0.277,2223.58,913.92,362.81,1276.73,57.4,MODERATE
0.4941,0.277,2223.58,1098.77,311.6,1410.37,63.4,MODERATE
0.4836,0.277,2223.58,1075.25,318.12,1393.36,62.7,MODERATE
0.5476,0.277,2223.58,1217.71,278.65,1496.36,67.3,HIGH
0.4799,0.277,2223.58,1067.07,320.38,1387.45,62.4,MODERATE
0.5447,0.277,2223.58,1211.08,280.49,1491.56,67.1,HIGH
0.5085,0.277,2223.58,1130.69,302.76,1433.45,64.5,MODERATE
0.376,0.277,2223.58,835.99,384.4,1220.38,54.9,LOW
0.3965,0.277,2223.58,881.59,371.76,1253.35,56.4,MODERATE
0.6689,0.277,2223.58,1487.26,203.98,1691.24,76.1,CRITICAL
0.5698,0.277,2223.58,1266.9,265.02,1531.93,68.9,HIGH
0.706,0.277,2223.58,1569.82,181.11,1750.93,78.7,CRITICAL
0.3941,0.277,2223.58,876.37,373.21,1249.58,56.2,MODERATE
0.4048,0.277,2223.58,900.21,366.61,1266.82,57.0,MODERATE
0.3727,0.277,2223.58,828.78,386.39,1215.18,54.6,LOW
0.6085,0.277,2223.58,1352.94,241.19,1594.13,71.7,HIGH
0.3987,0.277,2223.58,886.45,370.42,1256.87,56.5,MODERATE
0.4197,0.277,2223.58,933.34,357.43,1290.77,58.0,MODERATE
0.4506,0.277,2223.58,1001.97,338.42,1340.39,60.3,MODERATE
0.4649,0.277,2223.58,1033.8,329.6,1363.4,61.3,MODERATE
0.4388,0.277,2223.58,975.78,345.67,1321.45,59.4,MODERATE
0.5499,0.277,2223.58,1222.68,277.28,1499.95,67.5,HIGH
0.3964,0.277,2223.58,881.51,371.79,1253.29,56.4,MODERATE
0.6377,0.277,2223.58,1418.09,223.14,1641.23,73.8,CRITICAL
0.3785,0.277,2223.58,841.65,382.83,1224.47,55.1,MODERATE
0.4647,0.277,2223.58,1033.41,329.71,1363.11,61.3,MODERATE
0.4469,0.277,2223.58,993.76,340.69,1334.45,60.0,MODERATE
0.5665,0.277,2223.58,1259.59,267.05,1526.64,68.7,HIGH
0.5304,0.277,2223.58,1179.29,289.29,1468.59,66.0,HIGH
0.6399,0.277,2223.58,1422.77,221.85,1644.61,74.0,CRITICAL
0.6922,0.277,2223.58,1539.19,189.59,1728.78,77.7,CRITICAL
0.5848,0.277,2223.58,1300.46,255.73,1556.18,70.0,HIGH
0.5006,0.277,2223.58,1113.07,307.64,1420.71,63.9,MODERATE
0.5569,0.277,2223.58,1238.41,272.92,1511.33,68.0,HIGH
0.1765,0.277,2223.58,392.41,507.28,899.69,40.5,LOW
0.2984,0.277,2223.58,663.52,432.18,1095.69,49.3,LOW
0.3991,0.277,2223.58,887.5,370.13,1257.63,56.6,MODERATE
0.4414,0.277,2223.58,981.45,344.1,1325.55,59.6,MODERATE
0.5928,0.277,2223.58,1318.03,250.86,1568.89,70.6,HIGH
0.4746,0.277,2223.58,1055.42,323.61,1379.03,62.0,MODERATE
0.5884,0.277,2223.58,1308.44,253.52,1561.96,70.2,HIGH
0.3853,0.277,2223.58,856.81,378.63,1235.44,55.6,MODERATE
0.7222,0.277,2223.58,1605.85,171.13,1776.98,79.9,CRITICAL
0.4617,0.277,2223.58,1026.7,331.57,1358.26,61.1,MODERATE
0.5359,0.277,2223.58,1191.51,285.91,1477.42,66.4,HIGH
0.4729,0.277,2223.58,1051.42,324.72,1376.14,61.9,MODERATE
0.6882,0.277,2223.58,1530.34,192.04,1722.39,77.5,CRITICAL
0.6043,0.277,2223.58,1343.69,243.75,1587.44,71.4,HIGH
0.4616,0.277,2223.58,1026.37,331.66,1358.03,61.1,MODERATE
0.5017,0.277,2223.58,1115.57,306.95,1422.52,64.0,MODERATE
0.6988,0.277,2223.58,1553.76,185.56,1739.31,78.2,CRITICAL
0.4438,0.277,2223.58,986.9,342.59,1329.49,59.8,MODERATE
0.5158,0.277,2223.58,1146.84,298.28,1445.12,65.0,MODERATE
0.4838,0.277,2223.58,1075.77,317.97,1393.74,62.7,MODERATE
0.6864,0.277,2223.58,1526.16,193.2,1719.36,77.3,CRITICAL
0.2284,0.277,2223.58,507.84,475.3,983.14,44.2,LOW
0.6474,0.277,2223.58,1439.44,217.23,1656.67,74.5,CRITICAL
0.4,0.277,2223.58,889.43,369.59,1259.02,56.6,MODERATE
0.4728,0.277,2223.58,1051.31,324.75,1376.06,61.9,MODERATE
0.4511,0.277,2223.58,1002.96,338.14,1341.1,60.3,MODERATE
0.4145,0.277,2223.58,921.63,360.67,1282.3,57.7,MODERATE
0.4482,0.277,2223.58,996.69,339.88,1336.57,60.1,MODERATE
0.4897,0.277,2223.58,1088.99,314.31,1403.3,63.1,MODERATE
0.4919,0.277,2223.58,1093.83,312.97,1406.8,63.3,MODERATE
0.2744,0.277,2223.58,610.08,446.98,1057.06,47.5,LOW
0.4906,0.277,2223.58,1090.92,313.77,1404.7,63.2,MODERATE
0.4112,0.277,2223.58,914.3,362.7,1277.0,57.4,MODERATE
0.5737,0.277,2223.58,1275.73,262.58,1538.31,69.2,HIGH
0.6641,0.277,2223.58,1476.79,206.88,1683.67,75.7,CRITICAL
0.6525,0.277,2223.58,1450.83,214.07,1664.9,74.9,CRITICAL
0.4367,0.277,2223.58,970.97,347.0,1317.97,59.3,MODERATE
0.6809,0.277,2223.58,1514.01,196.57,1710.58,76.9,CRITICAL
0.4762,0.277,2223.58,1058.93,322.64,1381.57,62.1,MODERATE
0.4725,0.277,2223.58,1050.73,324.91,1375.64,61.9,MODERATE
0.5015,0.277,2223.58,1115.13,307.07,1422.2,64.0,MODERATE
0.1948,0.277,2223.58,433.17,495.99,929.16,41.8,LOW
0.4324,0.277,2223.58,961.45,349.64,1311.09,59.0,MODERATE
0.74,0.277,2223.58,1645.46,160.15,1805.61,81.2,CRITICAL
0.5021,0.277,2223.58,1116.45,306.7,1423.15,64.0,MODERATE
0.4172,0.277,2223.58,927.61,359.02,1286.62,57.9,MODERATE
0.394,0.277,2223.58,876.02,373.31,1249.33,56.2,MODERATE
0.6251,0.277,2223.58,1389.92,230.94,1620.86,72.9,CRITICAL
0.426,0.277,2223.58,947.35,353.55,1300.9,58.5,MODERATE
0.4611,0.277,2223.58,1025.35,331.94,1357.29,61.0,MODERATE
0.4799,0.277,2223.58,1067.06,320.38,1387.45,62.4,MODERATE
0.594,0.277,2223.58,1320.85,250.08,1570.93,70.6,HIGH
0.5529,0.277,2223.58,1229.41,275.41,1504.82,67.7,HIGH
0.477,0.277,2223.58,1060.58,322.18,1382.76,62.2,MODERATE
0.3794,0.277,2223.58,843.68,382.27,1225.94,55.1,MODERATE
0.5663,0.277,2223.58,1259.31,267.13,1526.44,68.6,HIGH
0.5302,0.277,2223.58,1178.86,289.41,1468.27,66.0,HIGH
0.4137,0.277,2223.58,919.99,361.13,1281.12,57.6,MODERATE
0.5256,0.277,2223.58,1168.78,292.21,1460.98,65.7,HIGH
0.6526,0.277,2223.58,1451.12,213.99,1665.11,74.9,CRITICAL
0.3282,0.277,2223.58,729.89,413.79,1143.68,51.4,LOW
0.5735,0.277,2223.58,1275.3,262.7,1537.99,69.2,HIGH
0.569,0.277,2223.58,1265.27,265.48,1530.74,68.8,HIGH
0.5769,0.277,2223.58,1282.72,260.64,1543.36,69.4,HIGH
0.4015,0.277,2223.58,892.67,368.69,1261.37,56.7,MODERATE
0.5751,0.277,2223.58,1278.85,261.71,1540.56,69.3,HIGH
0.5794,0.277,2223.58,1288.32,259.09,1547.41,69.6,HIGH
0.4689,0.277,2223.58,1042.53,327.18,1369.71,61.6,MODERATE
0.5488,0.277,2223.58,1220.36,277.92,1498.28,67.4,HIGH
0.452,0.277,2223.58,1005.15,337.53,1342.69,60.4,MODERATE
0.4689,0.277,2223.58,1042.73,327.13,1369.85,61.6,MODERATE
0.6965,0.277,2223.58,1548.64,186.97,1735.62,78.1,CRITICAL
0.6246,0.277,2223.58,1388.89,231.23,1620.12,72.9,CRITICAL
0.4357,0.277,2223.58,968.84,347.59,1316.44,59.2,MODERATE
0.6988,0.277,2223.58,1553.87,185.53,1739.4,78.2,CRITICAL
0.673,0.277,2223.58,1496.56,201.4,1697.96,76.4,CRITICAL
0.5561,0.277,2223.58,1236.5,273.45,1509.94,67.9,HIGH
0.4251,0.277,2223.58,945.29,354.12,1299.41,58.4,MODERATE
0.5536,0.277,2223.58,1230.98,274.97,1505.96,67.7,HIGH
0.4724,0.277,2223.58,1050.48,324.98,1375.46,61.9,MODERATE
0.4131,0.277,2223.58,918.47,361.55,1280.02,57.6,MODERATE
0.6124,0.277,2223.58,1361.69,238.76,1600.46,72.0,HIGH
0.4202,0.277,2223.58,934.36,357.15,1291.5,58.1,MODERATE
0.4713,0.277,2223.58,1047.88,325.7,1373.58,61.8,MODERATE
0.55,0.277,2223.58,1222.87,277.22,1500.09,67.5,HIGH
0.4338,0.277,2223.58,964.7,348.74,1313.44,59.1,MODERATE
0.5178,0.277,2223.58,1151.37,297.03,1448.4,65.1,HIGH
0.6184,0.277,2223.58,1374.98,235.08,1610.06,72.4,CRITICAL
0.5484,0.277,2223.58,1219.35,278.2,1497.55,67.3,HIGH
0.5039,0.277,2223.58,1120.55,305.57,1426.12,64.1,MODERATE
0.3907,0.277,2223.58,868.78,375.31,1244.09,55.9,MODERATE
0.4771,0.277,2223.58,1060.79,322.12,1382.91,62.2,MODERATE
0.66,0.277,2223.58,1467.55,209.44,1676.99,75.4,CRITICAL
0.3256,0.277,2223.58,723.99,415.42,1139.41,51.2,LOW
0.6561,0.277,2223.58,1459.0,211.81,1670.81,75.1,CRITICAL
0.5208,0.277,2223.58,1158.14,295.15,1453.29,65.4,HIGH
0.5603,0.277,2223.58,1245.96,270.83,1516.78,68.2,HIGH
0.4561,0.277,2223.58,1014.1,335.06,1349.16,60.7,MODERATE
0.6951,0.277,2223.58,1545.69,187.79,1733.48,78.0,CRITICAL
0.6318,0.277,2223.58,1404.84,226.81,1631.65,73.4,CRITICAL
0.4267,0.277,2223.58,948.77,353.15,1301.92,58.6,MODERATE
0.419,0.277,2223.58,931.59,357.91,1289.5,58.0,MODERATE
0.4841,0.277,2223.58,1076.47,317.78,1394.25,62.7,MODERATE
0.5006,0.277,2223.58,1113.07,307.64,1420.71,63.9,MODERATE
0.5852,0.277,2223.58,1301.16,255.53,1556.69,70.0,HIGH
0.5168,0.277,2223.58,1149.1,297.66,1446.76,65.1,HIGH
0.4652,0.277,2223.58,1034.5,329.4,1363.9,61.3,MODERATE
0.5566,0.277,2223.58,1237.68,273.12,1510.8,67.9,HIGH
0.5513,0.277,2223.58,1225.77,276.42,1502.19,67.6,HIGH
0.6138,0.277,2223.58,1364.81,237.9,1602.71,72.1,CRITICAL
0.5681,0.277,2223.58,1263.25,266.03,1529.29,68.8,HIGH
0.5937,0.277,2223.58,1320.15,250.27,1570.43,70.6,HIGH
0.4254,0.277,2223.58,945.86,353.96,1299.82,58.5,MODERATE
0.6356,0.277,2223.58,1413.27,224.48,1637.75,73.7,CRITICAL
0.581,0.277,2223.58,1291.83,258.12,1549.95,69.7,HIGH
0.5648,0.277,2223.58,1255.98,268.05,1524.03,68.5,HIGH
0.504,0.277,2223.58,1120.68,305.53,1426.21,64.1,MODERATE
0.3894,0.277,2223.58,865.83,376.13,1241.96,55.9,MODERATE
0.3769,0.277,2223.58,838.16,383.8,1221.96,55.0,LOW
0.5094,0.277,2223.58,1132.6,302.23,1434.83,64.5,MODERATE
0.3506,0.277,2223.58,779.69,399.99,1179.68,53.1,LOW
0.3766,0.277,2223.58,837.29,384.04,1221.33,54.9,LOW
0.4706,0.277,2223.58,1046.45,326.09,1372.54,61.7,MODERATE
0.3612,0.277,2223.58,803.1,393.51,1196.61,53.8,LOW
0.5454,0.277,2223.58,1212.73,280.03,1492.76,67.1,HIGH
0.5442,0.277,2223.58,1210.05,280.77,1490.82,67.0,HIGH
0.423,0.277,2223.58,940.47,355.45,1295.92,58.3,MODERATE
0.2987,0.277,2223.58,664.08,432.02,1096.1,49.3,LOW
0.3991,0.277,2223.58,887.48,370.13,1257.61,56.6,MODERATE
0.3832,0.277,2223.58,852.11,379.93,1232.04,55.4,MODERATE
0.3559,0.277,2223.58,791.33,396.77,1188.1,53.4,LOW
0.5994,0.277,2223.58,1332.71,246.79,1579.5,71.0,HIGH
0.5056,0.277,2223.58,1124.24,304.55,1428.78,64.3,MODERATE
0.5352,0.277,2223.58,1190.12,286.29,1476.41,66.4,HIGH
0.3988,0.277,2223.58,886.79,370.32,1257.11,56.5,MODERATE
0.4976,0.277,2223.58,1106.55,309.45,1415.99,63.7,MODERATE
0.3875,0.277,2223.58,861.65,377.29,1238.94,55.7,MODERATE
0.4563,0.277,2223.58,1014.67,334.9,1349.56,60.7,MODERATE
0.2391,0.277,2223.58,531.71,468.69,1000.4,45.0,LOW
0.5319,0.277,2223.58,1182.82,288.32,1471.14,66.2,HIGH
0.5611,0.277,2223.58,1247.76,270.33,1518.09,68.3,HIGH
0.5222,0.277,2223.58,1161.26,294.29,1455.55,65.5,HIGH
0.4837,0.277,2223.58,1075.52,318.04,1393.56,62.7,MODERATE
0.5632,0.277,2223.58,1252.27,269.08,1521.35,68.4,HIGH
0.3712,0.277,2223.58,825.43,387.32,1212.75,54.5,LOW
0.4998,0.277,2223.58,1111.38,308.11,1419.49,63.8,MODERATE
0.5106,0.277,2223.58,1135.33,301.47,1436.8,64.6,MODERATE
0.6602,0.277,2223.58,1468.05,209.3,1677.35,75.4,CRITICAL
0.5092,0.277,2223.58,1132.31,302.31,1434.62,64.5,MODERATE
0.4486,0.277,2223.58,997.53,339.65,1337.18,60.1,MODERATE
0.5211,0.277,2223.58,1158.61,295.02,1453.63,65.4,HIGH
0.463,0.277,2223.58,1029.45,330.8,1360.25,61.2,MODERATE
0.5822,0.277,2223.58,1294.67,257.33,1552.0,69.8,HIGH
0.642,0.277,2223.58,1427.57,220.51,1648.08,74.1,CRITICAL
0.4989,0.277,2223.58,1109.41,308.65,1418.06,63.8,MODERATE
0.4338,0.277,2223.58,964.65,348.75,1313.4,59.1,MODERATE
0.5422,0.277,2223.58,1205.69,281.98,1487.67,66.9,HIGH
0.4645,0.277,2223.58,1032.76,329.89,1362.64,61.3,MODERATE
0.386,0.277,2223.58,858.25,378.23,1236.48,55.6,MODERATE
0.567,0.277,2223.58,1260.84,266.7,1527.54,68.7,HIGH
0.567,0.277,2223.58,1260.8,266.71,1527.52,68.7,HIGH
0.6684,0.277,2223.58,1486.3,204.24,1690.55,76.0,CRITICAL
0.5039,0.277,2223.58,1120.56,305.56,1426.12,64.1,MODERATE
0.439,0.277,2223.58,976.25,345.54,1321.79,59.4,MODERATE
0.5707,0.277,2223.58,1268.96,264.45,1533.41,69.0,HIGH
0.3873,0.277,2223.58,861.09,377.44,1238.53,55.7,MODERATE
0.6877,0.277,2223.58,1529.26,192.34,1721.6,77.4,CRITICAL
0.3965,0.277,2223.58,881.7,371.73,1253.44,56.4,MODERATE
0.4382,0.277,2223.58,974.34,346.07,1320.41,59.4,MODERATE
0.5368,0.277,2223.58,1193.54,285.35,1478.89,66.5,HIGH
0.5424,0.277,2223.58,1206.02,281.89,1487.91,66.9,HIGH
0.3621,0.277,2223.58,805.07,392.96,1198.03,53.9,LOW
0.3796,0.277,2223.58,844.02,382.17,1226.19,55.1,MODERATE
0.5016,0.277,2223.58,1115.33,307.01,1422.34,64.0,MODERATE
0.5631,0.277,2223.58,1252.19,269.1,1521.29,68.4,HIGH
0.5046,0.277,2223.58,1122.01,305.16,1427.17,64.2,MODERATE
0.5135,0.277,2223.58,1141.74,299.7,1441.44,64.8,MODERATE
0.3981,0.277,2223.58,885.12,370.79,1255.91,56.5,MODERATE
0.4608,0.277,2223.58,1024.55,332.16,1356.71,61.0,MODERATE
0.5168,0.277,2223.58,1149.22,297.63,1446.84,65.1,HIGH
0.5629,0.277,2223.58,1251.65,269.25,1520.9,68.4,HIGH
0.5978,0.277,2223.58,1329.17,247.77,1576.95,70.9,HIGH
0.547,0.277,2223.58,1216.27,279.05,1495.32,67.2,HIGH
0.5049,0.277,2223.58,1122.74,304.96,1427.7,64.2,MODERATE
0.5017,0.277,2223.58,1115.47,306.97,1422.44,64.0,MODERATE
0.5804,0.277,2223.58,1290.65,258.44,1549.1,69.7,HIGH
0.7016,0.277,2223.58,1560.17,183.78,1743.95,78.4,CRITICAL
0.6029,0.277,2223.58,1340.53,244.63,1585.16,71.3,HIGH
0.2902,0.277,2223.58,645.2,437.25,1082.45,48.7,LOW
0.4223,0.277,2223.58,939.08,355.84,1294.92,58.2,MODERATE
0.481,0.277,2223.58,1069.44,319.73,1389.16,62.5,MODERATE
0.5035,0.277,2223.58,1119.65,305.82,1425.46,64.1,MODERATE
0.4145,0.277,2223.58,921.7,360.65,1282.35,57.7,MODERATE
0.3557,0.277,2223.58,790.85,396.9,1187.75,53.4,LOW
0.4579,0.277,2223.58,1018.21,333.92,1352.13,60.8,MODERATE
0.5311,0.277,2223.58,1181.0,288.82,1469.82,66.1,HIGH
0.3061,0.277,2223.58,680.55,427.46,1108.01,49.8,LOW
0.4368,0.277,2223.58,971.24,346.93,1318.17,59.3,MODERATE
0.5451,0.277,2223.58,1212.17,280.18,1492.36,67.1,HIGH
0.611,0.277,2223.58,1358.65,239.61,1598.25,71.9,HIGH
0.4033,0.277,2223.58,896.78,367.56,1264.33,56.9,MODERATE
0.2771,0.277,2223.58,616.24,445.27,1061.51,47.7,LOW
0.6509,0.277,2223.58,1447.25,215.06,1662.32,74.8,CRITICAL
0.3803,0.277,2223.58,845.53,381.75,1227.28,55.2,MODERATE
0.6379,0.277,2223.58,1418.47,223.04,1641.5,73.8,CRITICAL
0.5425,0.277,2223.58,1206.4,281.78,1488.19,66.9,HIGH
0.4167,0.277,2223.58,926.49,359.33,1285.82,57.8,MODERATE
0.4236,0.277,2223.58,941.84,355.07,1296.91,58.3,MODERATE
0.2902,0.277,2223.58,645.2,437.25,1082.45,48.7,LOW
0.5473,0.277,2223.58,1217.02,278.84,1495.86,67.3,HIGH
0.3391,0.277,2223.58,754.07,407.09,1161.16,52.2,LOW
0.4162,0.277,2223.58,925.55,359.59,1285.13,57.8,MODERATE
0.5018,0.277,2223.58,1115.84,306.87,1422.71,64.0,MODERATE
0.2563,0.277,2223.58,569.98,458.09,1028.07,46.2,LOW
0.5289,0.277,2223.58,1176.05,290.19,1466.24,65.9,HIGH
0.393,0.277,2223.58,873.84,373.91,1247.75,56.1,MODERATE
0.3646,0.277,2223.58,810.63,391.42,1202.05,54.1,LOW
0.5283,0.277,2223.58,1174.61,290.59,1465.2,65.9,HIGH
0.5496,0.277,2223.58,1222.07,277.44,1499.51,67.4,HIGH
0.5463,0.277,2223.58,1214.69,279.49,1494.18,67.2,HIGH
0.4947,0.277,2223.58,1099.96,311.27,1411.23,63.5,MODERATE
0.6066,0.277,2223.58,1348.86,242.32,1591.18,71.6,HIGH
0.4506,0.277,2223.58,1002.04,338.4,1340.43,60.3,MODERATE
0.3867,0.277,2223.58,859.76,377.81,1237.57,55.7,MODERATE
0.6269,0.277,2223.58,1393.97,229.82,1623.79,73.0,CRITICAL
0.6115,0.277,2223.58,1359.72,239.31,1599.03,71.9,HIGH
0.5012,0.277,2223.58,1114.49,307.25,1421.73,63.9,MODERATE
0.6434,0.277,2223.58,1430.65,219.66,1650.31,74.2,CRITICAL
0.5454,0.277,2223.58,1212.7,280.04,1492.74,67.1,HIGH
0.572,0.277,2223.58,1271.94,263.63,1535.57,69.1,HIGH
0.3851,0.277,2223.58,856.4,378.74,1235.14,55.5,MODERATE
0.5318,0.277,2223.58,1182.56,288.39,1470.95,66.2,HIGH
0.5859,0.277,2223.58,1302.73,255.1,1557.83,70.1,HIGH
0.4689,0.277,2223.58,1042.64,327.15,1369.79,61.6,MODERATE
0.4717,0.277,2223.58,1048.79,325.44,1374.24,61.8,MODERATE
0.4739,0.277,2223.58,1053.75,324.07,1377.82,62.0,MODERATE
0.3105,0.277,2223.58,690.48,424.71,1115.18,50.2,LOW
0.5987,0.277,2223.58,1331.16,247.22,1578.38,71.0,HIGH
0.6478,0.277,2223.58,1440.51,216.93,1657.44,74.5,CRITICAL
0.5915,0.277,2223.58,1315.3,251.62,1566.92,70.5,HIGH
0.6,0.277,2223.58,1334.05,246.42,1580.47,71.1,HIGH
0.6652,0.277,2223.58,1479.04,206.26,1685.29,75.8,CRITICAL
0.6643,0.277,2223.58,1477.2,206.77,1683.96,75.7,CRITICAL
0.6272,0.277,2223.58,1394.54,229.66,1624.21,73.0,CRITICAL
0.4524,0.277,2223.58,1006.04,337.29,1343.33,60.4,MODERATE
0.5312,0.277,2223.58,1181.07,288.8,1469.87,66.1,HIGH
0.4102,0.277,2223.58,912.12,363.31,1275.42,57.4,MODERATE
0.3418,0.277,2223.58,760.07,405.43,1165.5,52.4,LOW
0.6309,0.277,2223.58,1402.84,227.37,1630.2,73.3,CRITICAL
0.2656,0.277,2223.58,590.61,452.37,1042.98,46.9,LOW
0.5592,0.277,2223.58,1243.4,271.54,1514.93,68.1,HIGH
0.6062,0.277,2223.58,1347.98,242.56,1590.54,71.5,HIGH
0.5436,0.277,2223.58,1208.65,281.16,1489.81,67.0,HIGH
0.5562,0.277,2223.58,1236.81,273.36,1510.17,67.9,HIGH
0.5973,0.277,2223.58,1328.09,248.07,1576.16,70.9,HIGH
0.6898,0.277,2223.58,1533.9,191.06,1724.96,77.6,CRITICAL
0.4417,0.277,2223.58,982.23,343.89,1326.11,59.6,MODERATE
0.5566,0.277,2223.58,1237.65,273.13,1510.78,67.9,HIGH
0.5366,0.277,2223.58,1193.23,285.43,1478.66,66.5,HIGH
0.3889,0.277,2223.58,864.85,376.4,1241.25,55.8,MODERATE
0.6345,0.277,2223.58,1410.93,225.12,1636.06,73.6,CRITICAL
0.3997,0.277,2223.58,888.84,369.76,1258.6,56.6,MODERATE
0.4071,0.277,2223.58,905.11,365.25,1270.36,57.1,MODERATE
0.4801,0.277,2223.58,1067.46,320.27,1387.74,62.4,MODERATE
0.7345,0.277,2223.58,1633.21,163.55,1796.75,80.8,CRITICAL
0.2238,0.277,2223.58,497.59,478.14,975.73,43.9,LOW
0.4161,0.277,2223.58,925.29,359.66,1284.95,57.8,MODERATE
0.672,0.277,2223.58,1494.27,202.04,1696.31,76.3,CRITICAL
0.502,0.277,2223.58,1116.21,306.77,1422.98,64.0,MODERATE
0.4055,0.277,2223.58,901.74,366.18,1267.92,57.0,MODERATE
0.638,0.277,2223.58,1418.6,223.0,1641.6,73.8,CRITICAL
0.5981,0.277,2223.58,1329.97,247.55,1577.52,70.9,HIGH
0.5856,0.277,2223.58,1302.05,255.29,1557.33,70.0,HIGH
0.55,0.277,2223.58,1223.04,277.17,1500.21,67.5,HIGH
0.4669,0.277,2223.58,1038.22,328.37,1366.59,61.5,MODERATE
0.4999,0.277,2223.58,1111.48,308.08,1419.56,63.8,MODERATE
0.281,0.277,2223.58,624.82,442.89,1067.72,48.0,LOW
0.5997,0.277,2223.58,1333.45,246.59,1580.03,71.1,HIGH
0.5387,0.277,2223.58,1197.81,284.16,1481.98,66.6,HIGH
0.6029,0.277,2223.58,1340.52,244.63,1585.15,71.3,HIGH
0.1947,0.277,2223.58,433.0,496.03,929.03,41.8,LOW
0.566,0.277,2223.58,1258.47,267.36,1525.83,68.6,HIGH
0.5926,0.277,2223.58,1317.63,250.97,1568.6,70.5,HIGH
0.4402,0.277,2223.58,978.78,344.84,1323.62,59.5,MODERATE
0.5631,0.277,2223.58,1252.09,269.13,1521.22,68.4,HIGH
0.6788,0.277,2223.58,1509.32,197.87,1707.19,76.8,CRITICAL
0.5572,0.277,2223.58,1238.93,272.77,1511.71,68.0,HIGH
0.444,0.277,2223.58,987.29,342.48,1329.77,59.8,MODERATE
0.5466,0.277,2223.58,1215.43,279.28,1494.71,67.2,HIGH
0.3975,0.277,2223.58,883.82,371.15,1254.97,56.4,MODERATE
0.5789,0.277,2223.58,1287.17,259.41,1546.58,69.6,HIGH
0.4013,0.277,2223.58,892.3,368.8,1261.1,56.7,MODERATE
0.4391,0.277,2223.58,976.41,345.5,1321.91,59.4,MODERATE
0.557,0.277,2223.58,1238.54,272.88,1511.42,68.0,HIGH
0.5443,0.277,2223.58,1210.41,280.67,1491.08,67.1,HIGH
0.4254,0.277,2223.58,945.82,353.97,1299.79,58.5,MODERATE
0.6896,0.277,2223.58,1533.34,191.21,1724.55,77.6,CRITICAL
0.4967,0.277,2223.58,1104.4,310.04,1414.44,63.6,MODERATE
0.2314,0.277,2223.58,514.45,473.47,987.92,44.4,LOW
0.3883,0.277,2223.58,863.36,376.81,1240.17,55.8,MODERATE
0.4972,0.277,2223.58,1105.49,309.74,1415.23,63.6,MODERATE
0.556,0.277,2223.58,1236.3,273.5,1509.8,67.9,HIGH
0.4096,0.277,2223.58,910.79,363.68,1274.46,57.3,MODERATE
0.5344,0.277,2223.58,1188.35,286.78,1475.14,66.3,HIGH
0.709,0.277,2223.58,1576.57,179.24,1755.81,79.0,CRITICAL
0.6611,0.277,2223.58,1470.06,208.74,1678.8,75.5,CRITICAL
0.6891,0.277,2223.58,1532.33,191.49,1723.82,77.5,CRITICAL
0.5114,0.277,2223.58,1137.22,300.95,1438.17,64.7,MODERATE
0.4898,0.277,2223.58,1089.07,314.29,1403.36,63.1,MODERATE
0.4832,0.277,2223.58,1074.54,318.31,1392.85,62.6,MODERATE
0.4581,0.277,2223.58,1018.69,333.79,1352.47,60.8,MODERATE
0.5462,0.277,2223.58,1214.58,279.52,1494.1,67.2,HIGH
0.3018,0.277,2223.58,671.15,430.06,1101.21,49.5,LOW
0.3809,0.277,2223.58,846.94,381.36,1228.31,55.2,MODERATE
0.6711,0.277,2223.58,1492.31,202.58,1694.89,76.2,CRITICAL
0.5597,0.277,2223.58,1244.62,271.2,1515.82,68.2,HIGH
0.3108,0.277,2223.58,691.06,424.55,1115.61,50.2,LOW
0.5033,0.277,2223.58,1119.13,305.96,1425.09,64.1,MODERATE
0.6301,0.277,2223.58,1401.12,227.84,1628.96,73.3,CRITICAL
0.5212,0.277,2223.58,1159.03,294.91,1453.94,65.4,HIGH
0.5523,0.277,2223.58,1228.17,275.75,1503.93,67.6,HIGH
0.3789,0.277,2223.58,842.57,382.57,1225.15,55.1,MODERATE
0.4808,0.277,2223.58,1069.05,319.83,1388.88,62.5,MODERATE
0.562,0.277,2223.58,1249.67,269.8,1519.46,68.3,HIGH
0.4526,0.277,2223.58,1006.42,337.18,1343.6,60.4,MODERATE
0.4727,0.277,2223.58,1051.15,324.79,1375.94,61.9,MODERATE
0.3676,0.277,2223.58,817.33,389.57,1206.89,54.3,LOW
0.4078,0.277,2223.58,906.87,364.76,1271.63,57.2,MODERATE
0.5644,0.277,2223.58,1255.02,268.32,1523.33,68.5,HIGH
0.5092,0.277,2223.58,1132.15,302.35,1434.5,64.5,MODERATE
0.4342,0.277,2223.58,965.52,348.51,1314.03,59.1,MODERATE
0.6001,0.277,2223.58,1334.43,246.32,1580.74,71.1,HIGH
0.5134,0.277,2223.58,1141.66,299.72,1441.38,64.8,MODERATE
0.537,0.277,2223.58,1194.14,285.18,1479.32,66.5,HIGH
0.4688,0.277,2223.58,1042.43,327.21,1369.64,61.6,MODERATE
0.6244,0.277,2223.58,1388.51,231.34,1619.84,72.8,CRITICAL
0.6682,0.277,2223.58,1485.69,204.41,1690.11,76.0,CRITICAL
0.5132,0.277,2223.58,1141.04,299.89,1440.93,64.8,MODERATE
0.559,0.277,2223.58,1242.91,271.67,1514.58,68.1,HIGH
0.5274,0.277,2223.58,1172.67,291.13,1463.8,65.8,HIGH
0.5451,0.277,2223.58,1212.08,280.21,1492.29,67.1,HIGH
0.6075,0.277,2223.58,1350.74,241.8,1592.54,71.6,HIGH
0.5067,0.277,2223.58,1126.69,303.86,1430.56,64.3,MODERATE
0.6491,0.277,2223.58,1443.35,216.14,1659.5,74.6,CRITICAL
0.6363,0.277,2223.58,1414.97,224.01,1638.97,73.7,CRITICAL
0.4897,0.277,2223.58,1088.92,314.33,1403.25,63.1,MODERATE
0.6249,0.277,2223.58,1389.5,231.06,1620.56,72.9,CRITICAL
0.5159,0.277,2223.58,1147.14,298.2,1445.34,65.0,HIGH
0.6037,0.277,2223.58,1342.37,244.12,1586.49,71.3,HIGH
0.4194,0.277,2223.58,932.47,357.67,1290.14,58.0,MODERATE
0.5834,0.277,2223.58,1297.18,256.64,1553.82,69.9,HIGH
0.4073,0.277,2223.58,905.6,365.11,1270.71,57.1,MODERATE
0.647,0.277,2223.58,1438.61,217.46,1656.06,74.5,CRITICAL
0.4672,0.277,2223.58,1038.95,328.17,1367.12,61.5,MODERATE
0.3787,0.277,2223.58,842.17,382.68,1224.85,55.1,MODERATE
0.5392,0.277,2223.58,1198.92,283.86,1482.77,66.7,HIGH
0.5138,0.277,2223.58,1142.5,299.49,1441.98,64.8,MODERATE
0.5201,0.277,2223.58,1156.5,295.61,1452.11,65.3,HIGH
0.4876,0.277,2223.58,1084.13,315.66,1399.79,63.0,MODERATE
0.5185,0.277,2223.58,1152.92,296.6,1449.52,65.2,HIGH
0.524,0.277,2223.58,1165.21,293.19,1458.41,65.6,HIGH
0.5812,0.277,2223.58,1292.35,257.98,1550.32,69.7,HIGH
0.4594,0.277,2223.58,1021.41,333.03,1354.44,60.9,MODERATE
0.4095,0.277,2223.58,910.64,363.72,1274.36,57.3,MODERATE
0.4442,0.277,2223.58,987.68,342.37,1330.06,59.8,MODERATE
0.4312,0.277,2223.58,958.77,350.38,1309.15,58.9,MODERATE
0.3886,0.277,2223.58,864.07,376.62,1240.69,55.8,MODERATE
0.6052,0.277,2223.58,1345.68,243.2,1588.88,71.5,HIGH
0.453,0.277,2223.58,1007.3,336.94,1344.24,60.5,MODERATE
0.5243,0.277,2223.58,1165.93,292.99,1458.93,65.6,HIGH
0.701,0.277,2223.58,1558.8,184.16,1742.96,78.4,CRITICAL
0.5269,0.277,2223.58,1171.59,291.43,1463.02,65.8,HIGH
0.6827,0.277,2223.58,1518.09,195.44,1713.53,77.1,CRITICAL
0.4175,0.277,2223.58,928.35,358.81,1287.16,57.9,MODERATE
0.2653,0.277,2223.58,589.97,452.55,1042.52,46.9,LOW
0.3718,0.277,2223.58,826.71,386.97,1213.67,54.6,LOW
0.5044,0.277,2223.58,1121.68,305.25,1426.93,64.2,MODERATE
0.7091,0.277,2223.58,1576.64,179.22,1755.86,79.0,CRITICAL
0.4413,0.277,2223.58,981.34,344.13,1325.47,59.6,MODERATE
0.5078,0.277,2223.58,1129.07,303.21,1432.27,64.4,MODERATE
0.3969,0.277,2223.58,882.58,371.49,1254.07,56.4,MODERATE
0.5593,0.277,2223.58,1243.61,271.47,1515.09,68.1,HIGH
0.446,0.277,2223.58,991.66,341.27,1332.93,59.9,MODERATE
0.3685,0.277,2223.58,819.32,389.01,1208.34,54.3,LOW
0.2453,0.277,2223.58,545.34,464.91,1010.25,45.4,LOW
0.3084,0.277,2223.58,685.73,426.02,1111.75,50.0,LOW
0.443,0.277,2223.58,985.0,343.12,1328.12,59.7,MODERATE
0.5734,0.277,2223.58,1275.06,262.76,1537.83,69.2,HIGH
0.4129,0.277,2223.58,918.18,361.63,1279.81,57.6,MODERATE
0.6212,0.277,2223.58,1381.38,233.31,1614.69,72.6,CRITICAL
0.5467,0.277,2223.58,1215.7,279.21,1494.91,67.2,HIGH
0.6062,0.277,2223.58,1347.85,242.6,1590.45,71.5,HIGH
0.5612,0.277,2223.58,1247.78,270.32,1518.1,68.3,HIGH
0.6069,0.277,2223.58,1349.53,242.13,1591.67,71.6,HIGH
0.5771,0.277,2223.58,1283.32,260.47,1543.8,69.4,HIGH
0.4718,0.277,2223.58,1048.98,325.39,1374.37,61.8,MODERATE
0.4202,0.277,2223.58,934.36,357.15,1291.51,58.1,MODERATE
0.4655,0.277,2223.58,1035.18,329.22,1364.4,61.4,MODERATE
0.4322,0.277,2223.58,961.11,349.73,1310.85,59.0,MODERATE
0.4955,0.277,2223.58,1101.71,310.78,1412.5,63.5,MODERATE
0.3782,0.277,2223.58,841.06,382.99,1224.05,55.0,MODERATE
0.6293,0.277,2223.58,1399.4,228.32,1627.72,73.2,CRITICAL
0.5273,0.277,2223.58,1172.45,291.19,1463.64,65.8,HIGH
0.5997,0.277,2223.58,1333.46,246.59,1580.04,71.1,HIGH
0.522,0.277,2223.58,1160.78,294.42,1455.2,65.4,HIGH
0.5004,0.277,2223.58,1112.69,307.74,1420.43,63.9,MODERATE
0.6205,0.277,2223.58,1379.64,233.79,1613.43,72.6,CRITICAL
0.3873,0.277,2223.58,861.09,377.44,1238.53,55.7,MODERATE
0.5022,0.277,2223.58,1116.78,306.61,1423.39,64.0,MODERATE
0.6356,0.277,2223.58,1413.39,224.44,1637.83,73.7,CRITICAL
0.2739,0.277,2223.58,609.13,447.24,1056.37,47.5,LOW
0.4355,0.277,2223.58,968.47,347.7,1316.17,59.2,MODERATE
0.5939,0.277,2223.58,1320.51,250.17,1570.68,70.6,HIGH
0.5765,0.277,2223.58,1281.96,260.85,1542.82,69.4,HIGH
0.4343,0.277,2223.58,965.68,348.47,1314.15,59.1,MODERATE
0.548,0.277,2223.58,1218.48,278.44,1496.91,67.3,HIGH
0.5298,0.277,2223.58,1178.07,289.63,1467.7,66.0,HIGH
0.397,0.277,2223.58,882.82,371.42,1254.24,56.4,MODERATE
0.4385,0.277,2223.58,975.13,345.85,1320.98,59.4,MODERATE
0.4736,0.277,2223.58,1053.05,324.27,1377.31,61.9,MODERATE
0.4828,0.277,2223.58,1073.47,318.61,1392.08,62.6,MODERATE
0.5029,0.277,2223.58,1118.33,306.18,1424.51,64.1,MODERATE
0.4867,0.277,2223.58,1082.18,316.2,1398.38,62.9,MODERATE
0.5187,0.277,2223.58,1153.47,296.45,1449.92,65.2,HIGH
0.3595,0.277,2223.58,799.46,394.52,1193.98,53.7,LOW
0.4267,0.277,2223.58,948.74,353.16,1301.9,58.5,MODERATE
0.3069,0.277,2223.58,682.42,426.94,1109.36,49.9,LOW
0.5962,0.277,2223.58,1325.63,248.75,1574.38,70.8,HIGH
0.4256,0.277,2223.58,946.43,353.8,1300.23,58.5,MODERATE
0.47,0.277,2223.58,1045.06,326.48,1371.54,61.7,MODERATE
0.3031,0.277,2223.58,673.96,429.28,1103.24,49.6,LOW
0.6068,0.277,2223.58,1349.24,242.21,1591.45,71.6,HIGH
0.3491,0.277,2223.58,776.33,400.92,1177.26,52.9,LOW
0.4331,0.277,2223.58,963.02,349.21,1312.22,59.0,MODERATE
0.4152,0.277,2223.58,923.18,360.24,1283.42,57.7,MODERATE
0.5251,0.277,2223.58,1167.67,292.51,1460.18,65.7,HIGH
0.5736,0.277,2223.58,1275.35,262.68,1538.03,69.2,HIGH
0.6066,0.277,2223.58,1348.73,242.35,1591.09,71.6,HIGH
0.5389,0.277,2223.58,1198.38,284.0,1482.39,66.7,HIGH
0.4115,0.277,2223.58,915.08,362.49,1277.57,57.5,MODERATE
0.4336,0.277,2223.58,964.05,348.92,1312.97,59.0,MODERATE
0.5438,0.277,2223.58,1209.22,281.0,1490.22,67.0,HIGH
0.4218,0.277,2223.58,938.0,356.14,1294.13,58.2,MODERATE
0.4872,0.277,2223.58,1083.41,315.86,1399.26,62.9,MODERATE
0.4005,0.277,2223.58,890.53,369.29,1259.82,56.7,MODERATE
0.6494,0.277,2223.58,1443.93,215.98,1659.91,74.7,CRITICAL
0.5207,0.277,2223.58,1157.76,295.26,1453.02,65.3,HIGH
0.4343,0.277,2223.58,965.68,348.47,1314.15,59.1,MODERATE
0.3662,0.277,2223.58,814.36,390.39,1204.75,54.2,LOW
0.4956,0.277,2223.58,1101.99,310.71,1412.7,63.5,MODERATE
0.3159,0.277,2223.58,702.48,421.38,1123.86,50.5,LOW
0.5145,0.277,2223.58,1144.04,299.06,1443.1,64.9,MODERATE
0.4743,0.277,2223.58,1054.59,323.84,1378.43,62.0,MODERATE
0.3868,0.277,2223.58,860.0,377.75,1237.74,55.7,MODERATE
0.4178,0.277,2223.58,928.99,358.63,1287.62,57.9,MODERATE
0.6565,0.277,2223.58,1459.82,211.58,1671.4,75.2,CRITICAL
0.5881,0.277,2223.58,1307.59,253.75,1561.34,70.2,HIGH
0.6619,0.277,2223.58,1471.74,208.28,1680.02,75.6,CRITICAL
0.4038,0.277,2223.58,897.87,367.25,1265.13,56.9,MODERATE
0.4296,0.277,2223.58,955.27,351.35,1306.63,58.8,MODERATE
0.5098,0.277,2223.58,1133.69,301.93,1435.61,64.6,MODERATE
0.4473,0.277,2223.58,994.72,340.43,1335.14,60.0,MODERATE
0.2254,0.277,2223.58,501.29,477.12,978.41,44.0,LOW
0.611,0.277,2223.58,1358.55,239.64,1598.18,71.9,HIGH
0.7094,0.277,2223.58,1577.34,179.03,1756.36,79.0,CRITICAL
0.5134,0.277,2223.58,1141.59,299.74,1441.33,64.8,MODERATE
0.4619,0.277,2223.58,1027.16,331.44,1358.6,61.1,MODERATE
0.5907,0.277,2223.58,1313.45,252.13,1565.58,70.4,HIGH
0.6147,0.277,2223.58,1366.77,237.36,1604.13,72.1,CRITICAL
0.5159,0.277,2223.58,1147.2,298.18,1445.39,65.0,HIGH
0.5393,0.277,2223.58,1199.18,283.78,1482.97,66.7,HIGH
0.4706,0.277,2223.58,1046.38,326.11,1372.49,61.7,MODERATE
0.431,0.277,2223.58,958.38,350.49,1308.87,58.9,MODERATE
0.2606,0.277,2223.58,579.53,455.44,1034.97,46.5,LOW
0.4489,0.277,2223.58,998.06,339.5,1337.56,60.2,MODERATE
0.4203,0.277,2223.58,934.62,357.07,1291.69,58.1,MODERATE
0.5778,0.277,2223.58,1284.81,260.06,1544.87,69.5,HIGH
0.6409,0.277,2223.58,1425.2,221.17,1646.37,74.0,CRITICAL
0.694,0.277,2223.58,1543.09,188.51,1731.6,77.9,CRITICAL
0.5088,0.277,2223.58,1131.36,302.57,1433.93,64.5,MODERATE
0.4943,0.277,2223.58,1099.03,311.53,1410.56,63.4,MODERATE
0.5222,0.277,2223.58,1161.16,294.32,1455.47,65.5,HIGH
0.5467,0.277,2223.58,1215.53,279.26,1494.78,67.2,HIGH
0.4505,0.277,2223.58,1001.68,338.5,1340.17,60.3,MODERATE
0.7332,0.277,2223.58,1630.38,164.33,1794.71,80.7,CRITICAL
0.5633,0.277,2223.58,1252.54,269.0,1521.54,68.4,HIGH
0.4654,0.277,2223.58,1034.81,329.32,1364.13,61.3,MODERATE
0.4533,0.277,2223.58,1008.05,336.73,1344.78,60.5,MODERATE
0.519,0.277,2223.58,1154.01,296.3,1450.31,65.2,HIGH
0.5649,0.277,2223.58,1256.08,268.02,1524.1,68.5,HIGH
0.501,0.277,2223.58,1113.93,307.4,1421.33,63.9,MODERATE
0.1771,0.277,2223.58,393.84,506.88,900.72,40.5,LOW
0.4172,0.277,2223.58,927.74,358.98,1286.72,57.9,MODERATE
0.4527,0.277,2223.58,1006.53,337.15,1343.68,60.4,MODERATE
0.4122,0.277,2223.58,916.56,362.08,1278.64,57.5,MODERATE
0.5594,0.277,2223.58,1243.85,271.41,1515.26,68.1,HIGH
0.5233,0.277,2223.58,1163.62,293.64,1457.25,65.5,HIGH
0.5157,0.277,2223.58,1146.74,298.31,1445.05,65.0,MODERATE
0.5343,0.277,2223.58,1188.13,286.84,1474.98,66.3,HIGH
0.5134,0.277,2223.58,1141.54,299.75,1441.29,64.8,MODERATE
0.5885,0.277,2223.58,1308.49,253.5,1561.99,70.2,HIGH
0.4945,0.277,2223.58,1099.59,311.37,1410.96,63.5,MODERATE
0.4764,0.277,2223.58,1059.31,322.53,1381.84,62.1,MODERATE
0.5512,0.277,2223.58,1225.61,276.46,1502.07,67.6,HIGH
0.5435,0.277,2223.58,1208.45,281.22,1489.67,67.0,HIGH
0.2972,0.277,2223.58,660.79,432.93,1093.72,49.2,LOW
0.3917,0.277,2223.58,870.89,374.73,1245.62,56.0,MODERATE
0.4524,0.277,2223.58,1005.86,337.34,1343.2,60.4,MODERATE
0.6127,0.277,2223.58,1362.35,238.58,1600.93,72.0,HIGH
0.4338,0.277,2223.58,964.64,348.76,1313.4,59.1,MODERATE
0.6356,0.277,2223.58,1413.29,224.47,1637.76,73.7,CRITICAL
0.5069,0.277,2223.58,1127.11,303.75,1430.86,64.3,MODERATE
0.5481,0.277,2223.58,1218.84,278.34,1497.18,67.3,HIGH
0.5208,0.277,2223.58,1158.09,295.17,1453.26,65.4,HIGH
0.5334,0.277,2223.58,1186.08,287.41,1473.49,66.3,HIGH
0.506,0.277,2223.58,1125.02,304.33,1429.35,64.3,MODERATE
0.5967,0.277,2223.58,1326.72,248.45,1575.17,70.8,HIGH
0.5082,0.277,2223.58,1129.97,302.96,1432.93,64.4,MODERATE
0.5554,0.277,2223.58,1235.05,273.85,1508.9,67.9,HIGH
0.5662,0.277,2223.58,1258.91,267.24,1526.15,68.6,HIGH
0.2909,0.277,2223.58,646.78,436.81,1083.59,48.7,LOW
0.4824,0.277,2223.58,1072.7,318.82,1391.52,62.6,MODERATE
0.6133,0.277,2223.58,1363.69,238.21,1601.9,72.0,CRITICAL
0.496,0.277,2223.58,1102.93,310.45,1413.38,63.6,MODERATE
0.6044,0.277,2223.58,1344.02,243.66,1587.68,71.4,HIGH
0.5001,0.277,2223.58,1111.91,307.96,1419.87,63.9,MODERATE
0.5261,0.277,2223.58,1169.89,291.9,1461.79,65.7,HIGH
0.5574,0.277,2223.58,1239.37,272.65,1512.02,68.0,HIGH
0.4946,0.277,2223.58,1099.8,311.32,1411.11,63.5,MODERATE
0.5092,0.277,2223.58,1132.26,302.32,1434.58,64.5,MODERATE
0.5921,0.277,2223.58,1316.65,251.24,1567.89,70.5,HIGH
0.4922,0.277,2223.58,1094.56,312.77,1407.32,63.3,MODERATE
0.6724,0.277,2223.58,1495.14,201.8,1696.94,76.3,CRITICAL
0.5246,0.277,2223.58,1166.58,292.81,1459.4,65.6,HIGH
0.5697,0.277,2223.58,1266.67,265.09,1531.75,68.9,HIGH
0.4371,0.277,2223.58,971.87,346.75,1318.62,59.3,MODERATE
0.3901,0.277,2223.58,867.35,375.71,1243.06,55.9,MODERATE
0.6041,0.277,2223.58,1343.22,243.88,1587.1,71.4,HIGH
0.6029,0.277,2223.58,1340.64,244.6,1585.23,71.3,HIGH
0.4519,0.277,2223.58,1004.87,337.61,1342.48,60.4,MODERATE
0.6897,0.277,2223.58,1533.64,191.13,1724.77,77.6,CRITICAL
0.5059,0.277,2223.58,1125.01,304.33,1429.34,64.3,MODERATE
0.4341,0.277,2223.58,965.23,348.59,1313.83,59.1,MODERATE
0.6787,0.277,2223.58,1509.13,197.92,1707.05,76.8,CRITICAL
0.4424,0.277,2223.58,983.64,343.49,1327.13,59.7,MODERATE
0.3112,0.277,2223.58,692.02,424.28,1116.3,50.2,LOW
0.3374,0.277,2223.58,750.15,408.17,1158.33,52.1,LOW
0.3986,0.277,2223.58,886.36,370.44,1256.8,56.5,MODERATE
0.593,0.277,2223.58,1318.55,250.72,1569.26,70.6,HIGH
0.5567,0.277,2223.58,1237.85,273.07,1510.92,68.0,HIGH
0.3321,0.277,2223.58,738.53,411.4,1149.92,51.7,LOW
0.6135,0.277,2223.58,1364.25,238.06,1602.3,72.1,CRITICAL
0.2959,0.277,2223.58,657.96,433.71,1091.68,49.1,LOW
0.5551,0.277,2223.58,1234.31,274.05,1508.36,67.8,HIGH
0.7126,0.277,2223.58,1584.56,177.03,1761.58,79.2,CRITICAL
0.4768,0.277,2223.58,1060.22,322.28,1382.5,62.2,MODERATE
0.3878,0.277,2223.58,862.21,377.13,1239.34,55.7,MODERATE
0.4149,0.277,2223.58,922.54,360.42,1282.96,57.7,MODERATE
0.5458,0.277,2223.58,1213.56,279.8,1493.36,67.2,HIGH
0.577,0.277,2223.58,1283.04,260.55,1543.59,69.4,HIGH
0.4108,0.277,2223.58,913.36,362.96,1276.32,57.4,MODERATE
0.4987,0.277,2223.58,1108.87,308.8,1417.67,63.8,MODERATE
0.6612,0.277,2223.58,1470.22,208.7,1678.92,75.5,CRITICAL
0.3683,0.277,2223.58,818.91,389.13,1208.04,54.3,LOW
0.2189,0.277,2223.58,486.71,481.16,967.86,43.5,LOW
0.4702,0.277,2223.58,1045.63,326.32,1371.95,61.7,MODERATE
0.4719,0.277,2223.58,1049.29,325.31,1374.6,61.8,MODERATE
0.3044,0.277,2223.58,676.88,428.48,1105.35,49.7,LOW
0.484,0.277,2223.58,1076.27,317.83,1394.1,62.7,MODERATE
0.5242,0.277,2223.58,1165.68,293.06,1458.74,65.6,HIGH
0.5009,0.277,2223.58,1113.74,307.45,1421.2,63.9,MODERATE
0.3948,0.277,2223.58,877.96,372.77,1250.73,56.2,MODERATE
0.3888,0.277,2223.58,864.6,376.47,1241.07,55.8,MODERATE
0.5671,0.277,2223.58,1260.91,266.68,1527.59,68.7,HIGH
0.4878,0.277,2223.58,1084.76,315.48,1400.24,63.0,MODERATE
0.4601,0.277,2223.58,1023.15,332.55,1355.7,61.0,MODERATE
0.3932,0.277,2223.58,874.42,373.75,1248.17,56.1,MODERATE
0.357,0.277,2223.58,793.8,396.09,1189.88,53.5,LOW
0.3883,0.277,2223.58,863.42,376.8,1240.22,55.8,MODERATE
0.7133,0.277,2223.58,1586.02,176.62,1762.64,79.3,CRITICAL
0.5567,0.277,2223.58,1237.92,273.05,1510.97,68.0,HIGH
0.3436,0.277,2223.58,764.07,404.32,1168.39,52.5,LOW
0.5762,0.277,2223.58,1281.29,261.04,1542.33,69.4,HIGH
0.6175,0.277,2223.58,1372.97,235.64,1608.61,72.3,CRITICAL
0.4402,0.277,2223.58,978.91,344.8,1323.71,59.5,MODERATE
0.3033,0.277,2223.58,674.52,429.13,1103.65,49.6,LOW
0.6923,0.277,2223.58,1539.34,189.55,1728.89,77.8,CRITICAL
0.4878,0.277,2223.58,1084.57,315.53,1400.1,63.0,MODERATE
0.4945,0.277,2223.58,1099.66,311.35,1411.01,63.5,MODERATE
0.6574,0.277,2223.58,1461.75,211.05,1672.79,75.2,CRITICAL
0.4052,0.277,2223.58,900.96,366.4,1267.36,57.0,MODERATE
0.6085,0.277,2223.58,1352.94,241.19,1594.13,71.7,HIGH
0.3012,0.277,2223.58,669.74,430.45,1100.19,49.5,LOW
0.4956,0.277,2223.58,1102.08,310.68,1412.76,63.5,MODERATE
0.5236,0.277,2223.58,1164.37,293.43,1457.8,65.6,HIGH
0.5202,0.277,2223.58,1156.76,295.54,1452.29,65.3,HIGH
0.5162,0.277,2223.58,1147.92,297.98,1445.91,65.0,HIGH
0.4089,0.277,2223.58,909.18,364.12,1273.3,57.3,MODERATE
0.5851,0.277,2223.58,1300.91,255.6,1556.51,70.0,HIGH
0.5721,0.277,2223.58,1272.18,263.56,1535.74,69.1,HIGH
0.4144,0.277,2223.58,921.43,360.73,1282.16,57.7,MODERATE
0.6199,0.277,2223.58,1378.34,234.15,1612.49,72.5,CRITICAL
0.6106,0.277,2223.58,1357.76,239.85,1597.61,71.8,HIGH
0.3792,0.277,2223.58,843.07,382.43,1225.51,55.1,MODERATE
0.5118,0.277,2223.58,1138.0,300.73,1438.74,64.7,MODERATE
0.5306,0.277,2223.58,1179.75,289.17,1468.91,66.1,HIGH
0.3811,0.277,2223.58,847.41,381.23,1228.65,55.3,MODERATE
0.548,0.277,2223.58,1218.6,278.41,1497.0,67.3,HIGH
0.602,0.277,2223.58,1338.68,245.14,1583.82,71.2,HIGH
0.663,0.277,2223.58,1474.3,207.57,1681.87,75.6,CRITICAL
0.4971,0.277,2223.58,1105.29,309.79,1415.09,63.6,MODERATE
0.4633,0.277,2223.58,1030.1,330.62,1360.72,61.2,MODERATE
0.5639,0.277,2223.58,1253.91,268.62,1522.53,68.5,HIGH
0.6215,0.277,2223.58,1382.01,233.14,1615.15,72.6,CRITICAL
0.6104,0.277,2223.58,1357.36,239.96,1597.32,71.8,HIGH
0.4979,0.277,2223.58,1107.02,309.31,1416.34,63.7,MODERATE
0.4716,0.277,2223.58,1048.72,325.47,1374.18,61.8,MODERATE
0.5001,0.277,2223.58,1111.96,307.94,1419.91,63.9,MODERATE
0.3585,0.277,2223.58,797.18,395.15,1192.33,53.6,LOW
0.5558,0.277,2223.58,1235.77,273.65,1509.42,67.9,HIGH
0.403,0.277,2223.58,896.07,367.75,1263.82,56.8,MODERATE
0.4132,0.277,2223.58,918.78,361.46,1280.24,57.6,MODERATE
0.4727,0.277,2223.58,1050.99,324.84,1375.82,61.9,MODERATE
0.4366,0.277,2223.58,970.75,347.07,1317.81,59.3,MODERATE
0.5216,0.277,2223.58,1159.85,294.68,1454.53,65.4,HIGH
0.5711,0.277,2223.58,1269.85,264.21,1534.05,69.0,HIGH
0.293,0.277,2223.58,651.59,435.48,1087.07,48.9,LOW
0.6612,0.277,2223.58,1470.14,208.72,1678.86,75.5,CRITICAL
0.4275,0.277,2223.58,950.49,352.68,1303.17,58.6,MODERATE
0.529,0.277,2223.58,1176.32,290.12,1466.44,65.9,HIGH
0.4733,0.277,2223.58,1052.5,324.42,1376.92,61.9,MODERATE
0.4085,0.277,2223.58,908.28,364.37,1272.65,57.2,MODERATE
0.4913,0.277,2223.58,1092.55,313.32,1405.87,63.2,MODERATE
0.4695,0.277,2223.58,1043.92,326.79,1370.72,61.6,MODERATE
0.5313,0.277,2223.58,1181.41,288.71,1470.12,66.1,HIGH
0.435,0.277,2223.58,967.36,348.0,1315.37,59.2,MODERATE
0.6949,0.277,2223.58,1545.26,187.91,1733.17,77.9,CRITICAL
0.5376,0.277,2223.58,1195.43,284.82,1480.25,66.6,HIGH
0.4246,0.277,2223.58,944.08,354.45,1298.53,58.4,MODERATE
0.5409,0.277,2223.58,1202.76,282.79,1485.55,66.8,HIGH
0.4364,0.277,2223.58,970.36,347.17,1317.53,59.3,MODERATE
0.5696,0.277,2223.58,1266.54,265.12,1531.66,68.9,HIGH
0.443,0.277,2223.58,985.1,343.09,1328.19,59.7,MODERATE
0.6707,0.277,2223.58,1491.45,202.82,1694.27,76.2,CRITICAL
0.4997,0.277,2223.58,1111.16,308.17,1419.32,63.8,MODERATE
0.5636,0.277,2223.58,1253.14,268.84,1521.98,68.4,HIGH
0.6028,0.277,2223.58,1340.34,244.68,1585.02,71.3,HIGH
0.3696,0.277,2223.58,821.74,388.34,1210.09,54.4,LOW
0.6983,0.277,2223.58,1552.68,185.86,1738.53,78.2,CRITICAL
0.4373,0.277,2223.58,972.37,346.62,1318.98,59.3,MODERATE
0.5078,0.277,2223.58,1129.07,303.21,1432.27,64.4,MODERATE
0.6318,0.277,2223.58,1404.97,226.78,1631.74,73.4,CRITICAL
0.6087,0.277,2223.58,1353.41,241.06,1594.47,71.7,HIGH
0.5383,0.277,2223.58,1196.84,284.43,1481.28,66.6,HIGH
0.6503,0.277,2223.58,1445.94,215.43,1661.36,74.7,CRITICAL
0.3789,0.277,2223.58,842.47,382.6,1225.07,55.1,MODERATE
0.3949,0.277,2223.58,878.0,372.76,1250.76,56.2,MODERATE
0.5617,0.277,2223.58,1248.91,270.01,1518.92,68.3,HIGH
0.4953,0.277,2223.58,1101.25,310.91,1412.17,63.5,MODERATE
0.4584,0.277,2223.58,1019.28,333.62,1352.9,60.8,MODERATE
0.4964,0.277,2223.58,1103.85,310.19,1414.04,63.6,MODERATE
0.5637,0.277,2223.58,1253.37,268.77,1522.14,68.5,HIGH
0.4446,0.277,2223.58,988.55,342.13,1330.68,59.8,MODERATE
0.4815,0.277,2223.58,1070.54,319.42,1389.96,62.5,MODERATE
0.5549,0.277,2223.58,1233.8,274.19,1507.99,67.8,HIGH
0.4771,0.277,2223.58,1060.98,322.07,1383.05,62.2,MODERATE
0.5284,0.277,2223.58,1174.99,290.49,1465.48,65.9,HIGH
0.3796,0.277,2223.58,843.99,382.18,1226.17,55.1,MODERATE
0.3755,0.277,2223.58,834.9,384.7,1219.6,54.8,LOW
0.4728,0.277,2223.58,1051.27,324.76,1376.03,61.9,MODERATE
0.5601,0.277,2223.58,1245.4,270.98,1516.38,68.2,HIGH
0.5549,0.277,2223.58,1233.85,274.18,1508.03,67.8,HIGH
0.5219,0.277,2223.58,1160.42,294.52,1454.94,65.4,HIGH
0.5684,0.277,2223.58,1263.94,265.84,1529.78,68.8,HIGH
0.3938,0.277,2223.58,875.64,373.41,1249.05,56.2,MODERATE
0.4198,0.277,2223.58,933.53,357.38,1290.9,58.1,MODERATE
0.3287,0.277,2223.58,730.99,413.48,1144.47,51.5,LOW
0.445,0.277,2223.58,989.58,341.85,1331.43,59.9,MODERATE
0.5728,0.277,2223.58,1273.7,263.14,1536.84,69.1,HIGH
0.4007,0.277,2223.58,891.07,369.14,1260.21,56.7,MODERATE
0.6763,0.277,2223.58,1503.78,199.4,1703.19,76.6,CRITICAL
0.4252,0.277,2223.58,945.49,354.06,1299.55,58.4,MODERATE
0.563,0.277,2223.58,1251.83,269.2,1521.03,68.4,HIGH
0.6297,0.277,2223.58,1400.15,228.11,1628.26,73.2,CRITICAL
0.1937,0.277,2223.58,430.62,496.69,927.32,41.7,LOW
0.5209,0.277,2223.58,1158.2,295.14,1453.33,65.4,HIGH
0.4338,0.277,2223.58,964.49,348.8,1313.29,59.1,MODERATE
0.5796,0.277,2223.58,1288.75,258.97,1547.72,69.6,HIGH
0.4983,0.277,2223.58,1107.96,309.05,1417.02,63.7,MODERATE
0.3659,0.277,2223.58,813.59,390.6,1204.19,54.2,LOW
0.3949,0.277,2223.58,878.05,372.74,1250.8,56.3,MODERATE
0.5142,0.277,2223.58,1143.45,299.22,1442.68,64.9,MODERATE
0.6038,0.277,2223.58,1342.67,244.03,1586.7,71.4,HIGH
0.6665,0.277,2223.58,1481.96,205.45,1687.41,75.9,CRITICAL
0.4824,0.277,2223.58,1072.59,318.85,1391.44,62.6,MODERATE
0.5088,0.277,2223.58,1131.42,302.56,1433.97,64.5,MODERATE
0.609,0.277,2223.58,1354.13,240.86,1594.99,71.7,HIGH
0.4428,0.277,2223.58,984.58,343.23,1327.81,59.7,MODERATE
0.3066,0.277,2223.58,681.84,427.1,1108.94,49.9,LOW
0.4236,0.277,2223.58,941.96,355.04,1297.0,58.3,MODERATE
0.4038,0.277,2223.58,897.84,367.26,1265.1,56.9,MODERATE
0.5603,0.277,2223.58,1245.94,270.83,1516.77,68.2,HIGH
0.53,0.277,2223.58,1178.55,289.5,1468.05,66.0,HIGH
0.4003,0.277,2223.58,890.0,369.44,1259.43,56.6,MODERATE
0.4388,0.277,2223.58,975.73,345.69,1321.41,59.4,MODERATE
0.4118,0.277,2223.58,915.58,362.35,1277.93,57.5,MODERATE
0.5105,0.277,2223.58,1135.24,301.5,1436.74,64.6,MODERATE
0.4216,0.277,2223.58,937.45,356.29,1293.74,58.2,MODERATE
0.4346,0.277,2223.58,966.37,348.28,1314.65,59.1,MODERATE
0.5414,0.277,2223.58,1203.83,282.49,1486.33,66.8,HIGH
0.3917,0.277,2223.58,871.03,374.69,1245.72,56.0,MODERATE
0.5278,0.277,2223.58,1173.62,290.87,1464.48,65.9,HIGH
0.6878,0.277,2223.58,1529.28,192.34,1721.62,77.4,CRITICAL
0.6108,0.277,2223.58,1358.17,239.74,1597.91,71.9,HIGH
0.5253,0.277,2223.58,1167.98,292.43,1460.41,65.7,HIGH
0.4789,0.277,2223.58,1064.78,321.02,1385.79,62.3,MODERATE
0.5082,0.277,2223.58,1130.04,302.94,1432.98,64.4,MODERATE
0.6414,0.277,2223.58,1426.12,220.91,1647.04,74.1,CRITICAL
0.5103,0.277,2223.58,1134.59,301.68,1436.27,64.6,MODERATE
0.5455,0.277,2223.58,1212.97,279.96,1492.93,67.1,HIGH
0.5482,0.277,2223.58,1219.03,278.28,1497.32,67.3,HIGH
0.4768,0.277,2223.58,1060.17,322.29,1382.47,62.2,MODERATE
0.5995,0.277,2223.58,1333.06,246.69,1579.76,71.0,HIGH
0.3214,0.277,2223.58,714.65,418.01,1132.66,50.9,LOW
0.4182,0.277,2223.58,929.97,358.36,1288.33,57.9,MODERATE
0.3838,0.277,2223.58,853.42,379.57,1232.99,55.5,MODERATE
0.6818,0.277,2223.58,1516.15,195.98,1712.12,77.0,CRITICAL
0.4926,0.277,2223.58,1095.42,312.53,1407.95,63.3,MODERATE
0.6172,0.277,2223.58,1372.49,235.77,1608.27,72.3,CRITICAL
0.4237,0.277,2223.58,942.18,354.98,1297.16,58.3,MODERATE
0.4385,0.277,2223.58,974.98,345.89,1320.87,59.4,MODERATE
0.161,0.277,2223.58,358.04,516.8,874.84,39.3,LOW
0.3602,0.277,2223.58,800.82,394.14,1194.96,53.7,LOW
0.508,0.277,2223.58,1129.61,303.06,1432.67,64.4,MODERATE
0.5051,0.277,2223.58,1123.09,304.86,1427.95,64.2,MODERATE
0.2943,0.277,2223.58,654.43,434.69,1089.12,49.0,LOW
0.5233,0.277,2223.58,1163.6,293.64,1457.24,65.5,HIGH
0.5926,0.277,2223.58,1317.61,250.98,1568.59,70.5,HIGH
0.3515,0.277,2223.58,781.58,399.47,1181.05,53.1,LOW
0.4371,0.277,2223.58,972.02,346.71,1318.73,59.3,MODERATE
0.4767,0.277,2223.58,1059.9,322.37,1382.27,62.2,MODERATE
0.4768,0.277,2223.58,1060.16,322.3,1382.46,62.2,MODERATE
0.5221,0.277,2223.58,1160.93,294.38,1455.31,65.4,HIGH
0.4094,0.277,2223.58,910.34,363.8,1274.14,57.3,MODERATE
0.4283,0.277,2223.58,952.32,352.17,1304.49,58.7,MODERATE
0.4634,0.277,2223.58,1030.36,330.55,1360.91,61.2,MODERATE
0.622,0.277,2223.58,1383.17,232.82,1615.98,72.7,CRITICAL
0.3943,0.277,2223.58,876.86,373.07,1249.94,56.2,MODERATE
0.5846,0.277,2223.58,1300.01,255.85,1555.87,70.0,HIGH
0.5922,0.277,2223.58,1316.73,251.22,1567.95,70.5,HIGH
0.6022,0.277,2223.58,1339.12,245.02,1584.14,71.2,HIGH
0.5633,0.277,2223.58,1252.59,268.99,1521.58,68.4,HIGH
0.521,0.277,2223.58,1158.47,295.06,1453.53,65.4,HIGH
0.2512,0.277,2223.58,558.55,461.25,1019.8,45.9,LOW
0.6389,0.277,2223.58,1420.61,222.44,1643.05,73.9,CRITICAL
0.4907,0.277,2223.58,1091.11,313.72,1404.83,63.2,MODERATE
0.5947,0.277,2223.58,1322.28,249.68,1571.97,70.7,HIGH
0.6997,0.277,2223.58,1555.85,184.98,1740.83,78.3,CRITICAL
0.3198,0.277,2223.58,711.15,418.98,1130.13,50.8,LOW
0.308,0.277,2223.58,684.83,426.27,1111.1,50.0,LOW
0.602,0.277,2223.58,1338.63,245.15,1583.78,71.2,HIGH
0.4889,0.277,2223.58,1087.1,314.83,1401.93,63.0,MODERATE
0.2881,0.277,2223.58,640.67,438.5,1079.17,48.5,LOW
0.5917,0.277,2223.58,1315.66,251.52,1567.18,70.5,HIGH
0.5446,0.277,2223.58,1210.94,280.53,1491.46,67.1,HIGH
0.4029,0.277,2223.58,895.85,367.81,1263.66,56.8,MODERATE
0.6025,0.277,2223.58,1339.66,244.87,1584.53,71.3,HIGH
0.4791,0.277,2223.58,1065.34,320.86,1386.2,62.3,MODERATE
0.3952,0.277,2223.58,878.77,372.55,1251.31,56.3,MODERATE
0.6619,0.277,2223.58,1471.81,208.26,1680.07,75.6,CRITICAL
0.7095,0.277,2223.58,1577.62,178.95,1756.57,79.0,CRITICAL
0.2994,0.277,2223.58,665.71,431.57,1097.28,49.3,LOW
0.6293,0.277,2223.58,1399.39,228.32,1627.71,73.2,CRITICAL
0.5664,0.277,2223.58,1259.5,267.08,1526.57,68.7,HIGH
0.6578,0.277,2223.58,1462.75,210.77,1673.52,75.3,CRITICAL
0.4251,0.277,2223.58,945.2,354.14,1299.34,58.4,MODERATE
0.3193,0.277,2223.58,709.89,419.33,1129.22,50.8,LOW
0.3616,0.277,2223.58,804.05,393.24,1197.29,53.8,LOW
0.2592,0.277,2223.58,576.26,456.35,1032.61,46.4,LOW
0.3928,0.277,2223.58,873.52,374.0,1247.52,56.1,MODERATE
0.4344,0.277,2223.58,965.84,348.42,1314.27,59.1,MODERATE
0.4144,0.277,2223.58,921.49,360.71,1282.2,57.7,MODERATE
0.4092,0.277,2223.58,909.92,363.92,1273.84,57.3,MODERATE
0.3964,0.277,2223.58,881.4,371.82,1253.22,56.4,MODERATE
0.4452,0.277,2223.58,989.97,341.74,1331.71,59.9,MODERATE
0.6764,0.277,2223.58,1503.93,199.36,1703.29,76.6,CRITICAL
0.3867,0.277,2223.58,859.76,377.81,1237.57,55.7,MODERATE
0.5262,0.277,2223.58,1169.96,291.88,1461.84,65.7,HIGH
0.3831,0.277,2223.58,851.96,379.97,1231.93,55.4,MODERATE
0.5636,0.277,2223.58,1253.25,268.81,1522.06,68.5,HIGH
0.3954,0.277,2223.58,879.24,372.41,1251.66,56.3,MODERATE
0.2993,0.277,2223.58,665.45,431.64,1097.09,49.3,LOW
0.4283,0.277,2223.58,952.28,352.18,1304.46,58.7,MODERATE
0.2672,0.277,2223.58,594.14,451.39,1045.54,47.0,LOW
0.5122,0.277,2223.58,1138.91,300.48,1439.39,64.7,MODERATE
0.4937,0.277,2223.58,1097.75,311.88,1409.63,63.4,MODERATE
0.5345,0.277,2223.58,1188.5,286.74,1475.24,66.3,HIGH
0.5604,0.277,2223.58,1246.01,270.81,1516.82,68.2,HIGH
0.5725,0.277,2223.58,1272.91,263.36,1536.27,69.1,HIGH
0.426,0.277,2223.58,947.31,353.56,1300.87,58.5,MODERATE
0.4091,0.277,2223.58,909.74,363.97,1273.7,57.3,MODERATE
0.3686,0.277,2223.58,819.64,388.93,1208.56,54.4,LOW
0.6239,0.277,2223.58,1387.29,231.67,1618.96,72.8,CRITICAL
0.6559,0.277,2223.58,1458.37,211.98,1670.35,75.1,CRITICAL
0.5158,0.277,2223.58,1146.87,298.27,1445.15,65.0,MODERATE
0.5582,0.277,2223.58,1241.31,272.11,1513.43,68.1,HIGH
0.5429,0.277,2223.58,1207.16,281.57,1488.73,67.0,HIGH
0.5556,0.277,2223.58,1235.46,273.73,1509.19,67.9,HIGH
0.4918,0.277,2223.58,1093.5,313.06,1406.56,63.3,MODERATE
0.4822,0.277,2223.58,1072.16,318.97,1391.13,62.6,MODERATE
0.6383,0.277,2223.58,1419.24,222.82,1642.06,73.8,CRITICAL
0.5273,0.277,2223.58,1172.43,291.19,1463.63,65.8,HIGH
0.4734,0.277,2223.58,1052.66,324.37,1377.04,61.9,MODERATE
0.4055,0.277,2223.58,901.58,366.23,1267.81,57.0,MODERATE
0.5384,0.277,2223.58,1197.15,284.35,1481.5,66.6,HIGH
0.6023,0.277,2223.58,1339.31,244.96,1584.27,71.2,HIGH
0.3732,0.277,2223.58,829.78,386.12,1215.9,54.7,LOW
0.6615,0.277,2223.58,1470.88,208.52,1679.4,75.5,CRITICAL
0.5215,0.277,2223.58,1159.62,294.74,1454.37,65.4,HIGH
0.4126,0.277,2223.58,917.35,361.86,1279.21,57.5,MODERATE
0.4579,0.277,2223.58,1018.21,333.92,1352.13,60.8,MODERATE
0.5103,0.277,2223.58,1134.64,301.66,1436.3,64.6,MODERATE
0.3406,0.277,2223.58,757.41,406.17,1163.57,52.3,LOW
0.5797,0.277,2223.58,1288.97,258.91,1547.88,69.6,HIGH
0.6174,0.277,2223.58,1372.92,235.65,1608.57,72.3,CRITICAL
0.509,0.277,2223.58,1131.73,302.47,1434.2,64.5,MODERATE
0.4888,0.277,2223.58,1086.91,314.88,1401.8,63.0,MODERATE
0.5851,0.277,2223.58,1300.93,255.6,1556.53,70.0,HIGH
0.5395,0.277,2223.58,1199.68,283.65,1483.32,66.7,HIGH
0.5023,0.277,2223.58,1117.0,306.55,1423.55,64.0,MODERATE
0.2606,0.277,2223.58,579.53,455.44,1034.97,46.5,LOW
0.535,0.277,2223.58,1189.69,286.41,1476.1,66.4,HIGH
0.5585,0.277,2223.58,1241.94,271.94,1513.88,68.1,HIGH
0.6054,0.277,2223.58,1346.27,243.04,1589.3,71.5,HIGH
0.425,0.277,2223.58,944.97,354.21,1299.18,58.4,MODERATE
0.5591,0.277,2223.58,1243.23,271.58,1514.81,68.1,HIGH
0.5564,0.277,2223.58,1237.26,273.24,1510.49,67.9,HIGH
0.411,0.277,2223.58,913.87,362.82,1276.69,57.4,MODERATE
0.5191,0.277,2223.58,1154.36,296.2,1450.56,65.2,HIGH
0.4123,0.277,2223.58,916.74,362.03,1278.77,57.5,MODERATE
0.4741,0.277,2223.58,1054.24,323.93,1378.18,62.0,MODERATE
0.496,0.277,2223.58,1102.94,310.45,1413.38,63.6,MODERATE
0.5675,0.277,2223.58,1261.94,266.4,1528.34,68.7,HIGH
0.2093,0.277,2223.58,465.4,487.06,952.46,42.8,LOW
0.3906,0.277,2223.58,868.57,375.37,1243.94,55.9,MODERATE
0.3734,0.277,2223.58,830.18,386.0,1216.19,54.7,LOW
0.4971,0.277,2223.58,1105.34,309.78,1415.12,63.6,MODERATE
0.4785,0.277,2223.58,1064.09,321.21,1385.29,62.3,MODERATE
0.5523,0.277,2223.58,1227.98,275.81,1503.79,67.6,HIGH
0.3529,0.277,2223.58,784.59,398.63,1183.23,53.2,LOW
0.6328,0.277,2223.58,1406.97,226.22,1633.19,73.4,CRITICAL
0.5153,0.277,2223.58,1145.88,298.55,1444.43,65.0,MODERATE
0.506,0.277,2223.58,1125.04,304.32,1429.37,64.3,MODERATE
0.5184,0.277,2223.58,1152.71,296.66,1449.37,65.2,HIGH
0.5351,0.277,2223.58,1189.83,286.38,1476.2,66.4,HIGH
0.4164,0.277,2223.58,925.83,359.51,1285.34,57.8,MODERATE
0.6136,0.277,2223.58,1364.5,237.99,1602.48,72.1,CRITICAL
0.6322,0.277,2223.58,1405.75,226.56,1632.31,73.4,CRITICAL
0.7203,0.277,2223.58,1601.56,172.32,1773.87,79.8,CRITICAL
0.4647,0.277,2223.58,1033.29,329.74,1363.03,61.3,MODERATE
0.5127,0.277,2223.58,1139.96,300.19,1440.15,64.8,MODERATE
0.5504,0.277,2223.58,1223.81,276.96,1500.77,67.5,HIGH
0.3118,0.277,2223.58,693.37,423.91,1117.28,50.2,LOW
0.4652,0.277,2223.58,1034.31,329.46,1363.77,61.3,MODERATE
0.5757,0.277,2223.58,1280.18,261.35,1541.52,69.3,HIGH
0.7454,0.277,2223.58,1657.46,156.83,1814.29,81.6,CRITICAL
0.4316,0.277,2223.58,959.59,350.16,1309.74,58.9,MODERATE
0.4584,0.277,2223.58,1019.19,333.65,1352.84,60.8,MODERATE
0.3954,0.277,2223.58,879.12,372.45,1251.57,56.3,MODERATE
0.4925,0.277,2223.58,1095.04,312.63,1407.67,63.3,MODERATE
0.5578,0.277,2223.58,1240.26,272.4,1512.67,68.0,HIGH
0.3813,0.277,2223.58,847.77,381.13,1228.9,55.3,MODERATE
0.5858,0.277,2223.58,1302.57,255.14,1557.71,70.1,HIGH
0.5658,0.277,2223.58,1258.06,267.47,1525.54,68.6,HIGH
0.4328,0.277,2223.58,962.36,349.39,1311.75,59.0,MODERATE
0.4329,0.277,2223.58,962.61,349.32,1311.93,59.0,MODERATE
0.6123,0.277,2223.58,1361.56,238.8,1600.36,72.0,HIGH
0.3729,0.277,2223.58,829.25,386.26,1215.51,54.7,LOW
0.3138,0.277,2223.58,697.86,422.66,1120.52,50.4,LOW
0.3779,0.277,2223.58,840.35,383.19,1223.54,55.0,MODERATE
0.427,0.277,2223.58,949.49,352.95,1302.45,58.6,MODERATE
0.4498,0.277,2223.58,1000.18,338.91,1339.09,60.2,MODERATE
0.4685,0.277,2223.58,1041.84,327.37,1369.21,61.6,MODERATE
0.4348,0.277,2223.58,966.8,348.16,1314.96,59.1,MODERATE
0.4066,0.277,2223.58,904.0,365.56,1269.56,57.1,MODERATE
0.4423,0.277,2223.58,983.6,343.51,1327.1,59.7,MODERATE
0.4605,0.277,2223.58,1024.03,332.3,1356.34,61.0,MODERATE
0.5022,0.277,2223.58,1116.7,306.63,1423.33,64.0,MODERATE
0.4008,0.277,2223.58,891.27,369.08,1260.35,56.7,MODERATE
0.6004,0.277,2223.58,1334.96,246.17,1581.13,71.1,HIGH
0.4046,0.277,2223.58,899.64,366.76,1266.41,57.0,MODERATE
0.5483,0.277,2223.58,1219.28,278.21,1497.5,67.3,HIGH
0.4636,0.277,2223.58,1030.91,330.4,1361.31,61.2,MODERATE
0.4727,0.277,2223.58,1051.17,324.79,1375.96,61.9,MODERATE
0.3972,0.277,2223.58,883.11,371.34,1254.46,56.4,MODERATE
0.3277,0.277,2223.58,728.77,414.1,1142.87,51.4,LOW
0.2767,0.277,2223.58,615.29,445.54,1060.83,47.7,LOW
0.4668,0.277,2223.58,1037.98,328.44,1366.42,61.5,MODERATE
0.3644,0.277,2223.58,810.25,391.53,1201.78,54.0,LOW
0.1677,0.277,2223.58,372.83,512.7,885.53,39.8,LOW
0.526,0.277,2223.58,1169.64,291.97,1461.61,65.7,HIGH
0.4464,0.277,2223.58,992.54,341.03,1333.57,60.0,MODERATE
0.2265,0.277,2223.58,503.63,476.47,980.1,44.1,LOW
0.4011,0.277,2223.58,891.8,368.94,1260.73,56.7,MODERATE
0.5551,0.277,2223.58,1234.38,274.03,1508.42,67.8,HIGH
0.5597,0.277,2223.58,1244.48,271.24,1515.71,68.2,HIGH
0.4858,0.277,2223.58,1080.26,316.73,1396.99,62.8,MODERATE
0.5018,0.277,2223.58,1115.75,306.9,1422.65,64.0,MODERATE
0.5221,0.277,2223.58,1160.88,294.39,1455.27,65.4,HIGH
0.2704,0.277,2223.58,601.24,449.43,1050.67,47.3,LOW
0.4218,0.277,2223.58,938.01,356.14,1294.14,58.2,MODERATE
0.4756,0.277,2223.58,1057.64,322.99,1380.63,62.1,MODERATE
0.6473,0.277,2223.58,1439.23,217.29,1656.51,74.5,CRITICAL
0.4878,0.277,2223.58,1084.67,315.51,1400.17,63.0,MODERATE
0.5361,0.277,2223.58,1192.08,285.75,1477.83,66.5,HIGH
0.2943,0.277,2223.58,654.39,434.7,1089.09,49.0,LOW
0.4265,0.277,2223.58,948.26,353.3,1301.55,58.5,MODERATE
0.5302,0.277,2223.58,1178.89,289.4,1468.29,66.0,HIGH
0.4078,0.277,2223.58,906.78,364.79,1271.57,57.2,MODERATE
0.4279,0.277,2223.58,951.51,352.39,1303.9,58.6,MODERATE
0.5099,0.277,2223.58,1133.74,301.91,1435.65,64.6,MODERATE
0.3766,0.277,2223.58,837.49,383.98,1221.47,54.9,LOW
0.4865,0.277,2223.58,1081.73,316.32,1398.05,62.9,MODERATE
0.5661,0.277,2223.58,1258.81,267.26,1526.08,68.6,HIGH
0.4452,0.277,2223.58,990.0,341.73,1331.73,59.9,MODERATE
0.5281,0.277,2223.58,1174.37,290.66,1465.02,65.9,HIGH
0.5703,0.277,2223.58,1268.19,264.67,1532.85,68.9,HIGH
0.4531,0.277,2223.58,1007.57,336.86,1344.44,60.5,MODERATE
0.6206,0.277,2223.58,1380.03,233.68,1613.71,72.6,CRITICAL
0.4788,0.277,2223.58,1064.7,321.04,1385.74,62.3,MODERATE
0.37,0.277,2223.58,822.65,388.09,1210.74,54.5,LOW
0.5928,0.277,2223.58,1318.06,250.85,1568.91,70.6,HIGH
0.4821,0.277,2223.58,1071.91,319.04,1390.95,62.6,MODERATE
0.3862,0.277,2223.58,858.84,378.07,1236.91,55.6,MODERATE
0.6728,0.277,2223.58,1496.1,201.53,1697.63,76.3,CRITICAL
0.3618,0.277,2223.58,804.42,393.14,1197.56,53.9,LOW
0.4121,0.277,2223.58,916.43,362.11,1278.54,57.5,MODERATE
0.4928,0.277,2223.58,1095.79,312.43,1408.21,63.3,MODERATE
0.4536,0.277,2223.58,1008.63,336.57,1345.2,60.5,MODERATE
0.4739,0.277,2223.58,1053.81,324.05,1377.87,62.0,MODERATE
0.4477,0.277,2223.58,995.59,340.18,1335.77,60.1,MODERATE
0.4985,0.277,2223.58,1108.39,308.94,1417.32,63.7,MODERATE
0.5046,0.277,2223.58,1121.96,305.18,1427.13,64.2,MODERATE
0.6731,0.277,2223.58,1496.76,201.35,1698.11,76.4,CRITICAL
0.5374,0.277,2223.58,1195.02,284.94,1479.96,66.6,HIGH
0.4961,0.277,2223.58,1103.13,310.39,1413.52,63.6,MODERATE
0.4612,0.277,2223.58,1025.57,331.88,1357.45,61.0,MODERATE
0.642,0.277,2223.58,1427.55,220.52,1648.07,74.1,CRITICAL
0.2878,0.277,2223.58,640.01,438.69,1078.69,48.5,LOW
0.6265,0.277,2223.58,1393.04,230.08,1623.12,73.0,CRITICAL
0.4512,0.277,2223.58,1003.27,338.06,1341.32,60.3,MODERATE
0.2705,0.277,2223.58,601.5,449.36,1050.85,47.3,LOW
0.4007,0.277,2223.58,891.08,369.14,1260.21,56.7,MODERATE
0.5376,0.277,2223.58,1195.36,284.84,1480.2,66.6,HIGH
0.4685,0.277,2223.58,1041.66,327.42,1369.08,61.6,MODERATE
0.4737,0.277,2223.58,1053.23,324.22,1377.44,61.9,MODERATE
0.4097,0.277,2223.58,910.97,363.63,1274.59,57.3,MODERATE
0.3985,0.277,2223.58,886.11,370.51,1256.62,56.5,MODERATE
0.5888,0.277,2223.58,1309.2,253.31,1562.5,70.3,HIGH
0.5704,0.277,2223.58,1268.24,264.65,1532.9,68.9,HIGH
0.447,0.277,2223.58,993.83,340.67,1334.5,60.0,MODERATE
0.5461,0.277,2223.58,1214.4,279.57,1493.97,67.2,HIGH
0.4306,0.277,2223.58,957.39,350.76,1308.16,58.8,MODERATE
0.3964,0.277,2223.58,881.45,371.8,1253.25,56.4,MODERATE
0.2352,0.277,2223.58,522.98,471.11,994.09,44.7,LOW
0.6668,0.277,2223.58,1482.59,205.27,1687.86,75.9,CRITICAL
0.4834,0.277,2223.58,1074.95,318.2,1393.15,62.7,MODERATE
0.5269,0.277,2223.58,1171.71,291.39,1463.1,65.8,HIGH
0.5029,0.277,2223.58,1118.24,306.21,1424.44,64.1,MODERATE
0.5363,0.277,2223.58,1192.49,285.64,1478.13,66.5,HIGH
0.4289,0.277,2223.58,953.68,351.79,1305.47,58.7,MODERATE
0.5176,0.277,2223.58,1150.85,297.17,1448.03,65.1,HIGH
0.2948,0.277,2223.58,655.42,434.42,1089.84,49.0,LOW
0.2916,0.277,2223.58,648.5,436.34,1084.84,48.8,LOW
0.4721,0.277,2223.58,1049.71,325.19,1374.9,61.8,MODERATE
0.5087,0.277,2223.58,1131.25,302.6,1433.85,64.5,MODERATE
0.481,0.277,2223.58,1069.47,319.72,1389.18,62.5,MODERATE
0.5803,0.277,2223.58,1290.39,258.52,1548.9,69.7,HIGH
0.6201,0.277,2223.58,1378.9,234.0,1612.89,72.5,CRITICAL
0.2753,0.277,2223.58,612.15,446.41,1058.56,47.6,LOW
0.5863,0.277,2223.58,1303.59,254.86,1558.45,70.1,HIGH
0.5703,0.277,2223.58,1268.06,264.7,1532.76,68.9,HIGH
0.4194,0.277,2223.58,932.63,357.63,1290.25,58.0,MODERATE
0.5644,0.277,2223.58,1255.04,268.31,1523.35,68.5,HIGH
0.4181,0.277,2223.58,929.61,358.46,1288.07,57.9,MODERATE
0.4921,0.277,2223.58,1094.3,312.84,1407.14,63.3,MODERATE
0.391,0.277,2223.58,869.44,375.13,1244.57,56.0,MODERATE
0.6587,0.277,2223.58,1464.6,210.26,1674.86,75.3,CRITICAL
0.6044,0.277,2223.58,1343.92,243.69,1587.61,71.4,HIGH
0.6911,0.277,2223.58,1536.71,190.28,1726.99,77.7,CRITICAL
0.3222,0.277,2223.58,716.35,417.54,1133.89,51.0,LOW
0.5568,0.277,2223.58,1238.04,273.02,1511.06,68.0,HIGH
0.5288,0.277,2223.58,1175.78,290.27,1466.05,65.9,HIGH
0.5664,0.277,2223.58,1259.52,267.07,1526.59,68.7,HIGH
0.7534,0.277,2223.58,1675.35,151.87,1827.22,82.2,CRITICAL
0.5271,0.277,2223.58,1172.02,291.31,1463.33,65.8,HIGH
0.4417,0.277,2223.58,982.26,343.88,1326.13,59.6,MODERATE
0.6514,0.277,2223.58,1448.46,214.73,1663.19,74.8,CRITICAL
0.6201,0.277,2223.58,1378.9,234.0,1612.89,72.5,CRITICAL
0.5465,0.277,2223.58,1215.18,279.35,1494.53,67.2,HIGH
0.6966,0.277,2223.58,1548.85,186.92,1735.77,78.1,CRITICAL
0.4203,0.277,2223.58,934.66,357.06,1291.73,58.1,MODERATE
0.4367,0.277,2223.58,970.97,347.0,1317.97,59.3,MODERATE
0.4866,0.277,2223.58,1082.02,316.24,1398.26,62.9,MODERATE
0.4882,0.277,2223.58,1085.45,315.29,1400.74,63.0,MODERATE
0.4507,0.277,2223.58,1002.06,338.39,1340.45,60.3,MODERATE
0.4393,0.277,2223.58,976.89,345.36,1322.25,59.5,MODERATE
0.2017,0.277,2223.58,448.57,491.72,940.29,42.3,LOW
0.4495,0.277,2223.58,999.57,339.08,1338.65,60.2,MODERATE
0.5422,0.277,2223.58,1205.69,281.98,1487.67,66.9,HIGH
0.5304,0.277,2223.58,1179.43,289.26,1468.68,66.1,HIGH
0.4015,0.277,2223.58,892.8,368.66,1261.46,56.7,MODERATE
0.6148,0.277,2223.58,1367.14,237.25,1604.4,72.2,CRITICAL
0.4906,0.277,2223.58,1090.95,313.77,1404.71,63.2,MODERATE
0.4815,0.277,2223.58,1070.58,319.41,1389.99,62.5,MODERATE
0.5814,0.277,2223.58,1292.83,257.84,1550.67,69.7,HIGH
0.6553,0.277,2223.58,1457.2,212.31,1669.51,75.1,CRITICAL
0.4748,0.277,2223.58,1055.68,323.54,1379.22,62.0,MODERATE
0.5369,0.277,2223.58,1193.85,285.26,1479.11,66.5,HIGH
0.65,0.277,2223.58,1445.38,215.58,1660.96,74.7,CRITICAL
0.4703,0.277,2223.58,1045.7,326.3,1372.0,61.7,MODERATE
0.3106,0.277,2223.58,690.58,424.68,1115.26,50.2,LOW
0.6451,0.277,2223.58,1434.34,218.64,1652.98,74.3,CRITICAL
0.5086,0.277,2223.58,1130.93,302.69,1433.62,64.5,MODERATE
0.5169,0.277,2223.58,1149.39,297.58,1446.97,65.1,HIGH
0.4476,0.277,2223.58,995.26,340.28,1335.53,60.1,MODERATE
0.5679,0.277,2223.58,1262.69,266.19,1528.88,68.8,HIGH
0.3774,0.277,2223.58,839.09,383.54,1222.63,55.0,LOW
0.4362,0.277,2223.58,969.9,347.3,1317.2,59.2,MODERATE
0.5049,0.277,2223.58,1122.76,304.95,1427.71,64.2,MODERATE
0.4516,0.277,2223.58,1004.2,337.8,1342.0,60.4,MODERATE
0.5255,0.277,2223.58,1168.41,292.31,1460.72,65.7,HIGH
0.4334,0.277,2223.58,963.8,348.99,1312.79,59.0,MODERATE
0.5339,0.277,2223.58,1187.11,287.13,1474.24,66.3,HIGH
0.5543,0.277,2223.58,1232.63,274.52,1507.15,67.8,HIGH
0.5279,0.277,2223.58,1173.77,290.82,1464.59,65.9,HIGH
0.2951,0.277,2223.58,656.25,434.19,1090.44,49.0,LOW
0.5141,0.277,2223.58,1143.09,299.32,1442.41,64.9,MODERATE
0.6332,0.277,2223.58,1407.99,225.94,1633.93,73.5,CRITICAL
0.561,0.277,2223.58,1247.43,270.42,1517.85,68.3,HIGH
0.6655,0.277,2223.58,1479.83,206.04,1685.87,75.8,CRITICAL
0.4458,0.277,2223.58,991.26,341.38,1332.64,59.9,MODERATE
0.4952,0.277,2223.58,1101.11,310.95,1412.06,63.5,MODERATE
0.4459,0.277,2223.58,991.59,341.29,1332.88,59.9,MODERATE
0.4765,0.277,2223.58,1059.63,322.44,1382.07,62.2,MODERATE
0.5773,0.277,2223.58,1283.78,260.35,1544.13,69.4,HIGH
0.4919,0.277,2223.58,1093.8,312.98,1406.78,63.3,MODERATE
0.5188,0.277,2223.58,1153.58,296.42,1450.0,65.2,HIGH
0.3256,0.277,2223.58,724.01,415.42,1139.43,51.2,LOW
0.4036,0.277,2223.58,897.36,367.39,1264.76,56.9,MODERATE
0.339,0.277,2223.58,753.84,407.15,1161.0,52.2,LOW
0.3299,0.277,2223.58,733.63,412.75,1146.38,51.6,LOW
0.3803,0.277,2223.58,845.6,381.73,1227.33,55.2,MODERATE
0.3859,0.277,2223.58,858.11,378.27,1236.38,55.6,MODERATE
0.4851,0.277,2223.58,1078.74,317.15,1395.89,62.8,MODERATE
0.3068,0.277,2223.58,682.22,426.99,1109.21,49.9,LOW
0.5536,0.277,2223.58,1231.09,274.95,1506.03,67.7,HIGH
0.3931,0.277,2223.58,874.15,373.83,1247.97,56.1,MODERATE
0.4633,0.277,2223.58,1030.11,330.62,1360.73,61.2,MODERATE
0.4645,0.277,2223.58,1032.75,329.89,1362.64,61.3,MODERATE
0.5328,0.277,2223.58,1184.69,287.8,1472.49,66.2,HIGH
0.3999,0.277,2223.58,889.12,369.68,1258.8,56.6,MODERATE
0.287,0.277,2223.58,638.17,439.2,1077.37,48.5,LOW
0.5382,0.277,2223.58,1196.69,284.47,1481.16,66.6,HIGH
0.6854,0.277,2223.58,1524.05,193.79,1717.83,77.3,CRITICAL
0.5606,0.277,2223.58,1246.44,270.69,1517.13,68.2,HIGH
0.7059,0.277,2223.58,1569.66,181.15,1750.81,78.7,CRITICAL
0.6497,0.277,2223.58,1444.71,215.77,1660.47,74.7,CRITICAL
0.6118,0.277,2223.58,1360.36,239.13,1599.49,71.9,HIGH
0.6031,0.277,2223.58,1341.1,244.47,1585.57,71.3,HIGH
0.6037,0.277,2223.58,1342.34,244.12,1586.47,71.3,HIGH
0.3814,0.277,2223.58,848.03,381.06,1229.09,55.3,MODERATE
0.3762,0.277,2223.58,836.44,384.27,1220.71,54.9,LOW
0.3734,0.277,2223.58,830.2,386.0,1216.2,54.7,LOW
0.6057,0.277,2223.58,1346.71,242.91,1589.63,71.5,HIGH
0.3882,0.277,2223.58,863.1,376.89,1239.99,55.8,MODERATE
0.5133,0.277,2223.58,1141.3,299.82,1441.12,64.8,MODERATE
0.647,0.277,2223.58,1438.68,217.44,1656.12,74.5,CRITICAL
0.3777,0.277,2223.58,839.88,383.32,1223.2,55.0,MODERATE
0.5837,0.277,2223.58,1297.99,256.41,1554.4,69.9,HIGH
0.4812,0.277,2223.58,1069.94,319.59,1389.52,62.5,MODERATE
0.5022,0.277,2223.58,1116.76,306.62,1423.37,64.0,MODERATE
0.4357,0.277,2223.58,968.77,347.61,1316.38,59.2,MODERATE
0.4288,0.277,2223.58,953.48,351.85,1305.33,58.7,MODERATE
0.4893,0.277,2223.58,1088.11,314.55,1402.66,63.1,MODERATE
0.6843,0.277,2223.58,1521.52,194.49,1716.01,77.2,CRITICAL
0.2079,0.277,2223.58,462.31,487.92,950.22,42.7,LOW
0.6704,0.277,2223.58,1490.62,203.05,1693.67,76.2,CRITICAL
0.4336,0.277,2223.58,964.16,348.89,1313.05,59.1,MODERATE
0.4526,0.277,2223.58,1006.47,337.17,1343.64,60.4,MODERATE
0.6206,0.277,2223.58,1380.05,233.68,1613.73,72.6,CRITICAL
0.3392,0.277,2223.58,754.32,407.02,1161.34,52.2,LOW
0.5319,0.277,2223.58,1182.71,288.35,1471.06,66.2,HIGH
0.5135,0.277,2223.58,1141.77,299.69,1441.46,64.8,MODERATE
0.3894,0.277,2223.58,865.87,376.12,1241.99,55.9,MODERATE
0.4134,0.277,2223.58,919.22,361.34,1280.56,57.6,MODERATE
0.5054,0.277,2223.58,1123.82,304.66,1428.48,64.2,MODERATE
0.2525,0.277,2223.58,561.41,460.46,1021.87,46.0,LOW
0.4582,0.277,2223.58,1018.91,333.72,1352.64,60.8,MODERATE
0.5004,0.277,2223.58,1112.7,307.74,1420.44,63.9,MODERATE
0.7663,0.277,2223.58,1704.0,143.94,1847.94,83.1,CRITICAL
0.4631,0.277,2223.58,1029.85,330.69,1360.54,61.2,MODERATE
0.5188,0.277,2223.58,1153.65,296.4,1450.05,65.2,HIGH
0.4853,0.277,2223.58,1079.04,317.07,1396.1,62.8,MODERATE
0.577,0.277,2223.58,1283.12,260.53,1543.65,69.4,HIGH
0.5648,0.277,2223.58,1255.95,268.06,1524.0,68.5,HIGH
0.4671,0.277,2223.58,1038.58,328.27,1366.86,61.5,MODERATE
0.5625,0.277,2223.58,1250.76,269.5,1520.25,68.4,HIGH
0.5016,0.277,2223.58,1115.41,306.99,1422.4,64.0,MODERATE
0.4851,0.277,2223.58,1078.72,317.16,1395.87,62.8,MODERATE
0.4045,0.277,2223.58,899.34,366.85,1266.19,56.9,MODERATE
0.5225,0.277,2223.58,1161.78,294.14,1455.93,65.5,HIGH
0.4459,0.277,2223.58,991.4,341.34,1332.75,59.9,MODERATE
0.7219,0.277,2223.58,1605.18,171.31,1776.49,79.9,CRITICAL
0.4723,0.277,2223.58,1050.29,325.03,1375.32,61.9,MODERATE
0.4106,0.277,2223.58,913.0,363.06,1276.06,57.4,MODERATE
0.6147,0.277,2223.58,1366.83,237.34,1604.17,72.1,CRITICAL
0.6078,0.277,2223.58,1351.6,241.56,1593.16,71.6,HIGH
0.4746,0.277,2223.58,1055.34,323.63,1378.97,62.0,MODERATE
0.4579,0.277,2223.58,1018.25,333.91,1352.16,60.8,MODERATE
0.248,0.277,2223.58,551.53,463.2,1014.73,45.6,LOW
0.6407,0.277,2223.58,1424.54,221.35,1645.89,74.0,CRITICAL
0.5546,0.277,2223.58,1233.11,274.38,1507.5,67.8,HIGH
0.488,0.277,2223.58,1085.2,315.36,1400.56,63.0,MODERATE
0.4215,0.277,2223.58,937.24,356.35,1293.59,58.2,MODERATE
0.5612,0.277,2223.58,1247.96,270.27,1518.23,68.3,HIGH
0.2722,0.277,2223.58,605.23,448.32,1053.56,47.4,LOW
0.5892,0.277,2223.58,1310.21,253.03,1563.24,70.3,HIGH
0.5975,0.277,2223.58,1328.63,247.92,1576.55,70.9,HIGH
0.41,0.277,2223.58,911.57,363.46,1275.03,57.3,MODERATE
0.6162,0.277,2223.58,1370.26,236.39,1606.65,72.3,CRITICAL
0.5119,0.277,2223.58,1138.31,300.65,1438.96,64.7,MODERATE
0.6504,0.277,2223.58,1446.12,215.37,1661.5,74.7,CRITICAL
0.6037,0.277,2223.58,1342.48,244.09,1586.57,71.4,HIGH
0.5899,0.277,2223.58,1311.74,252.6,1564.34,70.4,HIGH
0.5211,0.277,2223.58,1158.68,295.0,1453.68,65.4,HIGH
0.5681,0.277,2223.58,1263.31,266.02,1529.33,68.8,HIGH
0.4361,0.277,2223.58,969.64,347.37,1317.01,59.2,MODERATE
0.4566,0.277,2223.58,1015.34,334.71,1350.05,60.7,MODERATE
0.4472,0.277,2223.58,994.46,340.5,1334.95,60.0,MODERATE
0.4228,0.277,2223.58,940.15,355.54,1295.69,58.3,MODERATE
0.4586,0.277,2223.58,1019.67,333.51,1353.19,60.9,MODERATE
0.5905,0.277,2223.58,1312.96,252.26,1565.22,70.4,HIGH
0.507,0.277,2223.58,1127.46,303.65,1431.11,64.4,MODERATE
0.5826,0.277,2223.58,1295.54,257.09,1552.63,69.8,HIGH
0.3614,0.277,2223.58,803.56,393.38,1196.94,53.8,LOW
0.4581,0.277,2223.58,1018.53,333.83,1352.36,60.8,MODERATE
0.4371,0.277,2223.58,971.9,346.75,1318.65,59.3,MODERATE
0.5146,0.277,2223.58,1144.35,298.97,1443.32,64.9,MODERATE
0.2724,0.277,2223.58,605.64,448.21,1053.85,47.4,LOW
0.3801,0.277,2223.58,845.24,381.83,1227.07,55.2,MODERATE
0.3963,0.277,2223.58,881.28,371.85,1253.13,56.4,MODERATE
0.4799,0.277,2223.58,1067.04,320.39,1387.43,62.4,MODERATE
0.5157,0.277,2223.58,1146.62,298.34,1444.96,65.0,MODERATE
0.6716,0.277,2223.58,1493.28,202.31,1695.59,76.3,CRITICAL
0.3886,0.277,2223.58,864.14,376.6,1240.74,55.8,MODERATE
0.438,0.277,2223.58,973.94,346.18,1320.12,59.4,MODERATE
0.4848,0.277,2223.58,1077.88,317.39,1395.27,62.7,MODERATE
0.4692,0.277,2223.58,1043.28,326.97,1370.25,61.6,MODERATE
0.5749,0.277,2223.58,1278.28,261.87,1540.15,69.3,HIGH
0.4782,0.277,2223.58,1063.37,321.41,1384.78,62.3,MODERATE
0.479,0.277,2223.58,1065.07,320.94,1386.01,62.3,MODERATE
0.5227,0.277,2223.58,1162.22,294.02,1456.25,65.5,HIGH
0.3867,0.277,2223.58,859.94,377.76,1237.7,55.7,MODERATE
0.5513,0.277,2223.58,1225.76,276.42,1502.18,67.6,HIGH
0.5683,0.277,2223.58,1263.75,265.9,1529.65,68.8,HIGH
0.3563,0.277,2223.58,792.34,396.49,1188.83,53.5,LOW
0.393,0.277,2223.58,873.77,373.93,1247.7,56.1,MODERATE
0.4165,0.277,2223.58,926.13,359.43,1285.55,57.8,MODERATE
0.4163,0.277,2223.58,925.63,359.56,1285.19,57.8,MODERATE
0.4061,0.277,2223.58,902.92,365.86,1268.78,57.1,MODERATE
0.4516,0.277,2223.58,1004.06,337.84,1341.9,60.3,MODERATE
0.4606,0.277,2223.58,1024.16,332.27,1356.43,61.0,MODERATE
0.4988,0.277,2223.58,1109.19,308.71,1417.9,63.8,MODERATE
0.3021,0.277,2223.58,671.71,429.91,1101.61,49.5,LOW
0.5615,0.277,2223.58,1248.48,270.13,1518.61,68.3,HIGH
0.5309,0.277,2223.58,1180.52,288.95,1469.47,66.1,HIGH
0.6072,0.277,2223.58,1350.2,241.95,1592.15,71.6,HIGH
0.6191,0.277,2223.58,1376.67,234.61,1611.29,72.5,CRITICAL
0.5157,0.277,2223.58,1146.74,298.31,1445.05,65.0,MODERATE
0.3515,0.277,2223.58,781.67,399.44,1181.11,53.1,LOW
0.4727,0.277,2223.58,1051.05,324.82,1375.87,61.9,MODERATE
0.6229,0.277,2223.58,1385.15,232.26,1617.42,72.7,CRITICAL
0.4934,0.277,2223.58,1097.17,312.04,1409.21,63.4,MODERATE
0.4012,0.277,2223.58,892.07,368.86,1260.93,56.7,MODERATE
0.5522,0.277,2223.58,1227.83,275.85,1503.68,67.6,HIGH
0.4686,0.277,2223.58,1041.97,327.34,1369.3,61.6,MODERATE
0.5412,0.277,2223.58,1203.41,282.61,1486.03,66.8,HIGH
0.6294,0.277,2223.58,1399.46,228.3,1627.76,73.2,CRITICAL
0.5748,0.277,2223.58,1278.15,261.91,1540.06,69.3,HIGH
0.3757,0.277,2223.58,835.42,384.55,1219.98,54.9,LOW
0.4826,0.277,2223.58,1073.1,318.71,1391.81,62.6,MODERATE
0.416,0.277,2223.58,924.98,359.75,1284.72,57.8,MODERATE
0.4468,0.277,2223.58,993.4,340.79,1334.19,60.0,MODERATE
0.3904,0.277,2223.58,868.12,375.5,1243.61,55.9,MODERATE
0.6235,0.277,2223.58,1386.37,231.93,1618.3,72.8,CRITICAL
0.6131,0.277,2223.58,1363.34,238.31,1601.65,72.0,CRITICAL
0.6148,0.277,2223.58,1367.06,237.28,1604.34,72.2,CRITICAL
0.3458,0.277,2223.58,768.99,402.96,1171.95,52.7,LOW
0.4395,0.277,2223.58,977.33,345.24,1322.57,59.5,MODERATE
0.5242,0.277,2223.58,1165.5,293.11,1458.62,65.6,HIGH
0.5999,0.277,2223.58,1333.89,246.47,1580.36,71.1,HIGH
0.5245,0.277,2223.58,1166.19,292.92,1459.11,65.6,HIGH
0.3405,0.277,2223.58,757.22,406.22,1163.44,52.3,LOW
0.3868,0.277,2223.58,859.97,377.75,1237.73,55.7,MODERATE
0.5211,0.277,2223.58,1158.71,295.0,1453.7,65.4,HIGH
0.421,0.277,2223.58,936.02,356.69,1292.71,58.1,MODERATE
0.5841,0.277,2223.58,1298.78,256.19,1554.97,69.9,HIGH
0.5176,0.277,2223.58,1150.98,297.14,1448.11,65.1,HIGH
0.3952,0.277,2223.58,878.69,372.57,1251.26,56.3,MODERATE
0.3292,0.277,2223.58,732.0,413.2,1145.21,51.5,LOW
0.666,0.277,2223.58,1481.01,205.71,1686.72,75.9,CRITICAL
0.4302,0.277,2223.58,956.66,350.97,1307.62,58.8,MODERATE
0.5536,0.277,2223.58,1230.9,275.0,1505.9,67.7,HIGH
0.431,0.277,2223.58,958.42,350.48,1308.9,58.9,MODERATE
0.4955,0.277,2223.58,1101.68,310.79,1412.47,63.5,MODERATE
0.5242,0.277,2223.58,1165.64,293.08,1458.71,65.6,HIGH
0.5512,0.277,2223.58,1225.7,276.44,1502.13,67.6,HIGH
0.4759,0.277,2223.58,1058.24,322.83,1381.07,62.1,MODERATE
0.6257,0.277,2223.58,1391.2,230.59,1621.79,72.9,CRITICAL
0.4053,0.277,2223.58,901.3,366.3,1267.6,57.0,MODERATE
0.4527,0.277,2223.58,1006.65,337.12,1343.77,60.4,MODERATE
0.505,0.277,2223.58,1122.82,304.94,1427.76,64.2,MODERATE
0.6399,0.277,2223.58,1422.93,221.8,1644.73,74.0,CRITICAL
0.4286,0.277,2223.58,952.98,351.99,1304.97,58.7,MODERATE
0.6239,0.277,2223.58,1387.37,231.65,1619.02,72.8,CRITICAL
0.5817,0.277,2223.58,1293.4,257.68,1551.08,69.8,HIGH
0.4349,0.277,2223.58,967.05,348.09,1315.14,59.1,MODERATE
0.4545,0.277,2223.58,1010.51,336.05,1346.56,60.6,MODERATE
0.5896,0.277,2223.58,1310.94,252.82,1563.76,70.3,HIGH
0.4438,0.277,2223.58,986.77,342.63,1329.39,59.8,MODERATE
0.3629,0.277,2223.58,806.84,392.47,1199.31,53.9,LOW
0.4816,0.277,2223.58,1070.79,319.35,1390.14,62.5,MODERATE
0.5588,0.277,2223.58,1242.61,271.75,1514.36,68.1,HIGH
0.4066,0.277,2223.58,904.04,365.54,1269.59,57.1,MODERATE
0.2898,0.277,2223.58,644.29,437.5,1081.79,48.7,LOW
0.4622,0.277,2223.58,1027.75,331.27,1359.03,61.1,MODERATE
0.3013,0.277,2223.58,670.0,430.38,1100.38,49.5,LOW
0.41,0.277,2223.58,911.66,363.43,1275.1,57.3,MODERATE
0.4928,0.277,2223.58,1095.71,312.45,1408.16,63.3,MODERATE
0.5718,0.277,2223.58,1271.5,263.75,1535.25,69.0,HIGH
0.4491,0.277,2223.58,998.59,339.35,1337.94,60.2,MODERATE
0.56,0.277,2223.58,1245.29,271.01,1516.3,68.2,HIGH
0.4577,0.277,2223.58,1017.83,334.02,1351.85,60.8,MODERATE
0.4611,0.277,2223.58,1025.35,331.94,1357.29,61.0,MODERATE
0.46,0.277,2223.58,1022.9,332.62,1355.52,61.0,MODERATE
0.3914,0.277,2223.58,870.24,374.91,1245.15,56.0,MODERATE
0.4383,0.277,2223.58,974.69,345.97,1320.67,59.4,MODERATE
0.5324,0.277,2223.58,1183.8,288.04,1471.85,66.2,HIGH
0.4674,0.277,2223.58,1039.23,328.1,1367.32,61.5,MODERATE
0.4173,0.277,2223.58,927.99,358.91,1286.9,57.9,MODERATE
0.5084,0.277,2223.58,1130.53,302.8,1433.33,64.5,MODERATE
0.4455,0.277,2223.58,990.5,341.59,1332.09,59.9,MODERATE
0.418,0.277,2223.58,929.54,358.48,1288.02,57.9,MODERATE
0.3214,0.277,2223.58,714.66,418.01,1132.67,50.9,LOW
0.5508,0.277,2223.58,1224.69,276.72,1501.41,67.5,HIGH
0.37,0.277,2223.58,822.71,388.08,1210.79,54.5,LOW
0.466,0.277,2223.58,1036.27,328.91,1365.18,61.4,MODERATE
0.4882,0.277,2223.58,1085.6,315.25,1400.85,63.0,MODERATE
0.5823,0.277,2223.58,1294.84,257.28,1552.12,69.8,HIGH
0.6649,0.277,2223.58,1478.39,206.44,1684.83,75.8,CRITICAL
0.3924,0.277,2223.58,872.49,374.29,1246.77,56.1,MODERATE
0.3651,0.277,2223.58,811.77,391.1,1202.88,54.1,LOW
0.6137,0.277,2223.58,1364.72,237.93,1602.64,72.1,CRITICAL
0.6256,0.277,2223.58,1390.99,230.65,1621.64,72.9,CRITICAL
0.4907,0.277,2223.58,1091.09,313.73,1404.82,63.2,MODERATE
0.592,0.277,2223.58,1316.43,251.3,1567.73,70.5,HIGH
0.5876,0.277,2223.58,1306.5,254.05,1560.55,70.2,HIGH
0.6454,0.277,2223.58,1435.18,218.41,1653.58,74.4,CRITICAL
0.4449,0.277,2223.58,989.38,341.9,1331.28,59.9,MODERATE
0.428,0.277,2223.58,951.75,352.33,1304.08,58.6,MODERATE
0.4145,0.277,2223.58,921.65,360.67,1282.32,57.7,MODERATE
0.5078,0.277,2223.58,1129.1,303.2,1432.29,64.4,MODERATE
0.4831,0.277,2223.58,1074.29,318.38,1392.67,62.6,MODERATE
0.4811,0.277,2223.58,1069.72,319.65,1389.37,62.5,MODERATE
0.51,0.277,2223.58,1133.98,301.84,1435.83,64.6,MODERATE
0.6895,0.277,2223.58,1533.22,191.25,1724.46,77.6,CRITICAL
0.5667,0.277,2223.58,1260.19,266.88,1527.07,68.7,HIGH
0.4709,0.277,2223.58,1047.15,325.9,1373.05,61.7,MODERATE
0.4221,0.277,2223.58,938.54,355.99,1294.53,58.2,MODERATE
0.5398,0.277,2223.58,1200.26,283.49,1483.74,66.7,HIGH
0.5213,0.277,2223.58,1159.11,294.89,1453.99,65.4,HIGH
0.6317,0.277,2223.58,1404.65,226.87,1631.51,73.4,CRITICAL
0.6155,0.277,2223.58,1368.53,236.87,1605.4,72.2,CRITICAL
0.6124,0.277,2223.58,1361.76,238.74,1600.51,72.0,HIGH
0.444,0.277,2223.58,987.2,342.51,1329.71,59.8,MODERATE
0.6261,0.277,2223.58,1392.25,230.3,1622.55,73.0,CRITICAL
0.3755,0.277,2223.58,834.88,384.7,1219.59,54.8,LOW
0.4659,0.277,2223.58,1035.95,329.0,1364.96,61.4,MODERATE
0.3496,0.277,2223.58,777.47,400.61,1178.07,53.0,LOW
0.6208,0.277,2223.58,1380.43,233.57,1614.0,72.6,CRITICAL
0.5026,0.277,2223.58,1117.6,306.38,1423.99,64.0,MODERATE
0.2558,0.277,2223.58,568.76,458.43,1027.18,46.2,LOW
0.5722,0.277,2223.58,1272.27,263.54,1535.81,69.1,HIGH
0.4883,0.277,2223.58,1085.86,315.18,1401.04,63.0,MODERATE
0.2949,0.277,2223.58,655.79,434.32,1090.11,49.0,LOW
0.5745,0.277,2223.58,1277.55,262.07,1539.62,69.2,HIGH
0.5887,0.277,2223.58,1309.1,253.33,1562.43,70.3,HIGH
0.4805,0.277,2223.58,1068.5,319.99,1388.49,62.4,MODERATE
0.4155,0.277,2223.58,924.01,360.01,1284.02,57.7,MODERATE
0.6773,0.277,2223.58,1505.93,198.81,1704.73,76.7,CRITICAL
0.3926,0.277,2223.58,872.99,374.15,1247.14,56.1,MODERATE
0.5942,0.277,2223.58,1321.32,249.95,1571.27,70.7,HIGH
0.4206,0.277,2223.58,935.2,356.91,1292.11,58.1,MODERATE
0.5155,0.277,2223.58,1146.36,298.42,1444.78,65.0,MODERATE
0.5297,0.277,2223.58,1177.87,289.69,1467.55,66.0,HIGH
0.4177,0.277,2223.58,928.71,358.71,1287.42,57.9,MODERATE
0.4124,0.277,2223.58,916.9,361.98,1278.88,57.5,MODERATE
0.2961,0.277,2223.58,658.29,433.62,1091.91,49.1,LOW
0.636,0.277,2223.58,1414.21,224.22,1638.42,73.7,CRITICAL
0.3929,0.277,2223.58,873.69,373.95,1247.64,56.1,MODERATE
0.5106,0.277,2223.58,1135.46,301.44,1436.9,64.6,MODERATE
0.5689,0.277,2223.58,1264.95,265.56,1530.52,68.8,HIGH
0.5067,0.277,2223.58,1126.75,303.85,1430.6,64.3,MODERATE
0.5821,0.277,2223.58,1294.44,257.39,1551.84,69.8,HIGH
0.2168,0.277,2223.58,482.0,482.46,964.46,43.4,LOW
0.6369,0.277,2223.58,1416.17,223.67,1639.85,73.7,CRITICAL
0.5292,0.277,2223.58,1176.75,290.0,1466.75,66.0,HIGH
0.3505,0.277,2223.58,779.34,400.09,1179.43,53.0,LOW
0.3509,0.277,2223.58,780.19,399.86,1180.04,53.1,LOW
0.3824,0.277,2223.58,850.35,380.42,1230.77,55.4,MODERATE
0.4936,0.277,2223.58,1097.55,311.94,1409.49,63.4,MODERATE
0.5783,0.277,2223.58,1285.85,259.78,1545.62,69.5,HIGH
0.4467,0.277,2223.58,993.23,340.84,1334.06,60.0,MODERATE
0.6716,0.277,2223.58,1493.26,202.32,1695.58,76.3,CRITICAL
0.592,0.277,2223.58,1316.26,251.35,1567.61,70.5,HIGH
0.573,0.277,2223.58,1274.01,263.05,1537.06,69.1,HIGH
0.5736,0.277,2223.58,1275.49,262.64,1538.14,69.2,HIGH
0.5965,0.277,2223.58,1326.27,248.58,1574.85,70.8,HIGH
0.5034,0.277,2223.58,1119.38,305.89,1425.27,64.1,MODERATE
0.5107,0.277,2223.58,1135.65,301.38,1437.03,64.6,MODERATE
0.4142,0.277,2223.58,920.94,360.86,1281.81,57.6,MODERATE
0.4068,0.277,2223.58,904.65,365.38,1270.03,57.1,MODERATE
0.4821,0.277,2223.58,1071.98,319.02,1391.0,62.6,MODERATE
0.5252,0.277,2223.58,1167.88,292.45,1460.34,65.7,HIGH
0.3974,0.277,2223.58,883.7,371.18,1254.88,56.4,MODERATE
0.5806,0.277,2223.58,1291.06,258.33,1549.39,69.7,HIGH
0.5363,0.277,2223.58,1192.55,285.62,1478.17,66.5,HIGH
0.4784,0.277,2223.58,1063.68,321.32,1385.0,62.3,MODERATE
0.4256,0.277,2223.58,946.25,353.85,1300.1,58.5,MODERATE
0.5796,0.277,2223.58,1288.71,258.98,1547.69,69.6,HIGH
0.5123,0.277,2223.58,1139.19,300.4,1439.6,64.7,MODERATE
0.4838,0.277,2223.58,1075.81,317.96,1393.77,62.7,MODERATE
0.578,0.277,2223.58,1285.21,259.95,1545.16,69.5,HIGH
0.5326,0.277,2223.58,1184.21,287.93,1472.14,66.2,HIGH
0.3091,0.277,2223.58,687.37,425.57,1112.94,50.1,LOW
0.3935,0.277,2223.58,875.06,373.57,1248.63,56.2,MODERATE
0.3359,0.277,2223.58,746.93,409.07,1156.0,52.0,LOW
0.4585,0.277,2223.58,1019.48,333.57,1353.04,60.8,MODERATE
0.6137,0.277,2223.58,1364.6,237.96,1602.56,72.1,CRITICAL
0.5003,0.277,2223.58,1112.51,307.79,1420.3,63.9,MODERATE
0.4733,0.277,2223.58,1052.38,324.45,1376.83,61.9,MODERATE
0.531,0.277,2223.58,1180.8,288.87,1469.68,66.1,HIGH
0.5541,0.277,2223.58,1232.15,274.65,1506.8,67.8,HIGH
0.546,0.277,2223.58,1213.98,279.68,1493.67,67.2,HIGH
0.4663,0.277,2223.58,1036.87,328.75,1365.62,61.4,MODERATE
0.6787,0.277,2223.58,1509.14,197.92,1707.06,76.8,CRITICAL
0.2471,0.277,2223.58,549.53,463.75,1013.28,45.6,LOW
0.2683,0.277,2223.58,596.51,450.74,1047.25,47.1,LOW
0.509,0.277,2223.58,1131.89,302.43,1434.31,64.5,MODERATE
0.4045,0.277,2223.58,899.53,366.79,1266.33,56.9,MODERATE
0.3907,0.277,2223.58,868.86,375.29,1244.15,56.0,MODERATE
0.5668,0.277,2223.58,1260.24,266.87,1527.11,68.7,HIGH
0.4191,0.277,2223.58,931.84,357.84,1289.68,58.0,MODERATE
0.5146,0.277,2223.58,1144.36,298.97,1443.33,64.9,MODERATE
0.4237,0.277,2223.58,942.19,354.98,1297.16,58.3,MODERATE
0.3026,0.277,2223.58,672.82,429.6,1102.42,49.6,LOW
0.5563,0.277,2223.58,1237.06,273.29,1510.35,67.9,HIGH
0.4409,0.277,2223.58,980.38,344.4,1324.78,59.6,MODERATE
0.6195,0.277,2223.58,1377.4,234.41,1611.81,72.5,CRITICAL
0.6743,0.277,2223.58,1499.43,200.61,1700.04,76.5,CRITICAL
0.5471,0.277,2223.58,1216.54,278.98,1495.51,67.3,HIGH
0.4422,0.277,2223.58,983.2,343.62,1326.82,59.7,MODERATE
0.4121,0.277,2223.58,916.41,362.12,1278.53,57.5,MODERATE
0.3595,0.277,2223.58,799.48,394.51,1193.99,53.7,LOW
0.4753,0.277,2223.58,1056.76,323.24,1380.0,62.1,MODERATE
0.5548,0.277,2223.58,1233.6,274.25,1507.85,67.8,HIGH
0.5395,0.277,2223.58,1199.57,283.68,1483.25,66.7,HIGH
0.5082,0.277,2223.58,1130.1,302.92,1433.02,64.4,MODERATE
0.4047,0.277,2223.58,899.81,366.72,1266.53,57.0,MODERATE
0.5242,0.277,2223.58,1165.64,293.08,1458.72,65.6,HIGH
0.6357,0.277,2223.58,1413.48,224.42,1637.9,73.7,CRITICAL
0.5368,0.277,2223.58,1193.67,285.31,1478.98,66.5,HIGH
0.7094,0.277,2223.58,1577.4,179.01,1756.41,79.0,CRITICAL
0.4781,0.277,2223.58,1063.19,321.46,1384.64,62.3,MODERATE
0.4328,0.277,2223.58,962.4,349.38,1311.78,59.0,MODERATE
0.4635,0.277,2223.58,1030.52,330.51,1361.03,61.2,MODERATE
0.2168,0.277,2223.58,482.13,482.43,964.55,43.4,LOW
0.4145,0.277,2223.58,921.75,360.64,1282.39,57.7,MODERATE
0.4983,0.277,2223.58,1107.99,309.05,1417.03,63.7,MODERATE
0.4408,0.277,2223.58,980.09,344.48,1324.57,59.6,MODERATE
0.4257,0.277,2223.58,946.68,353.73,1300.41,58.5,MODERATE
0.4542,0.277,2223.58,1009.98,336.2,1346.18,60.5,MODERATE
0.5593,0.277,2223.58,1243.6,271.48,1515.08,68.1,HIGH
0.4318,0.277,2223.58,960.09,350.02,1310.11,58.9,MODERATE
0.4778,0.277,2223.58,1062.37,321.68,1384.06,62.2,MODERATE
0.4961,0.277,2223.58,1103.07,310.41,1413.48,63.6,MODERATE
0.6611,0.277,2223.58,1470.09,208.74,1678.83,75.5,CRITICAL
0.6403,0.277,2223.58,1423.66,221.6,1645.26,74.0,CRITICAL
0.4179,0.277,2223.58,929.34,358.54,1287.87,57.9,MODERATE
0.3305,0.277,2223.58,734.95,412.39,1147.34,51.6,LOW
0.4198,0.277,2223.58,933.35,357.43,1290.77,58.0,MODERATE
0.3458,0.277,2223.58,769.0,402.95,1171.96,52.7,LOW
0.5542,0.277,2223.58,1232.26,274.62,1506.88,67.8,HIGH
0.5753,0.277,2223.58,1279.31,261.59,1540.89,69.3,HIGH
0.489,0.277,2223.58,1087.34,314.77,1402.11,63.1,MODERATE
0.6157,0.277,2223.58,1369.12,236.71,1605.83,72.2,CRITICAL
0.4088,0.277,2223.58,908.94,364.19,1273.13,57.3,MODERATE
0.4827,0.277,2223.58,1073.4,318.63,1392.03,62.6,MODERATE
0.4389,0.277,2223.58,975.86,345.65,1321.51,59.4,MODERATE
0.4893,0.277,2223.58,1087.92,314.61,1402.53,63.1,MODERATE
0.4526,0.277,2223.58,1006.29,337.22,1343.51,60.4,MODERATE
0.5949,0.277,2223.58,1322.73,249.56,1572.29,70.7,HIGH
0.4711,0.277,2223.58,1047.53,325.8,1373.32,61.8,MODERATE
0.3519,0.277,2223.58,782.51,399.21,1181.72,53.1,LOW
0.3864,0.277,2223.58,859.23,377.96,1237.19,55.6,MODERATE
0.4216,0.277,2223.58,937.47,356.28,1293.75,58.2,MODERATE
0.4834,0.277,2223.58,1074.82,318.23,1393.06,62.6,MODERATE
0.4026,0.277,2223.58,895.2,367.99,1263.2,56.8,MODERATE
0.6714,0.277,2223.58,1492.92,202.41,1695.33,76.2,CRITICAL
0.5161,0.277,2223.58,1147.5,298.1,1445.6,65.0,HIGH
0.4413,0.277,2223.58,981.35,344.13,1325.48,59.6,MODERATE
0.7896,0.277,2223.58,1755.72,129.61,1885.33,84.8,CRITICAL
0.4404,0.277,2223.58,979.29,344.7,1323.99,59.5,MODERATE
0.4264,0.277,2223.58,948.1,353.34,1301.44,58.5,MODERATE
0.5554,0.277,2223.58,1235.02,273.86,1508.87,67.9,HIGH
0.5083,0.277,2223.58,1130.17,302.9,1433.07,64.4,MODERATE
0.4166,0.277,2223.58,926.44,359.34,1285.78,57.8,MODERATE
0.5403,0.277,2223.58,1201.41,283.17,1484.58,66.8,HIGH
0.4475,0.277,2223.58,995.0,340.35,1335.34,60.1,MODERATE
0.4414,0.277,2223.58,981.57,344.07,1325.64,59.6,MODERATE
0.5346,0.277,2223.58,1188.69,286.69,1475.38,66.4,HIGH
0.5476,0.277,2223.58,1217.64,278.67,1496.31,67.3,HIGH
0.4896,0.277,2223.58,1088.72,314.38,1403.11,63.1,MODERATE
0.3452,0.277,2223.58,767.58,403.35,1170.92,52.7,LOW
0.57,0.277,2223.58,1267.39,264.89,1532.28,68.9,HIGH
0.6032,0.277,2223.58,1341.25,244.43,1585.67,71.3,HIGH
0.5509,0.277,2223.58,1224.99,276.63,1501.63,67.5,HIGH
0.4759,0.277,2223.58,1058.28,322.82,1381.1,62.1,MODERATE
0.4656,0.277,2223.58,1035.24,329.2,1364.44,61.4,MODERATE
0.4657,0.277,2223.58,1035.5,329.13,1364.63,61.4,MODERATE
0.3991,0.277,2223.58,887.47,370.14,1257.6,56.6,MODERATE
0.5699,0.277,2223.58,1267.22,264.94,1532.15,68.9,HIGH
0.5122,0.277,2223.58,1138.92,300.48,1439.4,64.7,MODERATE
0.5524,0.277,2223.58,1228.41,275.69,1504.1,67.6,HIGH
0.6139,0.277,2223.58,1365.08,237.82,1602.91,72.1,CRITICAL
0.2702,0.277,2223.58,600.9,449.52,1050.42,47.2,LOW
0.5632,0.277,2223.58,1252.42,269.04,1521.46,68.4,HIGH
0.5312,0.277,2223.58,1181.26,288.75,1470.01,66.1,HIGH
0.582,0.277,2223.58,1294.2,257.46,1551.66,69.8,HIGH
0.5689,0.277,2223.58,1265.04,265.54,1530.58,68.8,HIGH
0.4678,0.277,2223.58,1040.1,327.85,1367.95,61.5,MODERATE
0.678,0.277,2223.58,1507.5,198.37,1705.87,76.7,CRITICAL
0.5997,0.277,2223.58,1333.55,246.56,1580.11,71.1,HIGH
0.4624,0.277,2223.58,1028.16,331.16,1359.32,61.1,MODERATE
0.4928,0.277,2223.58,1095.82,312.42,1408.23,63.3,MODERATE
0.4319,0.277,2223.58,960.34,349.95,1310.29,58.9,MODERATE
0.5293,0.277,2223.58,1176.95,289.94,1466.89,66.0,HIGH
0.3935,0.277,2223.58,875.02,373.58,1248.61,56.2,MODERATE
0.5509,0.277,2223.58,1225.0,276.63,1501.63,67.5,HIGH
0.5036,0.277,2223.58,1119.89,305.75,1425.64,64.1,MODERATE
0.2322,0.277,2223.58,516.24,472.97,989.22,44.5,LOW
0.4682,0.277,2223.58,1041.04,327.59,1368.63,61.6,MODERATE
0.595,0.277,2223.58,1323.09,249.46,1572.55,70.7,HIGH
0.3512,0.277,2223.58,780.85,399.67,1180.53,53.1,LOW
0.3805,0.277,2223.58,846.15,381.58,1227.73,55.2,MODERATE
0.617,0.277,2223.58,1371.93,235.93,1607.86,72.3,CRITICAL
0.3341,0.277,2223.58,742.83,410.2,1153.03,51.9,LOW
0.3412,0.277,2223.58,758.72,405.8,1164.52,52.4,LOW
0.2653,0.277,2223.58,589.9,452.57,1042.47,46.9,LOW
0.416,0.277,2223.58,925.02,359.73,1284.76,57.8,MODERATE
0.4971,0.277,2223.58,1105.45,309.75,1415.2,63.6,MODERATE
0.3503,0.277,2223.58,778.99,400.19,1179.18,53.0,LOW
0.3304,0.277,2223.58,734.65,412.47,1147.12,51.6,LOW
0.4131,0.277,2223.58,918.46,361.55,1280.01,57.6,MODERATE
0.3642,0.277,2223.58,809.75,391.66,1201.42,54.0,LOW
0.4614,0.277,2223.58,1025.93,331.78,1357.71,61.1,MODERATE
0.5098,0.277,2223.58,1133.69,301.93,1435.62,64.6,MODERATE
0.4273,0.277,2223.58,950.23,352.75,1302.98,58.6,MODERATE
0.5996,0.277,2223.58,1333.3,246.63,1579.93,71.1,HIGH
0.5152,0.277,2223.58,1145.61,298.62,1444.24,65.0,MODERATE
0.5156,0.277,2223.58,1146.49,298.38,1444.87,65.0,MODERATE
0.3988,0.277,2223.58,886.83,370.31,1257.15,56.5,MODERATE
0.4196,0.277,2223.58,932.91,357.55,1290.45,58.0,MODERATE
0.482,0.277,2223.58,1071.67,319.11,1390.78,62.5,MODERATE
0.386,0.277,2223.58,858.26,378.23,1236.49,55.6,MODERATE
0.5294,0.277,2223.58,1177.14,289.89,1467.03,66.0,HIGH
0.6082,0.277,2223.58,1352.28,241.37,1593.65,71.7,HIGH
0.496,0.277,2223.58,1102.93,310.45,1413.38,63.6,MODERATE
0.4649,0.277,2223.58,1033.7,329.63,1363.33,61.3,MODERATE
0.5085,0.277,2223.58,1130.67,302.76,1433.43,64.5,MODERATE
0.4962,0.277,2223.58,1103.32,310.34,1413.66,63.6,MODERATE
0.4841,0.277,2223.58,1076.44,317.79,1394.23,62.7,MODERATE
0.5786,0.277,2223.58,1286.48,259.6,1546.08,69.5,HIGH
0.3047,0.277,2223.58,677.47,428.31,1105.78,49.7,LOW
0.4178,0.277,2223.58,928.98,358.63,1287.62,57.9,MODERATE
0.2822,0.277,2223.58,627.53,442.15,1069.67,48.1,LOW
0.4378,0.277,2223.58,973.55,346.29,1319.84,59.4,MODERATE
0.6546,0.277,2223.58,1455.55,212.76,1668.31,75.0,CRITICAL
0.4572,0.277,2223.58,1016.63,334.35,1350.99,60.8,MODERATE
0.3713,0.277,2223.58,825.55,387.29,1212.84,54.5,LOW
0.5185,0.277,2223.58,1153.01,296.57,1449.58,65.2,HIGH
0.613,0.277,2223.58,1363.0,238.4,1601.4,72.0,CRITICAL
0.5646,0.277,2223.58,1255.42,268.2,1523.62,68.5,HIGH
0.5579,0.277,2223.58,1240.6,272.31,1512.91,68.0,HIGH
0.4657,0.277,2223.58,1035.58,329.1,1364.69,61.4,MODERATE
0.4425,0.277,2223.58,983.95,343.41,1327.36,59.7,MODERATE
0.6309,0.277,2223.58,1402.88,227.35,1630.23,73.3,CRITICAL
0.3347,0.277,2223.58,744.33,409.79,1154.12,51.9,LOW
0.3755,0.277,2223.58,835.03,384.66,1219.69,54.9,LOW
0.4539,0.277,2223.58,1009.2,336.41,1345.62,60.5,MODERATE
0.6053,0.277,2223.58,1345.91,243.14,1589.05,71.5,HIGH
0.4036,0.277,2223.58,897.42,367.38,1264.8,56.9,MODERATE
0.4858,0.277,2223.58,1080.14,316.76,1396.9,62.8,MODERATE
0.4814,0.277,2223.58,1070.46,319.44,1389.9,62.5,MODERATE
0.5296,0.277,2223.58,1177.64,289.75,1467.39,66.0,HIGH
0.4503,0.277,2223.58,1001.37,338.58,1339.95,60.3,MODERATE
0.6327,0.277,2223.58,1406.81,226.26,1633.08,73.4,CRITICAL
0.6209,0.277,2223.58,1380.65,233.51,1614.16,72.6,CRITICAL
0.404,0.277,2223.58,898.29,367.14,1265.43,56.9,MODERATE
0.5211,0.277,2223.58,1158.6,295.02,1453.63,65.4,HIGH
0.502,0.277,2223.58,1116.21,306.77,1422.98,64.0,MODERATE
0.4045,0.277,2223.58,899.46,366.81,1266.28,56.9,MODERATE
0.5342,0.277,2223.58,1187.93,286.9,1474.83,66.3,HIGH
0.431,0.277,2223.58,958.32,350.51,1308.83,58.9,MODERATE
0.5081,0.277,2223.58,1129.71,303.03,1432.74,64.4,MODERATE
0.4061,0.277,2223.58,902.97,365.84,1268.81,57.1,MODERATE
0.4755,0.277,2223.58,1057.25,323.1,1380.35,62.1,MODERATE
0.6079,0.277,2223.58,1351.74,241.52,1593.26,71.7,HIGH
0.3999,0.277,2223.58,889.2,369.66,1258.85,56.6,MODERATE
0.4562,0.277,2223.58,1014.3,335.0,1349.3,60.7,MODERATE
0.396,0.277,2223.58,880.49,372.07,1252.56,56.3,MODERATE
0.3829,0.277,2223.58,851.3,380.15,1231.46,55.4,MODERATE
0.4414,0.277,2223.58,981.4,344.11,1325.51,59.6,MODERATE
0.5479,0.277,2223.58,1218.27,278.5,1496.76,67.3,HIGH
0.4891,0.277,2223.58,1087.58,314.7,1402.28,63.1,MODERATE
0.6161,0.277,2223.58,1369.93,236.48,1606.41,72.2,CRITICAL
0.3852,0.277,2223.58,856.44,378.73,1235.17,55.5,MODERATE
0.5396,0.277,2223.58,1199.8,283.61,1483.41,66.7,HIGH
0.3717,0.277,2223.58,826.59,387.0,1213.59,54.6,LOW
0.5161,0.277,2223.58,1147.67,298.05,1445.72,65.0,HIGH
0.5563,0.277,2223.58,1236.88,273.34,1510.22,67.9,HIGH
0.4762,0.277,2223.58,1058.83,322.66,1381.5,62.1,MODERATE
0.435,0.277,2223.58,967.33,348.01,1315.34,59.2,MODERATE
0.5996,0.277,2223.58,1333.2,246.66,1579.86,71.1,HIGH
0.4788,0.277,2223.58,1064.55,321.08,1385.63,62.3,MODERATE
0.4139,0.277,2223.58,920.45,361.0,1281.45,57.6,MODERATE
0.5173,0.277,2223.58,1150.3,297.32,1447.63,65.1,HIGH
0.5087,0.277,2223.58,1131.16,302.63,1433.79,64.5,MODERATE
0.4403,0.277,2223.58,979.01,344.78,1323.79,59.5,MODERATE
0.4972,0.277,2223.58,1105.59,309.71,1415.3,63.6,MODERATE
0.4393,0.277,2223.58,976.79,345.39,1322.18,59.5,MODERATE
0.4409,0.277,2223.58,980.43,344.38,1324.81,59.6,MODERATE
0.2462,0.277,2223.58,547.53,464.31,1011.84,45.5,LOW
0.6387,0.277,2223.58,1420.15,222.57,1642.72,73.9,CRITICAL
0.4564,0.277,2223.58,1014.93,334.83,1349.76,60.7,MODERATE
0.6957,0.277,2223.58,1547.03,187.42,1734.45,78.0,CRITICAL
0.4437,0.277,2223.58,986.71,342.64,1329.36,59.8,MODERATE
0.4752,0.277,2223.58,1056.74,323.24,1379.98,62.1,MODERATE
0.5301,0.277,2223.58,1178.63,289.48,1468.11,66.0,HIGH
0.5863,0.277,2223.58,1303.68,254.83,1558.52,70.1,HIGH
0.5187,0.277,2223.58,1153.44,296.45,1449.9,65.2,HIGH
0.5392,0.277,2223.58,1198.96,283.85,1482.8,66.7,HIGH
0.4141,0.277,2223.58,920.79,360.91,1281.69,57.6,MODERATE
0.5703,0.277,2223.58,1268.14,264.68,1532.82,68.9,HIGH
0.436,0.277,2223.58,969.58,347.39,1316.97,59.2,MODERATE
0.709,0.277,2223.58,1576.55,179.24,1755.79,79.0,CRITICAL
0.5479,0.277,2223.58,1218.39,278.46,1496.86,67.3,HIGH
0.4242,0.277,2223.58,943.31,354.67,1297.98,58.4,MODERATE
0.5628,0.277,2223.58,1251.43,269.31,1520.74,68.4,HIGH
0.345,0.277,2223.58,767.2,403.45,1170.66,52.6,LOW
0.3888,0.277,2223.58,864.63,376.46,1241.09,55.8,MODERATE
0.5311,0.277,2223.58,1180.99,288.82,1469.81,66.1,HIGH
0.3841,0.277,2223.58,854.13,379.37,1233.5,55.5,MODERATE
0.4268,0.277,2223.58,949.05,353.08,1302.13,58.6,MODERATE
0.347,0.277,2223.58,771.62,402.23,1173.85,52.8,LOW
0.4451,0.277,2223.58,989.63,341.83,1331.46,59.9,MODERATE
0.4231,0.277,2223.58,940.87,355.34,1296.21,58.3,MODERATE
0.5371,0.277,2223.58,1194.23,285.15,1479.39,66.5,HIGH
0.5059,0.277,2223.58,1124.82,304.38,1429.2,64.3,MODERATE
0.3922,0.277,2223.58,872.11,374.39,1246.5,56.1,MODERATE
0.6023,0.277,2223.58,1339.37,244.95,1584.32,71.3,HIGH
0.3586,0.277,2223.58,797.45,395.07,1192.53,53.6,LOW
0.399,0.277,2223.58,887.2,370.21,1257.41,56.5,MODERATE
0.5327,0.277,2223.58,1184.58,287.83,1472.41,66.2,HIGH
0.4798,0.277,2223.58,1066.97,320.41,1387.38,62.4,MODERATE
0.6221,0.277,2223.58,1383.31,232.78,1616.08,72.7,CRITICAL
0.4015,0.277,2223.58,892.78,368.66,1261.44,56.7,MODERATE
0.4185,0.277,2223.58,930.53,358.21,1288.74,58.0,MODERATE
0.4636,0.277,2223.58,1030.91,330.4,1361.31,61.2,MODERATE
0.719,0.277,2223.58,1598.85,173.07,1771.92,79.7,CRITICAL
0.4707,0.277,2223.58,1046.6,326.05,1372.66,61.7,MODERATE
0.5677,0.277,2223.58,1262.32,266.29,1528.62,68.7,HIGH
0.2916,0.277,2223.58,648.47,436.34,1084.82,48.8,LOW
0.5284,0.277,2223.58,1174.85,290.52,1465.37,65.9,HIGH
0.4385,0.277,2223.58,975.15,345.85,1321.0,59.4,MODERATE
0.3426,0.277,2223.58,761.71,404.97,1166.69,52.5,LOW
0.365,0.277,2223.58,811.54,391.17,1202.71,54.1,LOW
0.5889,0.277,2223.58,1309.57,253.2,1562.77,70.3,HIGH
0.5484,0.277,2223.58,1219.52,278.15,1497.67,67.4,HIGH
0.4274,0.277,2223.58,950.32,352.73,1303.04,58.6,MODERATE
0.5104,0.277,2223.58,1134.98,301.57,1436.55,64.6,MODERATE
0.4242,0.277,2223.58,943.32,354.66,1297.99,58.4,MODERATE
0.4328,0.277,2223.58,962.36,349.39,1311.75,59.0,MODERATE
0.5311,0.277,2223.58,1180.91,288.85,1469.75,66.1,HIGH
0.427,0.277,2223.58,949.53,352.94,1302.48,58.6,MODERATE
0.5823,0.277,2223.58,1294.84,257.28,1552.13,69.8,HIGH
0.3582,0.277,2223.58,796.51,395.33,1191.85,53.6,LOW
0.4146,0.277,2223.58,921.91,360.59,1282.51,57.7,MODERATE
0.4599,0.277,2223.58,1022.58,332.71,1355.29,61.0,MODERATE
0.4405,0.277,2223.58,979.56,344.63,1324.18,59.6,MODERATE
0.1797,0.277,2223.58,399.51,505.31,904.82,40.7,LOW
0.52,0.277,2223.58,1156.27,295.67,1451.94,65.3,HIGH
0.4829,0.277,2223.58,1073.69,318.55,1392.24,62.6,MODERATE
0.3951,0.277,2223.58,878.52,372.61,1251.14,56.3,MODERATE
0.2957,0.277,2223.58,657.57,433.82,1091.39,49.1,LOW
0.6078,0.277,2223.58,1351.57,241.57,1593.14,71.6,HIGH
0.4351,0.277,2223.58,967.47,347.97,1315.45,59.2,MODERATE
0.6054,0.277,2223.58,1346.16,243.07,1589.23,71.5,HIGH
0.5444,0.277,2223.58,1210.6,280.62,1491.22,67.1,HIGH
0.4755,0.277,2223.58,1057.23,323.11,1380.34,62.1,MODERATE
0.3951,0.277,2223.58,878.63,372.58,1251.22,56.3,MODERATE
0.4405,0.277,2223.58,979.41,344.66,1324.08,59.5,MODERATE
0.5162,0.277,2223.58,1147.81,298.01,1445.82,65.0,HIGH
0.3975,0.277,2223.58,883.89,371.13,1255.02,56.4,MODERATE
0.4761,0.277,2223.58,1058.65,322.71,1381.37,62.1,MODERATE
0.5844,0.277,2223.58,1299.48,256.0,1555.48,70.0,HIGH
0.3822,0.277,2223.58,849.85,380.56,1230.4,55.3,MODERATE
0.4493,0.277,2223.58,999.15,339.2,1338.35,60.2,MODERATE
0.3244,0.277,2223.58,721.34,416.16,1137.5,51.2,LOW
0.555,0.277,2223.58,1233.99,274.14,1508.13,67.8,HIGH
0.3848,0.277,2223.58,855.71,378.93,1234.64,55.5,MODERATE
0.5985,0.277,2223.58,1330.9,247.29,1578.19,71.0,HIGH
0.5511,0.277,2223.58,1225.33,276.54,1501.87,67.5,HIGH
0.4872,0.277,2223.58,1083.38,315.86,1399.25,62.9,MODERATE
0.5614,0.277,2223.58,1248.42,270.14,1518.56,68.3,HIGH
0.5511,0.277,2223.58,1225.32,276.54,1501.87,67.5,HIGH
0.5942,0.277,2223.58,1321.16,249.99,1571.15,70.7,HIGH
0.421,0.277,2223.58,936.04,356.68,1292.72,58.1,MODERATE
0.4644,0.277,2223.58,1032.67,329.91,1362.58,61.3,MODERATE
0.4691,0.277,2223.58,1043.06,327.03,1370.1,61.6,MODERATE
0.4364,0.277,2223.58,970.48,347.14,1317.62,59.3,MODERATE
0.5908,0.277,2223.58,1313.71,252.06,1565.77,70.4,HIGH
0.5325,0.277,2223.58,1183.98,287.99,1471.98,66.2,HIGH
0.4894,0.277,2223.58,1088.17,314.54,1402.71,63.1,MODERATE
0.3059,0.277,2223.58,680.18,427.56,1107.74,49.8,LOW
0.4187,0.277,2223.58,931.03,358.07,1289.1,58.0,MODERATE
0.5755,0.277,2223.58,1279.66,261.49,1541.15,69.3,HIGH
0.3903,0.277,2223.58,867.8,375.58,1243.39,55.9,MODERATE
0.5357,0.277,2223.58,1191.28,285.97,1477.25,66.4,HIGH
0.4701,0.277,2223.58,1045.27,326.42,1371.69,61.7,MODERATE
0.5244,0.277,2223.58,1166.04,292.96,1459.01,65.6,HIGH
0.4489,0.277,2223.58,998.14,339.48,1337.62,60.2,MODERATE
0.4143,0.277,2223.58,921.16,360.8,1281.96,57.7,MODERATE
0.5472,0.277,2223.58,1216.82,278.9,1495.72,67.3,HIGH
0.3814,0.277,2223.58,847.97,381.08,1229.05,55.3,MODERATE
0.1902,0.277,2223.58,422.94,498.82,921.76,41.5,LOW
0.4268,0.277,2223.58,949.02,353.09,1302.1,58.6,MODERATE
0.6556,0.277,2223.58,1457.75,212.15,1669.91,75.1,CRITICAL
0.4741,0.277,2223.58,1054.25,323.93,1378.19,62.0,MODERATE
0.5095,0.277,2223.58,1133.01,302.11,1435.13,64.5,MODERATE
0.4988,0.277,2223.58,1109.12,308.73,1417.85,63.8,MODERATE
0.5358,0.277,2223.58,1191.5,285.91,1477.41,66.4,HIGH
0.4747,0.277,2223.58,1055.47,323.59,1379.07,62.0,MODERATE
0.4662,0.277,2223.58,1036.55,328.84,1365.38,61.4,MODERATE
0.5401,0.277,2223.58,1200.94,283.3,1484.24,66.7,HIGH
0.447,0.277,2223.58,993.89,340.65,1334.54,60.0,MODERATE
0.4012,0.277,2223.58,892.07,368.86,1260.93,56.7,MODERATE
0.5023,0.277,2223.58,1116.84,306.59,1423.44,64.0,MODERATE
0.3596,0.277,2223.58,799.65,394.46,1194.11,53.7,LOW
0.3875,0.277,2223.58,861.68,377.28,1238.96,55.7,MODERATE
0.567,0.277,2223.58,1260.85,266.7,1527.55,68.7,HIGH
0.5258,0.277,2223.58,1169.08,292.12,1461.2,65.7,HIGH
0.389,0.277,2223.58,865.05,376.35,1241.39,55.8,MODERATE
0.3587,0.277,2223.58,797.64,395.02,1192.66,53.6,LOW
0.581,0.277,2223.58,1291.98,258.08,1550.05,69.7,HIGH
0.4098,0.277,2223.58,911.24,363.55,1274.79,57.3,MODERATE
0.5441,0.277,2223.58,1209.82,280.84,1490.66,67.0,HIGH
0.619,0.277,2223.58,1376.37,234.7,1611.07,72.5,CRITICAL
0.474,0.277,2223.58,1053.88,324.04,1377.91,62.0,MODERATE
0.466,0.277,2223.58,1036.26,328.92,1365.18,61.4,MODERATE
0.5186,0.277,2223.58,1153.25,296.51,1449.76,65.2,HIGH
0.4178,0.277,2223.58,928.97,358.64,1287.61,57.9,MODERATE
0.5937,0.277,2223.58,1320.25,250.25,1570.49,70.6,HIGH
0.4117,0.277,2223.58,915.55,362.36,1277.91,57.5,MODERATE
0.4343,0.277,2223.58,965.8,348.44,1314.24,59.1,MODERATE
0.3839,0.277,2223.58,853.62,379.51,1233.13,55.5,MODERATE
0.4535,0.277,2223.58,1008.32,336.66,1344.98,60.5,MODERATE
0.4879,0.277,2223.58,1084.97,315.42,1400.39,63.0,MODERATE
0.4808,0.277,2223.58,1069.0,319.85,1388.85,62.5,MODERATE
0.461,0.277,2223.58,1025.1,332.01,1357.11,61.0,MODERATE
0.3956,0.277,2223.58,879.67,372.3,1251.97,56.3,MODERATE
0.4156,0.277,2223.58,924.04,360.0,1284.04,57.7,MODERATE
0.5017,0.277,2223.58,1115.54,306.95,1422.5,64.0,MODERATE
0.5198,0.277,2223.58,1155.92,295.77,1451.69,65.3,HIGH
0.671,0.277,2223.58,1491.96,202.68,1694.64,76.2,CRITICAL
0.5611,0.277,2223.58,1247.66,270.35,1518.02,68.3,HIGH
0.4801,0.277,2223.58,1067.43,320.28,1387.71,62.4,MODERATE
0.4152,0.277,2223.58,923.18,360.24,1283.43,57.7,MODERATE
0.6475,0.277,2223.58,1439.69,217.16,1656.85,74.5,CRITICAL
0.1974,0.277,2223.58,439.04,494.36,933.4,42.0,LOW
0.484,0.277,2223.58,1076.21,317.85,1394.06,62.7,MODERATE
0.5652,0.277,2223.58,1256.81,267.82,1524.63,68.6,HIGH
0.5534,0.277,2223.58,1230.52,275.1,1505.62,67.7,HIGH
0.5008,0.277,2223.58,1113.48,307.52,1421.01,63.9,MODERATE
0.5423,0.277,2223.58,1205.78,281.96,1487.74,66.9,HIGH
0.5575,0.277,2223.58,1239.62,272.58,1512.2,68.0,HIGH
0.4879,0.277,2223.58,1084.86,315.45,1400.31,63.0,MODERATE
0.4309,0.277,2223.58,958.06,350.58,1308.64,58.9,MODERATE
0.3359,0.277,2223.58,746.85,409.09,1155.94,52.0,LOW
0.3285,0.277,2223.58,730.41,413.64,1144.06,51.5,LOW
0.5733,0.277,2223.58,1274.68,262.87,1537.55,69.1,HIGH
0.5286,0.277,2223.58,1175.46,290.36,1465.81,65.9,HIGH
0.5382,0.277,2223.58,1196.63,284.49,1481.12,66.6,HIGH
0.446,0.277,2223.58,991.75,341.25,1333.0,59.9,MODERATE
0.5324,0.277,2223.58,1183.84,288.03,1471.87,66.2,HIGH
0.6596,0.277,2223.58,1466.68,209.68,1676.36,75.4,CRITICAL
0.5184,0.277,2223.58,1152.6,296.69,1449.29,65.2,HIGH
0.6896,0.277,2223.58,1533.41,191.19,1724.6,77.6,CRITICAL
0.3969,0.277,2223.58,882.49,371.52,1254.0,56.4,MODERATE
0.4145,0.277,2223.58,921.6,360.68,1282.28,57.7,MODERATE
0.3864,0.277,2223.58,859.15,377.98,1237.13,55.6,MODERATE
0.4157,0.277,2223.58,924.36,359.92,1284.28,57.8,MODERATE
0.6015,0.277,2223.58,1337.44,245.48,1582.92,71.2,HIGH
0.5466,0.277,2223.58,1215.48,279.27,1494.75,67.2,HIGH
0.5033,0.277,2223.58,1119.16,305.95,1425.11,64.1,MODERATE
0.6158,0.277,2223.58,1369.31,236.65,1605.97,72.2,CRITICAL
0.4976,0.277,2223.58,1106.34,309.5,1415.85,63.7,MODERATE
0.5724,0.277,2223.58,1272.8,263.39,1536.19,69.1,HIGH
0.4098,0.277,2223.58,911.24,363.55,1274.79,57.3,MODERATE
0.5032,0.277,2223.58,1118.96,306.01,1424.96,64.1,MODERATE
0.4615,0.277,2223.58,1026.27,331.68,1357.96,61.1,MODERATE
0.6592,0.277,2223.58,1465.83,209.92,1675.74,75.4,CRITICAL
0.5365,0.277,2223.58,1192.9,285.52,1478.42,66.5,HIGH
0.5115,0.277,2223.58,1137.25,300.94,1438.19,64.7,MODERATE
0.3628,0.277,2223.58,806.78,392.49,1199.27,53.9,LOW
0.4868,0.277,2223.58,1082.4,316.14,1398.53,62.9,MODERATE
0.5546,0.277,2223.58,1233.27,274.34,1507.61,67.8,HIGH
0.6196,0.277,2223.58,1377.72,234.32,1612.05,72.5,CRITICAL
0.4706,0.277,2223.58,1046.48,326.08,1372.57,61.7,MODERATE
0.6514,0.277,2223.58,1448.51,214.71,1663.22,74.8,CRITICAL
0.4009,0.277,2223.58,891.35,369.06,1260.41,56.7,MODERATE
0.4965,0.277,2223.58,1104.04,310.14,1414.18,63.6,MODERATE
0.6343,0.277,2223.58,1410.43,225.26,1635.69,73.6,CRITICAL
0.6312,0.277,2223.58,1403.56,227.17,1630.72,73.3,CRITICAL
0.5283,0.277,2223.58,1174.73,290.56,1465.29,65.9,HIGH
0.4078,0.277,2223.58,906.87,364.76,1271.63,57.2,MODERATE
0.2978,0.277,2223.58,662.15,432.55,1094.7,49.2,LOW
0.408,0.277,2223.58,907.24,364.66,1271.9,57.2,MODERATE
0.4364,0.277,2223.58,970.34,347.18,1317.52,59.3,MODERATE
0.6748,0.277,2223.58,1500.57,200.29,1700.86,76.5,CRITICAL
0.6021,0.277,2223.58,1338.84,245.09,1583.94,71.2,HIGH
0.4662,0.277,2223.58,1036.64,328.81,1365.45,61.4,MODERATE
0.5577,0.277,2223.58,1240.12,272.44,1512.57,68.0,HIGH
0.4857,0.277,2223.58,1080.08,316.78,1396.86,62.8,MODERATE
0.5423,0.277,2223.58,1205.78,281.96,1487.74,66.9,HIGH
0.5491,0.277,2223.58,1220.88,277.77,1498.65,67.4,HIGH
0.4233,0.277,2223.58,941.2,355.25,1296.45,58.3,MODERATE
0.5256,0.277,2223.58,1168.73,292.22,1460.95,65.7,HIGH
0.2307,0.277,2223.58,512.9,473.9,986.8,44.4,LOW
0.5589,0.277,2223.58,1242.75,271.71,1514.46,68.1,HIGH
0.4119,0.277,2223.58,915.95,362.25,1278.19,57.5,MODERATE
0.392,0.277,2223.58,871.73,374.5,1246.23,56.0,MODERATE
0.3808,0.277,2223.58,846.72,381.42,1228.15,55.2,MODERATE
0.5875,0.277,2223.58,1306.46,254.06,1560.53,70.2,HIGH
0.5714,0.277,2223.58,1270.52,264.02,1534.54,69.0,HIGH
0.3377,0.277,2223.58,750.79,408.0,1158.79,52.1,LOW
0.5289,0.277,2223.58,1176.03,290.2,1466.23,65.9,HIGH
0.6247,0.277,2223.58,1389.01,231.2,1620.21,72.9,CRITICAL
0.5072,0.277,2223.58,1127.91,303.53,1431.44,64.4,MODERATE
0.5723,0.277,2223.58,1272.58,263.45,1536.03,69.1,HIGH
0.4819,0.277,2223.58,1071.52,319.15,1390.67,62.5,MODERATE
0.6147,0.277,2223.58,1366.8,237.35,1604.15,72.1,CRITICAL
0.4495,0.277,2223.58,999.48,339.11,1338.58,60.2,MODERATE
0.3333,0.277,2223.58,741.09,410.69,1151.78,51.8,LOW
0.4018,0.277,2223.58,893.46,368.48,1261.93,56.8,MODERATE
0.4428,0.277,2223.58,984.54,343.25,1327.78,59.7,MODERATE
0.5032,0.277,2223.58,1118.92,306.02,1424.94,64.1,MODERATE
0.2346,0.277,2223.58,521.7,471.46,993.16,44.7,LOW
0.4815,0.277,2223.58,1070.69,319.38,1390.07,62.5,MODERATE
0.554,0.277,2223.58,1231.91,274.72,1506.63,67.8,HIGH
0.5796,0.277,2223.58,1288.88,258.93,1547.82,69.6,HIGH
0.4936,0.277,2223.58,1097.56,311.93,1409.5,63.4,MODERATE
0.7608,0.277,2223.58,1691.64,147.36,1839.0,82.7,CRITICAL
0.4356,0.277,2223.58,968.55,347.68,1316.22,59.2,MODERATE
0.4271,0.277,2223.58,949.8,352.87,1302.67,58.6,MODERATE
0.3526,0.277,2223.58,783.98,398.8,1182.79,53.2,LOW
0.5377,0.277,2223.58,1195.56,284.79,1480.35,66.6,HIGH
0.3792,0.277,2223.58,843.28,382.38,1225.66,55.1,MODERATE
0.5267,0.277,2223.58,1171.27,291.52,1462.79,65.8,HIGH
0.4103,0.277,2223.58,912.29,363.26,1275.55,57.4,MODERATE
0.5667,0.277,2223.58,1260.09,266.91,1527.0,68.7,HIGH
0.369,0.277,2223.58,820.47,388.7,1209.16,54.4,LOW
0.4142,0.277,2223.58,920.98,360.85,1281.83,57.6,MODERATE
0.4503,0.277,2223.58,1001.28,338.61,1339.89,60.3,MODERATE
0.4866,0.277,2223.58,1082.06,316.23,1398.29,62.9,MODERATE
0.4963,0.277,2223.58,1103.5,310.29,1413.79,63.6,MODERATE
0.398,0.277,2223.58,884.91,370.84,1255.75,56.5,MODERATE
0.5043,0.277,2223.58,1121.38,305.34,1426.72,64.2,MODERATE
0.5127,0.277,2223.58,1139.98,300.18,1440.16,64.8,MODERATE
0.6274,0.277,2223.58,1395.03,229.53,1624.56,73.1,CRITICAL
0.4519,0.277,2223.58,1004.89,337.61,1342.5,60.4,MODERATE
0.5249,0.277,2223.58,1167.23,292.64,1459.86,65.7,HIGH
0.668,0.277,2223.58,1485.45,204.48,1689.93,76.0,CRITICAL
0.4667,0.277,2223.58,1037.69,328.52,1366.21,61.4,MODERATE
0.613,0.277,2223.58,1363.0,238.4,1601.4,72.0,CRITICAL
0.5383,0.277,2223.58,1197.01,284.38,1481.4,66.6,HIGH
0.5651,0.277,2223.58,1256.53,267.9,1524.42,68.6,HIGH
0.5836,0.277,2223.58,1297.68,256.5,1554.18,69.9,HIGH
0.5335,0.277,2223.58,1186.23,287.37,1473.6,66.3,HIGH
0.3875,0.277,2223.58,861.61,377.3,1238.91,55.7,MODERATE
0.5192,0.277,2223.58,1154.56,296.14,1450.71,65.2,HIGH
0.6294,0.277,2223.58,1399.45,228.3,1627.75,73.2,CRITICAL
0.3484,0.277,2223.58,774.59,401.41,1176.0,52.9,LOW
0.5317,0.277,2223.58,1182.22,288.48,1470.7,66.1,HIGH
0.6676,0.277,2223.58,1484.54,204.73,1689.27,76.0,CRITICAL
0.4057,0.277,2223.58,902.21,366.05,1268.26,57.0,MODERATE
0.3937,0.277,2223.58,875.46,373.46,1248.92,56.2,MODERATE
0.6297,0.277,2223.58,1400.13,228.12,1628.25,73.2,CRITICAL
0.4151,0.277,2223.58,922.9,360.32,1283.22,57.7,MODERATE
0.4231,0.277,2223.58,940.81,355.36,1296.17,58.3,MODERATE
0.4786,0.277,2223.58,1064.23,321.17,1385.4,62.3,MODERATE
0.593,0.277,2223.58,1318.66,250.69,1569.34,70.6,HIGH
0.4176,0.277,2223.58,928.68,358.72,1287.4,57.9,MODERATE
0.5026,0.277,2223.58,1117.56,306.39,1423.95,64.0,MODERATE
0.379,0.277,2223.58,842.83,382.5,1225.33,55.1,MODERATE
0.457,0.277,2223.58,1016.2,334.47,1350.67,60.7,MODERATE
0.3346,0.277,2223.58,744.09,409.86,1153.94,51.9,LOW
0.4948,0.277,2223.58,1100.16,311.22,1411.37,63.5,MODERATE
0.3109,0.277,2223.58,691.37,424.46,1115.83,50.2,LOW
0.6192,0.277,2223.58,1376.92,234.55,1611.46,72.5,CRITICAL
0.3131,0.277,2223.58,696.09,423.15,1119.24,50.3,LOW
0.4416,0.277,2223.58,981.97,343.96,1325.93,59.6,MODERATE
0.5362,0.277,2223.58,1192.23,285.71,1477.94,66.5,HIGH
0.6293,0.277,2223.58,1399.29,228.35,1627.64,73.2,CRITICAL
0.3479,0.277,2223.58,773.63,401.67,1175.3,52.9,LOW
0.5205,0.277,2223.58,1157.34,295.37,1452.71,65.3,HIGH
0.4023,0.277,2223.58,894.45,368.2,1262.65,56.8,MODERATE
0.5743,0.277,2223.58,1276.95,262.24,1539.19,69.2,HIGH
0.3471,0.277,2223.58,771.85,402.16,1174.02,52.8,LOW
0.7058,0.277,2223.58,1569.3,181.25,1750.55,78.7,CRITICAL
0.4568,0.277,2223.58,1015.67,334.62,1350.29,60.7,MODERATE
0.4167,0.277,2223.58,926.5,359.32,1285.82,57.8,MODERATE
0.5033,0.277,2223.58,1119.18,305.95,1425.13,64.1,MODERATE
0.4886,0.277,2223.58,1086.48,315.01,1401.48,63.0,MODERATE
0.3701,0.277,2223.58,822.95,388.01,1210.96,54.5,LOW
0.4921,0.277,2223.58,1094.2,312.87,1407.06,63.3,MODERATE
0.3881,0.277,2223.58,863.06,376.9,1239.95,55.8,MODERATE
0.5327,0.277,2223.58,1184.52,287.85,1472.36,66.2,HIGH
0.6526,0.277,2223.58,1451.18,213.97,1665.16,74.9,CRITICAL
0.5768,0.277,2223.58,1282.6,260.68,1543.27,69.4,HIGH
0.4949,0.277,2223.58,1100.37,311.16,1411.53,63.5,MODERATE
0.5549,0.277,2223.58,1233.83,274.18,1508.02,67.8,HIGH
0.4656,0.277,2223.58,1035.25,329.2,1364.44,61.4,MODERATE
0.524,0.277,2223.58,1165.16,293.21,1458.37,65.6,HIGH
0.553,0.277,2223.58,1229.62,275.35,1504.97,67.7,HIGH
0.5714,0.277,2223.58,1270.55,264.01,1534.56,69.0,HIGH
0.5068,0.277,2223.58,1126.84,303.82,1430.67,64.3,MODERATE
0.4467,0.277,2223.58,993.21,340.84,1334.05,60.0,MODERATE
0.5601,0.277,2223.58,1245.33,271.0,1516.33,68.2,HIGH
0.2405,0.277,2223.58,534.8,467.83,1002.63,45.1,LOW
0.5113,0.277,2223.58,1136.83,301.06,1437.89,64.7,MODERATE
0.5079,0.277,2223.58,1129.45,303.1,1432.55,64.4,MODERATE
0.4962,0.277,2223.58,1103.42,310.31,1413.73,63.6,MODERATE
0.4391,0.277,2223.58,976.27,345.54,1321.81,59.4,MODERATE
0.6363,0.277,2223.58,1414.88,224.03,1638.91,73.7,CRITICAL
0.6388,0.277,2223.58,1420.36,222.51,1642.87,73.9,CRITICAL
0.5465,0.277,2223.58,1215.28,279.32,1494.6,67.2,HIGH
0.4224,0.277,2223.58,939.24,355.79,1295.03,58.2,MODERATE
0.5286,0.277,2223.58,1175.36,290.38,1465.74,65.9,HIGH
0.6276,0.277,2223.58,1395.41,229.42,1624.84,73.1,CRITICAL
0.2385,0.277,2223.58,530.35,469.07,999.42,44.9,LOW
0.4512,0.277,2223.58,1003.29,338.05,1341.34,60.3,MODERATE
0.5605,0.277,2223.58,1246.43,270.7,1517.12,68.2,HIGH
0.4305,0.277,2223.58,957.32,350.78,1308.11,58.8,MODERATE
0.6481,0.277,2223.58,1441.03,216.79,1657.82,74.6,CRITICAL
0.431,0.277,2223.58,958.42,350.48,1308.9,58.9,MODERATE
0.6131,0.277,2223.58,1363.25,238.33,1601.59,72.0,CRITICAL
0.5634,0.277,2223.58,1252.67,268.97,1521.64,68.4,HIGH
0.4964,0.277,2223.58,1103.84,310.19,1414.04,63.6,MODERATE
0.4921,0.277,2223.58,1094.3,312.84,1407.14,63.3,MODERATE
0.676,0.277,2223.58,1503.21,199.56,1702.77,76.6,CRITICAL
0.6197,0.277,2223.58,1378.01,234.24,1612.25,72.5,CRITICAL
0.5726,0.277,2223.58,1273.15,263.29,1536.44,69.1,HIGH
0.4722,0.277,2223.58,1049.92,325.13,1375.06,61.8,MODERATE
0.5463,0.277,2223.58,1214.68,279.49,1494.17,67.2,HIGH
0.5863,0.277,2223.58,1303.79,254.81,1558.59,70.1,HIGH
0.4323,0.277,2223.58,961.22,349.7,1310.93,59.0,MODERATE
0.3176,0.277,2223.58,706.2,420.35,1126.55,50.7,LOW
0.1781,0.277,2223.58,396.04,506.27,902.31,40.6,LOW
0.4882,0.277,2223.58,1085.66,315.23,1400.89,63.0,MODERATE
0.5553,0.277,2223.58,1234.72,273.94,1508.66,67.8,HIGH
0.2947,0.277,2223.58,655.36,434.44,1089.79,49.0,LOW
0.2603,0.277,2223.58,578.91,455.61,1034.52,46.5,LOW
0.3077,0.277,2223.58,684.15,426.46,1110.61,49.9,LOW
0.5455,0.277,2223.58,1212.97,279.96,1492.93,67.1,HIGH
0.4364,0.277,2223.58,970.3,347.19,1317.49,59.3,MODERATE
0.2174,0.277,2223.58,483.36,482.08,965.45,43.4,LOW
0.4317,0.277,2223.58,959.89,350.07,1309.96,58.9,MODERATE
0.4143,0.277,2223.58,921.28,360.77,1282.05,57.7,MODERATE
0.568,0.277,2223.58,1262.98,266.11,1529.09,68.8,HIGH
0.4052,0.277,2223.58,900.96,366.4,1267.36,57.0,MODERATE
0.4813,0.277,2223.58,1070.13,319.54,1389.66,62.5,MODERATE
0.4598,0.277,2223.58,1022.5,332.73,1355.23,60.9,MODERATE
0.6638,0.277,2223.58,1475.96,207.11,1683.07,75.7,CRITICAL
0.551,0.277,2223.58,1225.29,276.55,1501.84,67.5,HIGH
0.5449,0.277,2223.58,1211.59,280.35,1491.93,67.1,HIGH
0.4984,0.277,2223.58,1108.17,309.0,1417.16,63.7,MODERATE
0.4064,0.277,2223.58,903.58,365.67,1269.25,57.1,MODERATE
0.4507,0.277,2223.58,1002.1,338.38,1340.48,60.3,MODERATE
0.5036,0.277,2223.58,1119.82,305.77,1425.59,64.1,MODERATE
0.6541,0.277,2223.58,1454.39,213.08,1667.47,75.0,CRITICAL
0.4874,0.277,2223.58,1083.87,315.73,1399.6,62.9,MODERATE
0.4352,0.277,2223.58,967.79,347.88,1315.68,59.2,MODERATE
0.4065,0.277,2223.58,903.91,365.58,1269.49,57.1,MODERATE
0.5086,0.277,2223.58,1130.9,302.7,1433.6,64.5,MODERATE
0.4997,0.277,2223.58,1111.06,308.19,1419.26,63.8,MODERATE
0.4656,0.277,2223.58,1035.21,329.21,1364.42,61.4,MODERATE
0.6939,0.277,2223.58,1542.98,188.54,1731.52,77.9,CRITICAL
0.5605,0.277,2223.58,1246.42,270.7,1517.12,68.2,HIGH
0.4886,0.277,2223.58,1086.55,314.99,1401.53,63.0,MODERATE
0.4288,0.277,2223.58,953.58,351.82,1305.4,58.7,MODERATE
0.4372,0.277,2223.58,972.22,346.66,1318.87,59.3,MODERATE
0.3555,0.277,2223.58,790.43,397.02,1187.45,53.4,LOW
0.5036,0.277,2223.58,1119.81,305.77,1425.58,64.1,MODERATE
0.5385,0.277,2223.58,1197.49,284.25,1481.74,66.6,HIGH
0.4454,0.277,2223.58,990.42,341.61,1332.04,59.9,MODERATE
0.4128,0.277,2223.58,917.97,361.69,1279.66,57.5,MODERATE
0.4112,0.277,2223.58,914.34,362.69,1277.03,57.4,MODERATE
0.2961,0.277,2223.58,658.31,433.62,1091.93,49.1,LOW
0.7202,0.277,2223.58,1601.45,172.35,1773.79,79.8,CRITICAL
0.3249,0.277,2223.58,722.53,415.83,1138.36,51.2,LOW
0.6011,0.277,2223.58,1336.58,245.72,1582.3,71.2,HIGH
0.4333,0.277,2223.58,963.47,349.08,1312.55,59.0,MODERATE
0.4404,0.277,2223.58,979.29,344.7,1323.99,59.5,MODERATE
0.4342,0.277,2223.58,965.47,348.53,1313.99,59.1,MODERATE
0.5042,0.277,2223.58,1121.19,305.39,1426.58,64.2,MODERATE
0.5501,0.277,2223.58,1223.14,277.15,1500.28,67.5,HIGH
0.5866,0.277,2223.58,1304.36,254.65,1559.01,70.1,HIGH
0.5142,0.277,2223.58,1143.4,299.24,1442.63,64.9,MODERATE
0.2752,0.277,2223.58,611.9,446.48,1058.37,47.6,LOW
0.4121,0.277,2223.58,916.33,362.14,1278.47,57.5,MODERATE
0.7019,0.277,2223.58,1560.66,183.65,1744.3,78.4,CRITICAL
0.3218,0.277,2223.58,715.59,417.75,1133.34,51.0,LOW
0.4317,0.277,2223.58,959.87,350.08,1309.95,58.9,MODERATE
0.4796,0.277,2223.58,1066.43,320.56,1386.99,62.4,MODERATE
0.4751,0.277,2223.58,1056.45,323.32,1379.78,62.1,MODERATE
0.4202,0.277,2223.58,934.27,357.17,1291.44,58.1,MODERATE
0.3142,0.277,2223.58,698.62,422.45,1121.07,50.4,LOW
0.6474,0.277,2223.58,1439.45,217.22,1656.67,74.5,CRITICAL
0.5487,0.277,2223.58,1220.03,278.01,1498.04,67.4,HIGH
0.4159,0.277,2223.58,924.78,359.8,1284.58,57.8,MODERATE
0.5016,0.277,2223.58,1115.24,307.04,1422.28,64.0,MODERATE
0.3565,0.277,2223.58,792.6,396.42,1189.02,53.5,LOW
0.6475,0.277,2223.58,1439.76,217.14,1656.89,74.5,CRITICAL
0.5136,0.277,2223.58,1142.05,299.61,1441.66,64.8,MODERATE
0.5224,0.277,2223.58,1161.49,294.22,1455.72,65.5,HIGH
0.476,0.277,2223.58,1058.33,322.8,1381.13,62.1,MODERATE
0.4797,0.277,2223.58,1066.75,320.47,1387.22,62.4,MODERATE
0.4496,0.277,2223.58,999.8,339.02,1338.81,60.2,MODERATE
0.6369,0.277,2223.58,1416.19,223.67,1639.86,73.7,CRITICAL
0.5627,0.277,2223.58,1251.25,269.36,1520.61,68.4,HIGH
0.4842,0.277,2223.58,1076.57,317.75,1394.32,62.7,MODERATE
0.3911,0.277,2223.58,869.61,375.08,1244.69,56.0,MODERATE
0.672,0.277,2223.58,1494.15,202.07,1696.22,76.3,CRITICAL
0.3868,0.277,2223.58,860.01,377.74,1237.75,55.7,MODERATE
0.4249,0.277,2223.58,944.8,354.25,1299.05,58.4,MODERATE
0.4406,0.277,2223.58,979.73,344.58,1324.3,59.6,MODERATE
0.4641,0.277,2223.58,1031.9,330.12,1362.03,61.3,MODERATE
0.4907,0.277,2223.58,1091.04,313.74,1404.78,63.2,MODERATE
0.4521,0.277,2223.58,1005.33,337.48,1342.82,60.4,MODERATE
0.596,0.277,2223.58,1325.19,248.88,1574.07,70.8,HIGH
0.7408,0.277,2223.58,1647.32,159.64,1806.96,81.3,CRITICAL
0.5152,0.277,2223.58,1145.5,298.65,1444.16,64.9,MODERATE
0.3026,0.277,2223.58,672.83,429.6,1102.43,49.6,LOW
0.4511,0.277,2223.58,1002.97,338.14,1341.11,60.3,MODERATE
0.6998,0.277,2223.58,1556.02,184.93,1740.95,78.3,CRITICAL
0.5075,0.277,2223.58,1128.43,303.38,1431.81,64.4,MODERATE
0.5799,0.277,2223.58,1289.38,258.8,1548.17,69.6,HIGH
0.5715,0.277,2223.58,1270.75,263.96,1534.71,69.0,HIGH
0.5137,0.277,2223.58,1142.17,299.58,1441.75,64.8,MODERATE
0.4648,0.277,2223.58,1033.44,329.7,1363.14,61.3,MODERATE
0.6,0.277,2223.58,1334.17,246.39,1580.55,71.1,HIGH
0.4171,0.277,2223.58,927.43,359.07,1286.49,57.9,MODERATE
0.6,0.277,2223.58,1334.18,246.39,1580.57,71.1,HIGH
0.2873,0.277,2223.58,638.87,439.0,1077.87,48.5,LOW
0.5516,0.277,2223.58,1226.45,276.23,1502.68,67.6,HIGH
0.6173,0.277,2223.58,1372.63,235.74,1608.36,72.3,CRITICAL
0.2804,0.277,2223.58,623.5,443.26,1066.76,48.0,LOW
0.6871,0.277,2223.58,1527.73,192.77,1720.5,77.4,CRITICAL
0.5967,0.277,2223.58,1326.88,248.41,1575.29,70.8,HIGH
0.4258,0.277,2223.58,946.86,353.68,1300.54,58.5,MODERATE
0.5445,0.277,2223.58,1210.78,280.57,1491.35,67.1,HIGH
0.4466,0.277,2223.58,992.94,340.92,1333.86,60.0,MODERATE
0.4249,0.277,2223.58,944.74,354.27,1299.01,58.4,MODERATE
0.6912,0.277,2223.58,1536.83,190.25,1727.08,77.7,CRITICAL
0.493,0.277,2223.58,1096.26,312.29,1408.56,63.3,MODERATE
0.504,0.277,2223.58,1120.74,305.51,1426.25,64.1,MODERATE
0.5626,0.277,2223.58,1251.07,269.41,1520.48,68.4,HIGH
0.2332,0.277,2223.58,518.51,472.35,990.85,44.6,LOW
0.6587,0.277,2223.58,1464.66,210.24,1674.9,75.3,CRITICAL
0.565,0.277,2223.58,1256.42,267.93,1524.34,68.6,HIGH
0.3244,0.277,2223.58,721.29,416.17,1137.46,51.2,LOW
0.497,0.277,2223.58,1105.09,309.85,1414.94,63.6,MODERATE
0.4075,0.277,2223.58,906.12,364.97,1271.09,57.2,MODERATE
0.5165,0.277,2223.58,1148.55,297.81,1446.36,65.0,HIGH
0.603,0.277,2223.58,1340.77,244.56,1585.33,71.3,HIGH
0.4267,0.277,2223.58,948.82,353.14,1301.96,58.6,MODERATE
0.5402,0.277,2223.58,1201.09,283.25,1484.35,66.8,HIGH
0.2718,0.277,2223.58,604.33,448.57,1052.9,47.4,LOW
0.4708,0.277,2223.58,1046.79,326.0,1372.79,61.7,MODERATE
0.5694,0.277,2223.58,1266.18,265.22,1531.4,68.9,HIGH
0.633,0.277,2223.58,1407.51,226.07,1633.58,73.5,CRITICAL
0.518,0.277,2223.58,1151.75,296.92,1448.67,65.2,HIGH
0.4402,0.277,2223.58,978.82,344.83,1323.65,59.5,MODERATE
0.5724,0.277,2223.58,1272.87,263.37,1536.24,69.1,HIGH
0.4306,0.277,2223.58,957.56,350.72,1308.28,58.8,MODERATE
0.4084,0.277,2223.58,908.09,364.42,1272.52,57.2,MODERATE
0.5458,0.277,2223.58,1213.6,279.79,1493.39,67.2,HIGH
0.4497,0.277,2223.58,999.94,338.98,1338.92,60.2,MODERATE
0.4906,0.277,2223.58,1090.83,313.8,1404.63,63.2,MODERATE
0.5834,0.277,2223.58,1297.24,256.62,1553.86,69.9,HIGH
0.4605,0.277,2223.58,1023.87,332.35,1356.22,61.0,MODERATE
0.4632,0.277,2223.58,1029.88,330.68,1360.56,61.2,MODERATE
0.5358,0.277,2223.58,1191.39,285.94,1477.33,66.4,HIGH
0.638,0.277,2223.58,1418.54,223.02,1641.55,73.8,CRITICAL
0.4445,0.277,2223.58,988.3,342.2,1330.5,59.8,MODERATE
0.5541,0.277,2223.58,1232.1,274.66,1506.76,67.8,HIGH
0.4817,0.277,2223.58,1071.01,319.29,1390.3,62.5,MODERATE
0.5628,0.277,2223.58,1251.42,269.31,1520.73,68.4,HIGH
0.5491,0.277,2223.58,1221.01,277.74,1498.75,67.4,HIGH
0.3701,0.277,2223.58,822.91,388.02,1210.93,54.5,LOW
0.4,0.277,2223.58,889.47,369.58,1259.05,56.6,MODERATE
0.5325,0.277,2223.58,1184.01,287.99,1472.0,66.2,HIGH
0.4033,0.277,2223.58,896.71,367.58,1264.28,56.9,MODERATE
0.609,0.277,2223.58,1354.24,240.83,1595.07,71.7,HIGH
0.5605,0.277,2223.58,1246.4,270.7,1517.1,68.2,HIGH
0.5112,0.277,2223.58,1136.66,301.1,1437.77,64.7,MODERATE
0.4104,0.277,2223.58,912.5,363.2,1275.7,57.4,MODERATE
0.5224,0.277,2223.58,1161.69,294.17,1455.86,65.5,HIGH
0.4964,0.277,2223.58,1103.74,310.22,1413.96,63.6,MODERATE
0.5014,0.277,2223.58,1114.94,307.12,1422.06,64.0,MODERATE
0.5296,0.277,2223.58,1177.6,289.76,1467.36,66.0,HIGH
0.4765,0.277,2223.58,1059.43,322.5,1381.93,62.1,MODERATE
0.3936,0.277,2223.58,875.19,373.54,1248.72,56.2,MODERATE
0.4232,0.277,2223.58,941.1,355.28,1296.38,58.3,MODERATE
0.2412,0.277,2223.58,536.35,467.4,1003.76,45.1,LOW
0.5146,0.277,2223.58,1144.25,299.0,1443.25,64.9,MODERATE
0.421,0.277,2223.58,936.11,356.66,1292.77,58.1,MODERATE
0.4195,0.277,2223.58,932.73,357.6,1290.33,58.0,MODERATE
0.4842,0.277,2223.58,1076.72,317.71,1394.43,62.7,MODERATE
0.5684,0.277,2223.58,1263.86,265.86,1529.73,68.8,HIGH
0.3246,0.277,2223.58,721.74,416.05,1137.78,51.2,LOW
0.3014,0.277,2223.58,670.2,430.33,1100.52,49.5,LOW
0.528,0.277,2223.58,1174.06,290.74,1464.8,65.9,HIGH
0.344,0.277,2223.58,764.99,404.07,1169.05,52.6,LOW
0.5759,0.277,2223.58,1280.64,261.22,1541.86,69.3,HIGH
0.4341,0.277,2223.58,965.24,348.59,1313.83,59.1,MODERATE
0.3977,0.277,2223.58,884.28,371.02,1255.3,56.5,MODERATE
0.5803,0.277,2223.58,1290.29,258.54,1548.83,69.7,HIGH
0.4701,0.277,2223.58,1045.28,326.42,1371.7,61.7,MODERATE
0.6259,0.277,2223.58,1391.63,230.47,1622.1,73.0,CRITICAL
0.6373,0.277,2223.58,1417.15,223.4,1640.55,73.8,CRITICAL
0.4604,0.277,2223.58,1023.83,332.36,1356.19,61.0,MODERATE
0.4856,0.277,2223.58,1079.8,316.85,1396.66,62.8,MODERATE
0.5819,0.277,2223.58,1293.86,257.56,1551.42,69.8,HIGH
0.4149,0.277,2223.58,922.62,360.4,1283.02,57.7,MODERATE
0.5731,0.277,2223.58,1274.38,262.95,1537.33,69.1,HIGH
0.4269,0.277,2223.58,949.17,353.04,1302.21,58.6,MODERATE
0.5494,0.277,2223.58,1221.71,277.54,1499.25,67.4,HIGH
0.446,0.277,2223.58,991.79,341.24,1333.03,59.9,MODERATE
0.446,0.277,2223.58,991.8,341.23,1333.04,59.9,MODERATE
0.4547,0.277,2223.58,1011.08,335.89,1346.97,60.6,MODERATE
0.6442,0.277,2223.58,1432.42,219.17,1651.59,74.3,CRITICAL
0.3988,0.277,2223.58,886.85,370.31,1257.15,56.5,MODERATE
0.5638,0.277,2223.58,1253.68,268.68,1522.37,68.5,HIGH
0.5316,0.277,2223.58,1182.06,288.53,1470.59,66.1,HIGH
0.6053,0.277,2223.58,1345.9,243.14,1589.04,71.5,HIGH
0.5998,0.277,2223.58,1333.77,246.5,1580.27,71.1,HIGH
0.5327,0.277,2223.58,1184.58,287.83,1472.41,66.2,HIGH
0.717,0.277,2223.58,1594.38,174.3,1768.68,79.5,CRITICAL
0.5621,0.277,2223.58,1249.89,269.74,1519.63,68.3,HIGH
0.4929,0.277,2223.58,1095.98,312.37,1408.35,63.3,MODERATE
0.6454,0.277,2223.58,1435.0,218.46,1653.45,74.4,CRITICAL
0.6587,0.277,2223.58,1464.62,210.25,1674.87,75.3,CRITICAL
0.4584,0.277,2223.58,1019.26,333.63,1352.88,60.8,MODERATE
0.4735,0.277,2223.58,1052.94,324.3,1377.24,61.9,MODERATE
0.2425,0.277,2223.58,539.26,466.6,1005.86,45.2,LOW
0.3823,0.277,2223.58,850.07,380.5,1230.57,55.3,MODERATE
0.4886,0.277,2223.58,1086.42,315.02,1401.44,63.0,MODERATE
0.3285,0.277,2223.58,730.54,413.61,1144.15,51.5,LOW
0.5672,0.277,2223.58,1261.11,266.63,1527.74,68.7,HIGH
0.5278,0.277,2223.58,1173.61,290.87,1464.48,65.9,HIGH
0.5791,0.277,2223.58,1287.65,259.28,1546.92,69.6,HIGH
0.3882,0.277,2223.58,863.1,376.89,1239.99,55.8,MODERATE
0.4479,0.277,2223.58,995.93,340.09,1336.02,60.1,MODERATE
0.5154,0.277,2223.58,1145.99,298.52,1444.51,65.0,MODERATE
0.6356,0.277,2223.58,1413.27,224.48,1637.75,73.7,CRITICAL
0.6582,0.277,2223.58,1463.57,210.54,1674.11,75.3,CRITICAL
0.5069,0.277,2223.58,1127.15,303.74,1430.89,64.4,MODERATE
0.57,0.277,2223.58,1267.46,264.87,1532.33,68.9,HIGH
0.2724,0.277,2223.58,605.69,448.19,1053.89,47.4,LOW
0.3939,0.277,2223.58,875.83,373.36,1249.19,56.2,MODERATE
0.6061,0.277,2223.58,1347.66,242.65,1590.31,71.5,HIGH
0.4462,0.277,2223.58,992.14,341.14,1333.28,60.0,MODERATE
0.4633,0.277,2223.58,1030.08,330.63,1360.71,61.2,MODERATE
0.2895,0.277,2223.58,643.75,437.65,1081.4,48.6,LOW
0.5834,0.277,2223.58,1297.2,256.63,1553.83,69.9,HIGH
0.5698,0.277,2223.58,1267.05,264.98,1532.03,68.9,HIGH
0.4801,0.277,2223.58,1067.46,320.27,1387.73,62.4,MODERATE
0.5111,0.277,2223.58,1136.45,301.16,1437.61,64.7,MODERATE
0.4604,0.277,2223.58,1023.7,332.4,1356.09,61.0,MODERATE
0.65,0.277,2223.58,1445.43,215.57,1660.99,74.7,CRITICAL
0.3186,0.277,2223.58,708.47,419.72,1128.19,50.7,LOW
0.5953,0.277,2223.58,1323.8,249.26,1573.06,70.7,HIGH
0.5285,0.277,2223.58,1175.11,290.45,1465.56,65.9,HIGH
0.4497,0.277,2223.58,999.95,338.98,1338.92,60.2,MODERATE
0.4363,0.277,2223.58,970.26,347.2,1317.46,59.2,MODERATE
0.4021,0.277,2223.58,894.09,368.3,1262.39,56.8,MODERATE
0.5437,0.277,2223.58,1208.89,281.09,1489.98,67.0,HIGH
0.5729,0.277,2223.58,1273.91,263.08,1536.99,69.1,HIGH
0.5146,0.277,2223.58,1144.31,298.99,1443.29,64.9,MODERATE
0.5288,0.277,2223.58,1175.92,290.23,1466.15,65.9,HIGH
0.5387,0.277,2223.58,1197.94,284.13,1482.06,66.7,HIGH
0.4987,0.277,2223.58,1108.79,308.82,1417.61,63.8,MODERATE
0.4357,0.277,2223.58,968.77,347.61,1316.38,59.2,MODERATE
0.3915,0.277,2223.58,870.63,374.8,1245.43,56.0,MODERATE
0.5547,0.277,2223.58,1233.32,274.33,1507.64,67.8,HIGH
0.3179,0.277,2223.58,706.9,420.16,1127.06,50.7,LOW
0.4221,0.277,2223.58,938.56,355.98,1294.54,58.2,MODERATE
0.4326,0.277,2223.58,961.99,349.49,1311.48,59.0,MODERATE
0.6259,0.277,2223.58,1391.8,230.42,1622.22,73.0,CRITICAL
0.6993,0.277,2223.58,1554.84,185.26,1740.1,78.3,CRITICAL
0.4617,0.277,2223.58,1026.71,331.56,1358.27,61.1,MODERATE
0.5731,0.277,2223.58,1274.44,262.94,1537.37,69.1,HIGH
0.5326,0.277,2223.58,1184.2,287.93,1472.14,66.2,HIGH
0.5989,0.277,2223.58,1331.62,247.1,1578.71,71.0,HIGH
0.5813,0.277,2223.58,1292.53,257.92,1550.45,69.7,HIGH
0.6108,0.277,2223.58,1358.06,239.77,1597.83,71.9,HIGH
0.5615,0.277,2223.58,1248.58,270.1,1518.68,68.3,HIGH
0.4674,0.277,2223.58,1039.25,328.09,1367.34,61.5,MODERATE
0.4966,0.277,2223.58,1104.27,310.08,1414.35,63.6,MODERATE
0.383,0.277,2223.58,851.67,380.05,1231.72,55.4,MODERATE
0.6036,0.277,2223.58,1342.07,244.2,1586.27,71.3,HIGH
0.2902,0.277,2223.58,645.23,437.24,1082.47,48.7,LOW
0.6863,0.277,2223.58,1526.12,193.21,1719.34,77.3,CRITICAL
0.4813,0.277,2223.58,1070.31,319.48,1389.79,62.5,MODERATE
0.5791,0.277,2223.58,1287.75,259.25,1547.0,69.6,HIGH
0.4177,0.277,2223.58,928.87,358.67,1287.54,57.9,MODERATE
0.3728,0.277,2223.58,828.91,386.36,1215.27,54.7,LOW
0.5906,0.277,2223.58,1313.23,252.19,1565.42,70.4,HIGH
0.4369,0.277,2223.58,971.38,346.89,1318.27,59.3,MODERATE
0.5979,0.277,2223.58,1329.58,247.66,1577.24,70.9,HIGH
0.443,0.277,2223.58,985.09,343.09,1328.18,59.7,MODERATE
0.5181,0.277,2223.58,1151.95,296.87,1448.82,65.2,HIGH
0.4866,0.277,2223.58,1081.99,316.25,1398.24,62.9,MODERATE
0.6666,0.277,2223.58,1482.21,205.38,1687.59,75.9,CRITICAL
0.6032,0.277,2223.58,1341.18,244.45,1585.63,71.3,HIGH
0.4657,0.277,2223.58,1035.43,329.15,1364.58,61.4,MODERATE
0.6015,0.277,2223.58,1337.54,245.46,1582.99,71.2,HIGH
0.6065,0.277,2223.58,1348.53,242.41,1590.94,71.5,HIGH
0.4706,0.277,2223.58,1046.31,326.13,1372.44,61.7,MODERATE
0.4579,0.277,2223.58,1018.27,333.9,1352.17,60.8,MODERATE
0.3443,0.277,2223.58,765.65,403.88,1169.53,52.6,LOW
0.5565,0.277,2223.58,1237.42,273.19,1510.61,67.9,HIGH
0.5996,0.277,2223.58,1333.34,246.62,1579.96,71.1,HIGH
0.3903,0.277,2223.58,867.81,375.58,1243.39,55.9,MODERATE
0.4131,0.277,2223.58,918.66,361.49,1280.16,57.6,MODERATE
0.1752,0.277,2223.58,389.61,508.06,897.66,40.4,LOW
0.4256,0.277,2223.58,946.39,353.81,1300.2,58.5,MODERATE
0.6524,0.277,2223.58,1450.77,214.09,1664.86,74.9,CRITICAL
0.5609,0.277,2223.58,1247.14,270.5,1517.64,68.3,HIGH
0.674,0.277,2223.58,1498.71,200.81,1699.52,76.4,CRITICAL
0.4083,0.277,2223.58,907.86,364.49,1272.35,57.2,MODERATE
0.6364,0.277,2223.58,1414.99,224.0,1638.99,73.7,CRITICAL
0.4366,0.277,2223.58,970.83,347.04,1317.87,59.3,MODERATE
0.4576,0.277,2223.58,1017.56,334.1,1351.66,60.8,MODERATE
0.5447,0.277,2223.58,1211.21,280.45,1491.66,67.1,HIGH
0.5814,0.277,2223.58,1292.83,257.84,1550.67,69.7,HIGH
0.4037,0.277,2223.58,897.62,367.32,1264.94,56.9,MODERATE
0.4511,0.277,2223.58,1003.04,338.12,1341.16,60.3,MODERATE
0.4323,0.277,2223.58,961.27,349.69,1310.96,59.0,MODERATE
0.4193,0.277,2223.58,932.41,357.68,1290.1,58.0,MODERATE
0.2502,0.277,2223.58,556.29,461.88,1018.17,45.8,LOW
0.4595,0.277,2223.58,1021.79,332.93,1354.72,60.9,MODERATE
0.6486,0.277,2223.58,1442.21,216.46,1658.67,74.6,CRITICAL
0.245,0.277,2223.58,544.72,465.09,1009.81,45.4,LOW
0.5595,0.277,2223.58,1244.18,271.32,1515.5,68.2,HIGH
0.6199,0.277,2223.58,1378.38,234.14,1612.52,72.5,CRITICAL
0.3853,0.277,2223.58,856.83,378.62,1235.46,55.6,MODERATE
0.3993,0.277,2223.58,887.8,370.04,1257.85,56.6,MODERATE
0.5317,0.277,2223.58,1182.26,288.47,1470.73,66.1,HIGH
0.3743,0.277,2223.58,832.27,385.43,1217.7,54.8,LOW
0.4869,0.277,2223.58,1082.7,316.05,1398.75,62.9,MODERATE
0.4386,0.277,2223.58,975.27,345.81,1321.09,59.4,MODERATE
0.6015,0.277,2223.58,1337.57,245.45,1583.01,71.2,HIGH
0.6359,0.277,2223.58,1414.08,224.25,1638.33,73.7,CRITICAL
0.4245,0.277,2223.58,943.93,354.5,1298.42,58.4,MODERATE
0.4044,0.277,2223.58,899.11,366.91,1266.02,56.9,MODERATE
0.5409,0.277,2223.58,1202.7,282.81,1485.51,66.8,HIGH
0.4762,0.277,2223.58,1058.84,322.66,1381.5,62.1,MODERATE
0.5415,0.277,2223.58,1204.18,282.4,1486.58,66.9,HIGH
0.4809,0.277,2223.58,1069.38,319.74,1389.12,62.5,MODERATE
0.4049,0.277,2223.58,900.36,366.56,1266.92,57.0,MODERATE
0.635,0.277,2223.58,1412.01,224.83,1636.83,73.6,CRITICAL
0.555,0.277,2223.58,1234.1,274.11,1508.21,67.8,HIGH
0.4014,0.277,2223.58,892.6,368.71,1261.32,56.7,MODERATE
0.4137,0.277,2223.58,919.92,361.14,1281.07,57.6,MODERATE
0.5834,0.277,2223.58,1297.2,256.63,1553.83,69.9,HIGH
0.4102,0.277,2223.58,912.02,363.33,1275.36,57.4,MODERATE
0.543,0.277,2223.58,1207.45,281.49,1488.94,67.0,HIGH
0.5409,0.277,2223.58,1202.76,282.79,1485.55,66.8,HIGH
0.4999,0.277,2223.58,1111.54,308.06,1419.6,63.8,MODERATE
0.3738,0.277,2223.58,831.14,385.74,1216.88,54.7,LOW
0.5287,0.277,2223.58,1175.5,290.34,1465.84,65.9,HIGH
0.533,0.277,2223.58,1185.14,287.67,1472.81,66.2,HIGH
0.572,0.277,2223.58,1271.91,263.64,1535.54,69.1,HIGH
0.5145,0.277,2223.58,1144.04,299.06,1443.1,64.9,MODERATE
0.5211,0.277,2223.58,1158.66,295.01,1453.67,65.4,HIGH
0.4335,0.277,2223.58,964.0,348.93,1312.94,59.0,MODERATE
0.5802,0.277,2223.58,1290.18,258.57,1548.76,69.7,HIGH
0.4101,0.277,2223.58,911.98,363.34,1275.33,57.4,MODERATE
0.3985,0.277,2223.58,886.02,370.54,1256.56,56.5,MODERATE
0.4907,0.277,2223.58,1091.12,313.72,1404.84,63.2,MODERATE
0.4106,0.277,2223.58,912.99,363.07,1276.06,57.4,MODERATE
0.7031,0.277,2223.58,1563.42,182.88,1746.3,78.5,CRITICAL
0.3706,0.277,2223.58,824.0,387.72,1211.72,54.5,LOW
0.47,0.277,2223.58,1045.1,326.47,1371.57,61.7,MODERATE
0.4705,0.277,2223.58,1046.23,326.15,1372.38,61.7,MODERATE
0.6153,0.277,2223.58,1368.24,236.95,1605.19,72.2,CRITICAL
0.37,0.277,2223.58,822.71,388.08,1210.79,54.5,LOW
0.3735,0.277,2223.58,830.56,385.9,1216.46,54.7,LOW
0.3157,0.277,2223.58,702.03,421.51,1123.54,50.5,LOW
0.7111,0.277,2223.58,1581.22,177.95,1759.17,79.1,CRITICAL
0.5588,0.277,2223.58,1242.48,271.79,1514.27,68.1,HIGH
0.5081,0.277,2223.58,1129.71,303.03,1432.74,64.4,MODERATE
0.5683,0.277,2223.58,1263.56,265.95,1529.51,68.8,HIGH
0.6203,0.277,2223.58,1379.38,233.86,1613.25,72.6,CRITICAL
0.4109,0.277,2223.58,913.63,362.89,1276.52,57.4,MODERATE
0.5152,0.277,2223.58,1145.63,298.62,1444.25,65.0,MODERATE
0.5476,0.277,2223.58,1217.67,278.66,1496.33,67.3,HIGH
0.4273,0.277,2223.58,950.1,352.78,1302.89,58.6,MODERATE
0.5109,0.277,2223.58,1136.03,301.28,1437.31,64.6,MODERATE
0.4159,0.277,2223.58,924.87,359.77,1284.65,57.8,MODERATE
0.5067,0.277,2223.58,1126.64,303.88,1430.52,64.3,MODERATE
0.539,0.277,2223.58,1198.54,283.96,1482.5,66.7,HIGH
0.5777,0.277,2223.58,1284.66,260.1,1544.76,69.5,HIGH
0.6787,0.277,2223.58,1509.16,197.91,1707.07,76.8,CRITICAL
0.5715,0.277,2223.58,1270.69,263.97,1534.66,69.0,HIGH
0.3041,0.277,2223.58,676.26,428.65,1104.9,49.7,LOW
0.497,0.277,2223.58,1105.06,309.86,1414.92,63.6,MODERATE
0.4378,0.277,2223.58,973.59,346.28,1319.86,59.4,MODERATE
0.4234,0.277,2223.58,941.36,355.21,1296.56,58.3,MODERATE
0.569,0.277,2223.58,1265.3,265.47,1530.77,68.8,HIGH
0.5658,0.277,2223.58,1258.17,267.44,1525.61,68.6,HIGH
0.6139,0.277,2223.58,1364.95,237.86,1602.81,72.1,CRITICAL
0.3882,0.277,2223.58,863.1,376.89,1239.99,55.8,MODERATE
0.494,0.277,2223.58,1098.52,311.67,1410.19,63.4,MODERATE
0.4256,0.277,2223.58,946.35,353.82,1300.18,58.5,MODERATE
0.6493,0.277,2223.58,1443.81,216.02,1659.83,74.6,CRITICAL
0.4849,0.277,2223.58,1078.28,317.28,1395.56,62.8,MODERATE
0.3905,0.277,2223.58,868.25,375.46,1243.71,55.9,MODERATE
0.5765,0.277,2223.58,1281.99,260.84,1542.83,69.4,HIGH
0.4471,0.277,2223.58,994.18,340.57,1334.75,60.0,MODERATE
0.5943,0.277,2223.58,1321.47,249.91,1571.38,70.7,HIGH
0.593,0.277,2223.58,1318.6,250.7,1569.3,70.6,HIGH
0.5561,0.277,2223.58,1236.61,273.41,1510.03,67.9,HIGH
0.4065,0.277,2223.58,903.78,365.62,1269.4,57.1,MODERATE
0.6829,0.277,2223.58,1518.41,195.35,1713.76,77.1,CRITICAL
0.5078,0.277,2223.58,1129.13,303.19,1432.32,64.4,MODERATE
0.4197,0.277,2223.58,933.17,357.48,1290.64,58.0,MODERATE
0.6334,0.277,2223.58,1408.52,225.79,1634.31,73.5,CRITICAL
0.5774,0.277,2223.58,1283.96,260.3,1544.26,69.4,HIGH
0.5099,0.277,2223.58,1133.71,301.92,1435.63,64.6,MODERATE
0.2382,0.277,2223.58,529.75,469.23,998.98,44.9,LOW
0.659,0.277,2223.58,1465.34,210.05,1675.39,75.3,CRITICAL
0.6316,0.277,2223.58,1404.33,226.95,1631.28,73.4,CRITICAL
0.6787,0.277,2223.58,1509.21,197.9,1707.11,76.8,CRITICAL
0.419,0.277,2223.58,931.58,357.92,1289.5,58.0,MODERATE
0.4374,0.277,2223.58,972.67,346.53,1319.2,59.3,MODERATE
0.6321,0.277,2223.58,1405.51,226.63,1632.13,73.4,CRITICAL
0.4665,0.277,2223.58,1037.28,328.63,1365.92,61.4,MODERATE
0.4532,0.277,2223.58,1007.76,336.81,1344.57,60.5,MODERATE
0.6132,0.277,2223.58,1363.48,238.27,1601.75,72.0,CRITICAL
0.4004,0.277,2223.58,890.37,369.33,1259.7,56.7,MODERATE
0.6415,0.277,2223.58,1426.5,220.81,1647.31,74.1,CRITICAL
0.4655,0.277,2223.58,1035.12,329.23,1364.35,61.4,MODERATE
0.4215,0.277,2223.58,937.18,356.37,1293.54,58.2,MODERATE
0.4651,0.277,2223.58,1034.11,329.51,1363.62,61.3,MODERATE
0.5124,0.277,2223.58,1139.27,300.38,1439.65,64.7,MODERATE
0.4632,0.277,2223.58,1029.87,330.69,1360.56,61.2,MODERATE
0.3985,0.277,2223.58,885.99,370.55,1256.53,56.5,MODERATE
0.4778,0.277,2223.58,1062.33,321.7,1384.02,62.2,MODERATE
0.2942,0.277,2223.58,654.21,434.75,1088.96,49.0,LOW
0.4369,0.277,2223.58,971.53,346.85,1318.38,59.3,MODERATE
0.4285,0.277,2223.58,952.7,352.07,1304.76,58.7,MODERATE
0.6008,0.277,2223.58,1335.83,245.93,1581.76,71.1,HIGH
0.4968,0.277,2223.58,1104.71,309.95,1414.66,63.6,MODERATE
0.5142,0.277,2223.58,1143.37,299.25,1442.61,64.9,MODERATE
0.3187,0.277,2223.58,708.59,419.69,1128.28,50.7,LOW
0.6467,0.277,2223.58,1437.89,217.65,1655.55,74.5,CRITICAL
0.5763,0.277,2223.58,1281.5,260.98,1542.48,69.4,HIGH
0.3681,0.277,2223.58,818.56,389.23,1207.78,54.3,LOW
0.6863,0.277,2223.58,1525.94,193.26,1719.2,77.3,CRITICAL
0.3857,0.277,2223.58,857.67,378.39,1236.06,55.6,MODERATE
0.5416,0.277,2223.58,1204.27,282.37,1486.64,66.9,HIGH
0.425,0.277,2223.58,945.11,354.17,1299.27,58.4,MODERATE
0.619,0.277,2223.58,1376.42,234.69,1611.1,72.5,CRITICAL
0.4083,0.277,2223.58,907.93,364.47,1272.4,57.2,MODERATE
0.5983,0.277,2223.58,1330.42,247.43,1577.85,71.0,HIGH
0.5576,0.277,2223.58,1239.9,272.5,1512.4,68.0,HIGH
0.5317,0.277,2223.58,1182.23,288.48,1470.71,66.1,HIGH
0.4072,0.277,2223.58,905.52,365.13,1270.66,57.1,MODERATE
0.6689,0.277,2223.58,1487.28,203.97,1691.26,76.1,CRITICAL
0.3894,0.277,2223.58,865.96,376.09,1242.06,55.9,MODERATE
0.6355,0.277,2223.58,1413.08,224.53,1637.61,73.6,CRITICAL
0.3698,0.277,2223.58,822.29,388.19,1210.49,54.4,LOW
0.5239,0.277,2223.58,1165.04,293.24,1458.28,65.6,HIGH
0.3163,0.277,2223.58,703.39,421.13,1124.52,50.6,LOW
0.3544,0.277,2223.58,788.01,397.69,1185.7,53.3,LOW
0.525,0.277,2223.58,1167.4,292.59,1459.98,65.7,HIGH
0.4032,0.277,2223.58,896.59,367.61,1264.2,56.9,MODERATE
0.415,0.277,2223.58,922.79,360.35,1283.14,57.7,MODERATE
0.4975,0.277,2223.58,1106.18,309.55,1415.73,63.7,MODERATE
0.4447,0.277,2223.58,988.75,342.08,1330.83,59.9,MODERATE
0.4785,0.277,2223.58,1063.9,321.26,1385.16,62.3,MODERATE
0.3987,0.277,2223.58,886.52,370.4,1256.92,56.5,MODERATE
0.5665,0.277,2223.58,1259.7,267.02,1526.72,68.7,HIGH
0.5065,0.277,2223.58,1126.17,304.01,1430.18,64.3,MODERATE
0.4036,0.277,2223.58,897.4,367.38,1264.78,56.9,MODERATE
0.6618,0.277,2223.58,1471.54,208.33,1679.88,75.5,CRITICAL
0.5713,0.277,2223.58,1270.39,264.06,1534.45,69.0,HIGH
0.2325,0.277,2223.58,516.89,472.79,989.69,44.5,LOW
0.3802,0.277,2223.58,845.49,381.77,1227.25,55.2,MODERATE
0.6243,0.277,2223.58,1388.29,231.4,1619.68,72.8,CRITICAL
0.5511,0.277,2223.58,1225.41,276.52,1501.93,67.5,HIGH
0.4535,0.277,2223.58,1008.41,336.63,1345.04,60.5,MODERATE
0.5012,0.277,2223.58,1114.54,307.23,1421.77,63.9,MODERATE
0.489,0.277,2223.58,1087.44,314.74,1402.18,63.1,MODERATE
0.3873,0.277,2223.58,861.15,377.43,1238.58,55.7,MODERATE
0.402,0.277,2223.58,893.89,368.36,1262.25,56.8,MODERATE
0.4654,0.277,2223.58,1034.75,329.34,1364.08,61.3,MODERATE
0.409,0.277,2223.58,909.35,364.07,1273.42,57.3,MODERATE
0.403,0.277,2223.58,896.07,367.75,1263.82,56.8,MODERATE
0.4168,0.277,2223.58,926.86,359.22,1286.08,57.8,MODERATE
0.4704,0.277,2223.58,1045.93,326.24,1372.17,61.7,MODERATE
0.3812,0.277,2223.58,847.61,381.18,1228.79,55.3,MODERATE
0.3653,0.277,2223.58,812.2,390.99,1203.19,54.1,LOW
0.4048,0.277,2223.58,900.21,366.61,1266.82,57.0,MODERATE
0.4963,0.277,2223.58,1103.58,310.27,1413.85,63.6,MODERATE
0.6168,0.277,2223.58,1371.61,236.02,1607.63,72.3,CRITICAL
0.5335,0.277,2223.58,1186.35,287.34,1473.69,66.3,HIGH
0.295,0.277,2223.58,656.04,434.25,1090.29,49.0,LOW
0.4762,0.277,2223.58,1058.92,322.64,1381.56,62.1,MODERATE
0.276,0.277,2223.58,613.72,445.97,1059.69,47.7,LOW
0.5179,0.277,2223.58,1151.48,297.0,1448.48,65.1,HIGH
0.5488,0.277,2223.58,1220.35,277.92,1498.27,67.4,HIGH
0.5466,0.277,2223.58,1215.46,279.27,1494.73,67.2,HIGH
0.4436,0.277,2223.58,986.34,342.75,1329.09,59.8,MODERATE
0.5698,0.277,2223.58,1267.01,264.99,1532.0,68.9,HIGH
0.4013,0.277,2223.58,892.42,368.76,1261.18,56.7,MODERATE
0.4224,0.277,2223.58,939.17,355.81,1294.98,58.2,MODERATE
0.401,0.277,2223.58,891.74,368.95,1260.69,56.7,MODERATE
0.3995,0.277,2223.58,888.34,369.89,1258.23,56.6,MODERATE
0.4328,0.277,2223.58,962.45,349.36,1311.81,59.0,MODERATE
0.467,0.277,2223.58,1038.47,328.3,1366.77,61.5,MODERATE
0.55,0.277,2223.58,1223.04,277.18,1500.21,67.5,HIGH
0.5688,0.277,2223.58,1264.73,265.62,1530.36,68.8,HIGH
0.6712,0.277,2223.58,1492.49,202.53,1695.02,76.2,CRITICAL
0.6655,0.277,2223.58,1479.8,206.05,1685.84,75.8,CRITICAL
0.5615,0.277,2223.58,1248.51,270.12,1518.63,68.3,HIGH
0.4709,0.277,2223.58,1047.18,325.89,1373.07,61.8,MODERATE
0.3783,0.277,2223.58,841.23,382.94,1224.18,55.1,MODERATE
0.4037,0.277,2223.58,897.58,367.34,1264.91,56.9,MODERATE
0.592,0.277,2223.58,1316.29,251.34,1567.63,70.5,HIGH
0.4292,0.277,2223.58,954.43,351.59,1306.01,58.7,MODERATE
0.4372,0.277,2223.58,972.25,346.65,1318.9,59.3,MODERATE
0.4363,0.277,2223.58,970.25,347.2,1317.45,59.2,MODERATE
0.4882,0.277,2223.58,1085.56,315.26,1400.82,63.0,MODERATE
0.5377,0.277,2223.58,1195.59,284.78,1480.37,66.6,HIGH
0.4725,0.277,2223.58,1050.63,324.94,1375.56,61.9,MODERATE
0.4919,0.277,2223.58,1093.83,312.97,1406.8,63.3,MODERATE
0.6651,0.277,2223.58,1478.92,206.29,1685.21,75.8,CRITICAL
0.5386,0.277,2223.58,1197.64,284.21,1481.85,66.6,HIGH
0.588,0.277,2223.58,1307.44,253.79,1561.24,70.2,HIGH
0.4198,0.277,2223.58,933.36,357.42,1290.78,58.0,MODERATE
0.6042,0.277,2223.58,1343.41,243.83,1587.24,71.4,HIGH
0.5125,0.277,2223.58,1139.61,300.29,1439.9,64.8,MODERATE
0.4781,0.277,2223.58,1063.18,321.46,1384.64,62.3,MODERATE
0.437,0.277,2223.58,971.71,346.8,1318.51,59.3,MODERATE
0.619,0.277,2223.58,1376.39,234.69,1611.08,72.5,CRITICAL
0.4479,0.277,2223.58,996.01,340.07,1336.08,60.1,MODERATE
0.5191,0.277,2223.58,1154.28,296.22,1450.51,65.2,HIGH
0.4091,0.277,2223.58,909.56,364.01,1273.58,57.3,MODERATE
0.3314,0.277,2223.58,736.8,411.88,1148.67,51.7,LOW
0.6423,0.277,2223.58,1428.21,220.34,1648.55,74.1,CRITICAL
0.6363,0.277,2223.58,1414.79,224.06,1638.84,73.7,CRITICAL
0.4245,0.277,2223.58,944.0,354.47,1298.48,58.4,MODERATE
0.6446,0.277,2223.58,1433.3,218.93,1652.23,74.3,CRITICAL
0.461,0.277,2223.58,1025.06,332.02,1357.08,61.0,MODERATE
0.4938,0.277,2223.58,1097.93,311.83,1409.76,63.4,MODERATE
0.4479,0.277,2223.58,996.01,340.07,1336.08,60.1,MODERATE
0.4675,0.277,2223.58,1039.52,328.01,1367.53,61.5,MODERATE
0.4898,0.277,2223.58,1089.12,314.27,1403.4,63.1,MODERATE
0.3823,0.277,2223.58,850.05,380.5,1230.55,55.3,MODERATE
0.4191,0.277,2223.58,931.99,357.8,1289.79,58.0,MODERATE
0.4633,0.277,2223.58,1030.12,330.62,1360.74,61.2,MODERATE
0.4933,0.277,2223.58,1096.79,312.15,1408.94,63.4,MODERATE
0.4417,0.277,2223.58,982.08,343.93,1326.01,59.6,MODERATE
0.6457,0.277,2223.58,1435.85,218.22,1654.07,74.4,CRITICAL
0.4842,0.277,2223.58,1076.62,317.74,1394.36,62.7,MODERATE
0.6788,0.277,2223.58,1509.45,197.83,1707.28,76.8,CRITICAL
0.4124,0.277,2223.58,917.02,361.95,1278.97,57.5,MODERATE
0.7397,0.277,2223.58,1644.68,160.37,1805.05,81.2,CRITICAL
0.5193,0.277,2223.58,1154.8,296.08,1450.88,65.2,HIGH
0.4552,0.277,2223.58,1012.26,335.56,1347.83,60.6,MODERATE
0.4193,0.277,2223.58,932.24,357.73,1289.98,58.0,MODERATE
0.502,0.277,2223.58,1116.3,306.74,1423.04,64.0,MODERATE
0.5856,0.277,2223.58,1302.13,255.26,1557.39,70.0,HIGH
0.5417,0.277,2223.58,1204.52,282.3,1486.83,66.9,HIGH
0.5806,0.277,2223.58,1291.03,258.34,1549.37,69.7,HIGH
0.2692,0.277,2223.58,598.66,450.14,1048.8,47.2,LOW
0.4994,0.277,2223.58,1110.56,308.33,1418.89,63.8,MODERATE
0.5626,0.277,2223.58,1250.93,269.45,1520.38,68.4,HIGH
0.3974,0.277,2223.58,883.74,371.17,1254.91,56.4,MODERATE
0.6325,0.277,2223.58,1406.36,226.39,1632.75,73.4,CRITICAL
0.3812,0.277,2223.58,847.69,381.16,1228.84,55.3,MODERATE
0.412,0.277,2223.58,916.17,362.18,1278.36,57.5,MODERATE
0.3818,0.277,2223.58,848.96,380.8,1229.76,55.3,MODERATE
0.3687,0.277,2223.58,819.77,388.89,1208.66,54.4,LOW
0.5299,0.277,2223.58,1178.35,289.55,1467.9,66.0,HIGH
0.4697,0.277,2223.58,1044.33,326.68,1371.01,61.7,MODERATE
0.4884,0.277,2223.58,1086.08,315.11,1401.2,63.0,MODERATE
0.4207,0.277,2223.58,935.55,356.82,1292.36,58.1,MODERATE
0.5363,0.277,2223.58,1192.61,285.61,1478.21,66.5,HIGH
0.6252,0.277,2223.58,1390.1,230.89,1621.0,72.9,CRITICAL
0.6264,0.277,2223.58,1392.8,230.15,1622.95,73.0,CRITICAL
0.2382,0.277,2223.58,529.75,469.23,998.98,44.9,LOW
0.4676,0.277,2223.58,1039.69,327.97,1367.65,61.5,MODERATE
0.6189,0.277,2223.58,1376.08,234.78,1610.86,72.4,CRITICAL
0.3195,0.277,2223.58,710.48,419.17,1129.65,50.8,LOW
0.452,0.277,2223.58,1004.96,337.59,1342.55,60.4,MODERATE
0.6134,0.277,2223.58,1363.96,238.14,1602.1,72.1,CRITICAL
0.5535,0.277,2223.58,1230.86,275.01,1505.87,67.7,HIGH
0.4794,0.277,2223.58,1065.88,320.71,1386.59,62.4,MODERATE
0.2604,0.277,2223.58,578.92,455.61,1034.53,46.5,LOW
0.5638,0.277,2223.58,1253.72,268.68,1522.39,68.5,HIGH
0.4678,0.277,2223.58,1040.18,327.83,1368.01,61.5,MODERATE
0.4286,0.277,2223.58,952.95,352.0,1304.94,58.7,MODERATE
0.5674,0.277,2223.58,1261.72,266.46,1528.18,68.7,HIGH
0.3904,0.277,2223.58,868.05,375.52,1243.56,55.9,MODERATE
0.5306,0.277,2223.58,1179.91,289.12,1469.03,66.1,HIGH
0.4184,0.277,2223.58,930.38,358.25,1288.63,58.0,MODERATE
0.4363,0.277,2223.58,970.24,347.21,1317.45,59.2,MODERATE
0.3017,0.277,2223.58,670.81,430.16,1100.96,49.5,LOW
0.5133,0.277,2223.58,1141.33,299.81,1441.14,64.8,MODERATE
0.5369,0.277,2223.58,1193.76,285.29,1479.04,66.5,HIGH
0.3878,0.277,2223.58,862.41,377.08,1239.49,55.7,MODERATE
0.6036,0.277,2223.58,1342.25,244.15,1586.4,71.3,HIGH
0.6013,0.277,2223.58,1337.12,245.57,1582.69,71.2,HIGH
0.4881,0.277,2223.58,1085.4,315.3,1400.7,63.0,MODERATE
0.6481,0.277,2223.58,1441.02,216.79,1657.81,74.6,CRITICAL
0.6153,0.277,2223.58,1368.24,236.95,1605.19,72.2,CRITICAL
0.4349,0.277,2223.58,966.92,348.12,1315.05,59.1,MODERATE
0.4411,0.277,2223.58,980.85,344.27,1325.12,59.6,MODERATE
0.4724,0.277,2223.58,1050.49,324.98,1375.46,61.9,MODERATE
0.4618,0.277,2223.58,1026.88,331.51,1358.4,61.1,MODERATE
0.5439,0.277,2223.58,1209.5,280.92,1490.43,67.0,HIGH
0.5013,0.277,2223.58,1114.59,307.22,1421.81,63.9,MODERATE
0.3476,0.277,2223.58,772.84,401.89,1174.73,52.8,LOW
0.4258,0.277,2223.58,946.77,353.71,1300.48,58.5,MODERATE
0.4874,0.277,2223.58,1083.75,315.76,1399.51,62.9,MODERATE
0.4912,0.277,2223.58,1092.22,313.42,1405.63,63.2,MODERATE
0.5491,0.277,2223.58,1221.05,277.73,1498.77,67.4,HIGH
0.4203,0.277,2223.58,934.54,357.1,1291.63,58.1,MODERATE
0.2585,0.277,2223.58,574.7,456.78,1031.48,46.4,LOW
0.4871,0.277,2223.58,1083.18,315.92,1399.1,62.9,MODERATE
0.7383,0.277,2223.58,1641.64,161.21,1802.85,81.1,CRITICAL
0.532,0.277,2223.58,1182.97,288.27,1471.24,66.2,HIGH
0.3994,0.277,2223.58,888.18,369.94,1258.12,56.6,MODERATE
0.4068,0.277,2223.58,904.59,365.39,1269.98,57.1,MODERATE
0.4772,0.277,2223.58,1061.2,322.01,1383.21,62.2,MODERATE
0.7105,0.277,2223.58,1579.92,178.31,1758.23,79.1,CRITICAL
0.3859,0.277,2223.58,858.17,378.25,1236.42,55.6,MODERATE
0.3615,0.277,2223.58,803.9,393.29,1197.19,53.8,LOW
0.6256,0.277,2223.58,1391.01,230.64,1621.65,72.9,CRITICAL
0.151,0.277,2223.58,335.79,522.96,858.76,38.6,LOW
0.471,0.277,2223.58,1047.34,325.85,1373.19,61.8,MODERATE
0.4232,0.277,2223.58,940.98,355.31,1296.29,58.3,MODERATE
0.4369,0.277,2223.58,971.51,346.85,1318.37,59.3,MODERATE
0.7307,0.277,2223.58,1624.67,165.91,1790.58,80.5,CRITICAL
0.6341,0.277,2223.58,1410.02,225.38,1635.39,73.5,CRITICAL
0.3742,0.277,2223.58,832.03,385.49,1217.53,54.8,LOW
0.4658,0.277,2223.58,1035.71,329.07,1364.78,61.4,MODERATE
0.6698,0.277,2223.58,1489.29,203.42,1692.7,76.1,CRITICAL
0.3799,0.277,2223.58,844.7,381.98,1226.68,55.2,MODERATE
0.5115,0.277,2223.58,1137.37,300.91,1438.28,64.7,MODERATE
0.5517,0.277,2223.58,1226.76,276.14,1502.91,67.6,HIGH
0.4026,0.277,2223.58,895.14,368.01,1263.15,56.8,MODERATE
0.3895,0.277,2223.58,866.16,376.04,1242.2,55.9,MODERATE
0.4943,0.277,2223.58,1099.02,311.53,1410.55,63.4,MODERATE
0.5031,0.277,2223.58,1118.75,306.07,1424.81,64.1,MODERATE
0.4292,0.277,2223.58,954.42,351.59,1306.01,58.7,MODERATE
0.5419,0.277,2223.58,1205.03,282.16,1487.19,66.9,HIGH
0.363,0.277,2223.58,807.09,392.4,1199.49,53.9,LOW
0.5439,0.277,2223.58,1209.39,280.95,1490.35,67.0,HIGH
0.3472,0.277,2223.58,772.1,402.09,1174.2,52.8,LOW
0.4073,0.277,2223.58,905.58,365.12,1270.7,57.1,MODERATE
0.3564,0.277,2223.58,792.49,396.45,1188.94,53.5,LOW
0.6151,0.277,2223.58,1367.82,237.07,1604.89,72.2,CRITICAL
0.4055,0.277,2223.58,901.69,366.2,1267.88,57.0,MODERATE
0.5388,0.277,2223.58,1198.08,284.09,1482.17,66.7,HIGH
0.4493,0.277,2223.58,999.09,339.21,1338.3,60.2,MODERATE
0.4175,0.277,2223.58,928.42,358.79,1287.21,57.9,MODERATE
0.5039,0.277,2223.58,1120.37,305.62,1425.99,64.1,MODERATE
0.4408,0.277,2223.58,980.07,344.48,1324.55,59.6,MODERATE
0.4716,0.277,2223.58,1048.74,325.46,1374.2,61.8,MODERATE
0.49,0.277,2223.58,1089.5,314.17,1403.67,63.1,MODERATE
0.6735,0.277,2223.58,1497.47,201.15,1698.62,76.4,CRITICAL
0.5982,0.277,2223.58,1330.07,247.52,1577.59,70.9,HIGH
0.5035,0.277,2223.58,1119.5,305.86,1425.35,64.1,MODERATE
0.4131,0.277,2223.58,918.61,361.51,1280.12,57.6,MODERATE
0.3992,0.277,2223.58,887.75,370.06,1257.81,56.6,MODERATE
0.642,0.277,2223.58,1427.49,220.54,1648.03,74.1,CRITICAL
0.2168,0.277,2223.58,482.01,482.46,964.47,43.4,LOW
0.4973,0.277,2223.58,1105.72,309.68,1415.39,63.7,MODERATE
0.4857,0.277,2223.58,1080.02,316.79,1396.81,62.8,MODERATE
0.506,0.277,2223.58,1125.19,304.28,1429.47,64.3,MODERATE
0.4789,0.277,2223.58,1064.84,321.0,1385.84,62.3,MODERATE
0.6403,0.277,2223.58,1423.87,221.54,1645.41,74.0,CRITICAL
0.5536,0.277,2223.58,1230.98,274.98,1505.95,67.7,HIGH
0.5488,0.277,2223.58,1220.24,277.95,1498.19,67.4,HIGH
0.545,0.277,2223.58,1211.82,280.28,1492.1,67.1,HIGH
0.4741,0.277,2223.58,1054.1,323.98,1378.07,62.0,MODERATE
0.3895,0.277,2223.58,866.09,376.06,1242.15,55.9,MODERATE
0.6231,0.277,2223.58,1385.53,232.16,1617.69,72.8,CRITICAL
0.5902,0.277,2223.58,1312.38,252.43,1564.8,70.4,HIGH
0.4326,0.277,2223.58,961.88,349.52,1311.4,59.0,MODERATE
0.3779,0.277,2223.58,840.35,383.19,1223.54,55.0,MODERATE
0.4082,0.277,2223.58,907.73,364.52,1272.26,57.2,MODERATE
0.5981,0.277,2223.58,1329.89,247.57,1577.46,70.9,HIGH
0.4715,0.277,2223.58,1048.41,325.55,1373.96,61.8,MODERATE
0.4907,0.277,2223.58,1091.01,313.75,1404.76,63.2,MODERATE
0.4325,0.277,2223.58,961.72,349.57,1311.29,59.0,MODERATE
0.5565,0.277,2223.58,1237.42,273.19,1510.61,67.9,HIGH
0.4666,0.277,2223.58,1037.44,328.59,1366.03,61.4,MODERATE
0.6143,0.277,2223.58,1366.03,237.56,1603.6,72.1,CRITICAL
0.461,0.277,2223.58,1025.1,332.01,1357.11,61.0,MODERATE
0.5109,0.277,2223.58,1135.94,301.3,1437.25,64.6,MODERATE
0.675,0.277,2223.58,1500.97,200.18,1701.15,76.5,CRITICAL
0.4943,0.277,2223.58,1099.07,311.52,1410.59,63.4,MODERATE
0.4845,0.277,2223.58,1077.38,317.53,1394.91,62.7,MODERATE
0.3733,0.277,2223.58,830.07,386.04,1216.11,54.7,LOW
0.4661,0.277,2223.58,1036.46,328.86,1365.32,61.4,MODERATE
0.4493,0.277,2223.58,999.1,339.21,1338.31,60.2,MODERATE
0.5989,0.277,2223.58,1331.8,247.04,1578.85,71.0,HIGH
0.352,0.277,2223.58,782.71,399.16,1181.87,53.2,LOW
0.4931,0.277,2223.58,1096.37,312.26,1408.64,63.3,MODERATE
0.3508,0.277,2223.58,779.99,399.91,1179.9,53.1,LOW
0.3934,0.277,2223.58,874.78,373.65,1248.43,56.1,MODERATE
0.4498,0.277,2223.58,1000.06,338.94,1339.01,60.2,MODERATE
0.3179,0.277,2223.58,706.87,420.17,1127.03,50.7,LOW
0.5185,0.277,2223.58,1153.01,296.57,1449.58,65.2,HIGH
0.5679,0.277,2223.58,1262.68,266.19,1528.87,68.8,HIGH
0.4154,0.277,2223.58,923.7,360.1,1283.8,57.7,MODERATE
0.6181,0.277,2223.58,1374.37,235.25,1609.63,72.4,CRITICAL
0.6464,0.277,2223.58,1437.36,217.8,1655.16,74.4,CRITICAL
0.4969,0.277,2223.58,1104.87,309.91,1414.78,63.6,MODERATE
0.6421,0.277,2223.58,1427.67,220.49,1648.15,74.1,CRITICAL
0.5156,0.277,2223.58,1146.38,298.41,1444.79,65.0,MODERATE
0.1804,0.277,2223.58,401.18,504.85,906.03,40.7,LOW
0.6936,0.277,2223.58,1542.27,188.74,1731.01,77.8,CRITICAL
0.4149,0.277,2223.58,922.51,360.43,1282.94,57.7,MODERATE
0.6576,0.277,2223.58,1462.22,210.92,1673.13,75.2,CRITICAL
0.5109,0.277,2223.58,1136.09,301.26,1437.35,64.6,MODERATE
0.5717,0.277,2223.58,1271.25,263.82,1535.07,69.0,HIGH
0.3413,0.277,2223.58,758.98,405.73,1164.71,52.4,LOW
0.3606,0.277,2223.58,801.8,393.87,1195.67,53.8,LOW
0.5558,0.277,2223.58,1235.82,273.63,1509.46,67.9,HIGH
0.6718,0.277,2223.58,1493.74,202.18,1695.92,76.3,CRITICAL
0.5633,0.277,2223.58,1252.62,268.98,1521.6,68.4,HIGH
0.629,0.277,2223.58,1398.73,228.5,1627.24,73.2,CRITICAL
0.4064,0.277,2223.58,903.61,365.67,1269.27,57.1,MODERATE
0.4838,0.277,2223.58,1075.86,317.95,1393.81,62.7,MODERATE
0.4502,0.277,2223.58,1001.05,338.67,1339.72,60.3,MODERATE
0.5326,0.277,2223.58,1184.31,287.9,1472.21,66.2,HIGH
0.6149,0.277,2223.58,1367.21,237.23,1604.45,72.2,CRITICAL
0.6476,0.277,2223.58,1440.1,217.04,1657.14,74.5,CRITICAL
0.5834,0.277,2223.58,1297.24,256.62,1553.86,69.9,HIGH
0.7313,0.277,2223.58,1626.07,165.53,1791.59,80.6,CRITICAL
0.6918,0.277,2223.58,1538.19,189.87,1728.06,77.7,CRITICAL
0.5562,0.277,2223.58,1236.66,273.4,1510.06,67.9,HIGH
0.585,0.277,2223.58,1300.76,255.64,1556.41,70.0,HIGH
0.3784,0.277,2223.58,841.34,382.91,1224.25,55.1,MODERATE
0.5378,0.277,2223.58,1195.93,284.68,1480.62,66.6,HIGH
0.581,0.277,2223.58,1292.01,258.07,1550.08,69.7,HIGH
0.5871,0.277,2223.58,1305.47,254.34,1559.81,70.1,HIGH
0.4369,0.277,2223.58,971.49,346.86,1318.35,59.3,MODERATE
0.4106,0.277,2223.58,913.05,363.05,1276.1,57.4,MODERATE
0.4182,0.277,2223.58,929.83,358.4,1288.23,57.9,MODERATE
0.6065,0.277,2223.58,1348.66,242.38,1591.03,71.6,HIGH
0.503,0.277,2223.58,1118.37,306.17,1424.54,64.1,MODERATE
0.6232,0.277,2223.58,1385.63,232.13,1617.77,72.8,CRITICAL
0.4999,0.277,2223.58,1111.66,308.03,1419.69,63.8,MODERATE
0.414,0.277,2223.58,920.61,360.96,1281.56,57.6,MODERATE
0.4503,0.277,2223.58,1001.28,338.61,1339.88,60.3,MODERATE
0.5429,0.277,2223.58,1207.23,281.55,1488.78,67.0,HIGH
0.4413,0.277,2223.58,981.16,344.18,1325.34,59.6,MODERATE
0.3734,0.277,2223.58,830.34,385.96,1216.3,54.7,LOW
0.4876,0.277,2223.58,1084.23,315.63,1399.86,63.0,MODERATE
0.4015,0.277,2223.58,892.66,368.7,1261.36,56.7,MODERATE
0.4904,0.277,2223.58,1090.43,313.91,1404.34,63.2,MODERATE
0.4358,0.277,2223.58,969.0,347.55,1316.55,59.2,MODERATE
0.4978,0.277,2223.58,1106.9,309.35,1416.24,63.7,MODERATE
0.5877,0.277,2223.58,1306.8,253.97,1560.77,70.2,HIGH
0.618,0.277,2223.58,1374.2,235.3,1609.5,72.4,CRITICAL
0.5138,0.277,2223.58,1142.43,299.5,1441.94,64.8,MODERATE
0.5112,0.277,2223.58,1136.75,301.08,1437.83,64.7,MODERATE
0.4353,0.277,2223.58,968.03,347.82,1315.85,59.2,MODERATE
0.5431,0.277,2223.58,1207.73,281.42,1489.15,67.0,HIGH
0.2897,0.277,2223.58,644.16,437.54,1081.7,48.6,LOW
0.5541,0.277,2223.58,1232.15,274.65,1506.8,67.8,HIGH
0.3008,0.277,2223.58,668.93,430.68,1099.6,49.5,LOW
0.5237,0.277,2223.58,1164.44,293.41,1457.85,65.6,HIGH
0.61,0.277,2223.58,1356.42,240.22,1596.65,71.8,HIGH
0.55,0.277,2223.58,1222.95,277.2,1500.15,67.5,HIGH
0.4239,0.277,2223.58,942.49,354.89,1297.39,58.3,MODERATE
0.6058,0.277,2223.58,1347.16,242.79,1589.95,71.5,HIGH
0.4798,0.277,2223.58,1066.77,320.47,1387.23,62.4,MODERATE
0.6966,0.277,2223.58,1548.92,186.9,1735.81,78.1,CRITICAL
0.5898,0.277,2223.58,1311.54,252.66,1564.2,70.3,HIGH
0.4543,0.277,2223.58,1010.1,336.16,1346.27,60.5,MODERATE
0.4904,0.277,2223.58,1090.48,313.9,1404.38,63.2,MODERATE
0.7065,0.277,2223.58,1570.91,180.81,1751.72,78.8,CRITICAL
0.5336,0.277,2223.58,1186.5,287.3,1473.8,66.3,HIGH
0.6299,0.277,2223.58,1400.7,227.96,1628.66,73.2,CRITICAL
0.5613,0.277,2223.58,1248.01,270.26,1518.27,68.3,HIGH
0.3324,0.277,2223.58,739.02,411.26,1150.28,51.7,LOW
0.6029,0.277,2223.58,1340.63,244.6,1585.23,71.3,HIGH
0.4519,0.277,2223.58,1004.91,337.6,1342.51,60.4,MODERATE
0.5015,0.277,2223.58,1115.19,307.05,1422.24,64.0,MODERATE
0.5975,0.277,2223.58,1328.57,247.94,1576.51,70.9,HIGH
0.4283,0.277,2223.58,952.37,352.16,1304.52,58.7,MODERATE
0.4543,0.277,2223.58,1010.22,336.13,1346.35,60.5,MODERATE
0.6501,0.277,2223.58,1445.62,215.51,1661.14,74.7,CRITICAL
0.524,0.277,2223.58,1165.09,293.23,1458.32,65.6,HIGH
0.429,0.277,2223.58,953.86,351.74,1305.61,58.7,MODERATE
0.4441,0.277,2223.58,987.58,342.4,1329.98,59.8,MODERATE
0.6353,0.277,2223.58,1412.63,224.65,1637.29,73.6,CRITICAL
0.4645,0.277,2223.58,1032.81,329.87,1362.68,61.3,MODERATE
0.5099,0.277,2223.58,1133.89,301.87,1435.76,64.6,MODERATE
0.628,0.277,2223.58,1396.5,229.12,1625.62,73.1,CRITICAL
0.4454,0.277,2223.58,990.49,341.6,1332.09,59.9,MODERATE
0.674,0.277,2223.58,1498.8,200.78,1699.58,76.4,CRITICAL
0.4788,0.277,2223.58,1064.55,321.08,1385.63,62.3,MODERATE
0.5163,0.277,2223.58,1147.98,297.97,1445.95,65.0,HIGH
0.6264,0.277,2223.58,1392.78,230.15,1622.94,73.0,CRITICAL
0.353,0.277,2223.58,784.91,398.55,1183.46,53.2,LOW
0.5668,0.277,2223.58,1260.29,266.85,1527.15,68.7,HIGH
0.4878,0.277,2223.58,1084.57,315.53,1400.1,63.0,MODERATE
0.5816,0.277,2223.58,1293.28,257.72,1550.99,69.8,HIGH
0.4784,0.277,2223.58,1063.77,321.3,1385.06,62.3,MODERATE
0.6126,0.277,2223.58,1362.11,238.65,1600.76,72.0,HIGH
0.5082,0.277,2223.58,1129.93,302.97,1432.9,64.4,MODERATE
0.5561,0.277,2223.58,1236.61,273.41,1510.03,67.9,HIGH
0.578,0.277,2223.58,1285.22,259.95,1545.17,69.5,HIGH
0.3509,0.277,2223.58,780.23,399.84,1180.07,53.1,LOW
0.4402,0.277,2223.58,978.9,344.81,1323.71,59.5,MODERATE
0.3059,0.277,2223.58,680.21,427.55,1107.76,49.8,LOW
0.5545,0.277,2223.58,1232.92,274.44,1507.36,67.8,HIGH
0.4238,0.277,2223.58,942.27,354.96,1297.22,58.3,MODERATE
0.554,0.277,2223.58,1231.96,274.7,1506.66,67.8,HIGH
0.6699,0.277,2223.58,1489.51,203.35,1692.87,76.1,CRITICAL
0.4396,0.277,2223.58,977.43,345.21,1322.64,59.5,MODERATE
0.5874,0.277,2223.58,1306.06,254.17,1560.24,70.2,HIGH
0.4726,0.277,2223.58,1050.83,324.88,1375.71,61.9,MODERATE
0.2894,0.277,2223.58,643.58,437.7,1081.28,48.6,LOW
0.6683,0.277,2223.58,1485.94,204.34,1690.29,76.0,CRITICAL
0.3013,0.277,2223.58,670.06,430.36,1100.42,49.5,LOW
0.4552,0.277,2223.58,1012.17,335.59,1347.76,60.6,MODERATE
0.5347,0.277,2223.58,1189.0,286.6,1475.61,66.4,HIGH
0.5009,0.277,2223.58,1113.69,307.47,1421.15,63.9,MODERATE
0.5384,0.277,2223.58,1197.12,284.36,1481.47,66.6,HIGH
0.5488,0.277,2223.58,1220.3,277.93,1498.23,67.4,HIGH
0.6587,0.277,2223.58,1464.75,210.21,1674.97,75.3,CRITICAL
0.3902,0.277,2223.58,867.65,375.63,1243.28,55.9,MODERATE
0.4881,0.277,2223.58,1085.29,315.33,1400.63,63.0,MODERATE
0.462,0.277,2223.58,1027.22,331.42,1358.64,61.1,MODERATE
0.3584,0.277,2223.58,797.0,395.2,1192.2,53.6,LOW
0.3368,0.277,2223.58,748.82,408.54,1157.36,52.0,LOW
0.355,0.277,2223.58,789.39,397.3,1186.7,53.4,LOW
0.6431,0.277,2223.58,1429.87,219.88,1649.75,74.2,CRITICAL
0.4796,0.277,2223.58,1066.44,320.56,1387.0,62.4,MODERATE
0.3676,0.277,2223.58,817.43,389.54,1206.97,54.3,LOW
0.4724,0.277,2223.58,1050.52,324.97,1375.49,61.9,MODERATE
0.4999,0.277,2223.58,1111.5,308.07,1419.57,63.8,MODERATE
0.5031,0.277,2223.58,1118.62,306.1,1424.72,64.1,MODERATE
0.3945,0.277,2223.58,877.09,373.01,1250.1,56.2,MODERATE
0.5151,0.277,2223.58,1145.27,298.72,1443.99,64.9,MODERATE
0.4185,0.277,2223.58,930.54,358.2,1288.74,58.0,MODERATE
0.6237,0.277,2223.58,1386.86,231.79,1618.65,72.8,CRITICAL
0.5431,0.277,2223.58,1207.58,281.46,1489.03,67.0,HIGH
0.4309,0.277,2223.58,958.22,350.54,1308.75,58.9,MODERATE
0.5051,0.277,2223.58,1123.22,304.83,1428.05,64.2,MODERATE
0.6688,0.277,2223.58,1487.14,204.01,1691.16,76.1,CRITICAL
0.5096,0.277,2223.58,1133.11,302.09,1435.2,64.5,MODERATE
0.468,0.277,2223.58,1040.59,327.72,1368.31,61.5,MODERATE
0.4315,0.277,2223.58,959.49,350.19,1309.67,58.9,MODERATE
0.5058,0.277,2223.58,1124.71,304.41,1429.13,64.3,MODERATE
0.5129,0.277,2223.58,1140.42,300.06,1440.48,64.8,MODERATE
0.5521,0.277,2223.58,1227.62,275.9,1503.53,67.6,HIGH
0.6122,0.277,2223.58,1361.3,238.87,1600.17,72.0,HIGH
0.2034,0.277,2223.58,452.33,490.68,943.01,42.4,LOW
0.5086,0.277,2223.58,1130.84,302.72,1433.56,64.5,MODERATE
0.4214,0.277,2223.58,937.11,356.38,1293.5,58.2,MODERATE
0.3303,0.277,2223.58,734.46,412.52,1146.98,51.6,LOW
0.6814,0.277,2223.58,1515.22,196.23,1711.46,77.0,CRITICAL
0.5263,0.277,2223.58,1170.26,291.8,1462.05,65.8,HIGH
0.6544,0.277,2223.58,1455.15,212.87,1668.02,75.0,CRITICAL
0.409,0.277,2223.58,909.54,364.02,1273.56,57.3,MODERATE
0.6288,0.277,2223.58,1398.21,228.65,1626.86,73.2,CRITICAL
0.5062,0.277,2223.58,1125.68,304.14,1429.83,64.3,MODERATE
0.5604,0.277,2223.58,1246.14,270.78,1516.91,68.2,HIGH
0.4004,0.277,2223.58,890.43,369.32,1259.74,56.7,MODERATE
0.4559,0.277,2223.58,1013.67,335.17,1348.84,60.7,MODERATE
0.6602,0.277,2223.58,1467.98,209.32,1677.3,75.4,CRITICAL
0.6317,0.277,2223.58,1404.59,226.88,1631.47,73.4,CRITICAL
0.3785,0.277,2223.58,841.7,382.81,1224.52,55.1,MODERATE
0.416,0.277,2223.58,924.97,359.75,1284.72,57.8,MODERATE
0.4688,0.277,2223.58,1042.43,327.21,1369.64,61.6,MODERATE
0.5417,0.277,2223.58,1204.49,282.31,1486.8,66.9,HIGH
0.5256,0.277,2223.58,1168.82,292.19,1461.02,65.7,HIGH
0.5286,0.277,2223.58,1175.44,290.36,1465.8,65.9,HIGH
0.5521,0.277,2223.58,1227.68,275.89,1503.57,67.6,HIGH
0.4542,0.277,2223.58,1009.95,336.2,1346.16,60.5,MODERATE
0.4932,0.277,2223.58,1096.68,312.18,1408.86,63.4,MODERATE
0.5564,0.277,2223.58,1237.31,273.22,1510.53,67.9,HIGH
0.5393,0.277,2223.58,1199.23,283.77,1483.0,66.7,HIGH
0.3526,0.277,2223.58,784.02,398.79,1182.81,53.2,LOW
0.562,0.277,2223.58,1249.55,269.83,1519.38,68.3,HIGH
0.4031,0.277,2223.58,896.4,367.66,1264.06,56.8,MODERATE
0.5459,0.277,2223.58,1213.76,279.75,1493.5,67.2,HIGH
0.6761,0.277,2223.58,1503.41,199.51,1702.91,76.6,CRITICAL
0.4367,0.277,2223.58,970.94,347.01,1317.95,59.3,MODERATE
0.6456,0.277,2223.58,1435.44,218.33,1653.78,74.4,CRITICAL
0.5197,0.277,2223.58,1155.5,295.89,1451.38,65.3,HIGH
0.4263,0.277,2223.58,947.97,353.38,1301.35,58.5,MODERATE
0.6159,0.277,2223.58,1369.57,236.58,1606.15,72.2,CRITICAL
0.4512,0.277,2223.58,1003.21,338.07,1341.28,60.3,MODERATE
0.63,0.277,2223.58,1400.83,227.92,1628.75,73.2,CRITICAL
0.5762,0.277,2223.58,1281.21,261.06,1542.27,69.4,HIGH
0.5783,0.277,2223.58,1285.86,259.77,1545.63,69.5,HIGH
0.4949,0.277,2223.58,1100.47,311.13,1411.6,63.5,MODERATE
0.6844,0.277,2223.58,1521.73,194.43,1716.16,77.2,CRITICAL
0.6223,0.277,2223.58,1383.63,232.69,1616.31,72.7,CRITICAL
0.3888,0.277,2223.58,864.56,376.48,1241.04,55.8,MODERATE
0.5714,0.277,2223.58,1270.53,264.02,1534.55,69.0,HIGH
0.4422,0.277,2223.58,983.21,343.61,1326.82,59.7,MODERATE
0.3895,0.277,2223.58,865.98,376.09,1242.07,55.9,MODERATE
0.4061,0.277,2223.58,903.03,365.83,1268.85,57.1,MODERATE
0.5948,0.277,2223.58,1322.64,249.58,1572.22,70.7,HIGH
0.525,0.277,2223.58,1167.38,292.59,1459.98,65.7,HIGH
0.4613,0.277,2223.58,1025.74,331.83,1357.57,61.1,MODERATE
0.3207,0.277,2223.58,713.19,418.41,1131.61,50.9,LOW
0.504,0.277,2223.58,1120.77,305.5,1426.28,64.1,MODERATE
0.2997,0.277,2223.58,666.43,431.37,1097.8,49.4,LOW
0.3927,0.277,2223.58,873.22,374.08,1247.3,56.1,MODERATE
0.5208,0.277,2223.58,1157.99,295.2,1453.18,65.4,HIGH
0.3766,0.277,2223.58,837.31,384.03,1221.34,54.9,LOW
0.403,0.277,2223.58,896.07,367.75,1263.82,56.8,MODERATE
0.4729,0.277,2223.58,1051.53,324.69,1376.21,61.9,MODERATE
0.4015,0.277,2223.58,892.77,368.67,1261.44,56.7,MODERATE
0.4534,0.277,2223.58,1008.11,336.72,1344.82,60.5,MODERATE
0.6142,0.277,2223.58,1365.64,237.67,1603.31,72.1,CRITICAL
0.5655,0.277,2223.58,1257.42,267.65,1525.07,68.6,HIGH
0.5513,0.277,2223.58,1225.85,276.4,1502.24,67.6,HIGH
0.4395,0.277,2223.58,977.24,345.27,1322.51,59.5,MODERATE
0.4716,0.277,2223.58,1048.73,325.46,1374.19,61.8,MODERATE
0.4399,0.277,2223.58,978.06,345.04,1323.1,59.5,MODERATE
0.5063,0.277,2223.58,1125.81,304.11,1429.92,64.3,MODERATE
0.6665,0.277,2223.58,1481.96,205.45,1687.41,75.9,CRITICAL
0.4481,0.277,2223.58,996.35,339.97,1336.32,60.1,MODERATE
0.5139,0.277,2223.58,1142.74,299.42,1442.16,64.9,MODERATE
0.4147,0.277,2223.58,922.18,360.52,1282.7,57.7,MODERATE
0.606,0.277,2223.58,1347.5,242.7,1590.19,71.5,HIGH
0.4377,0.277,2223.58,973.18,346.39,1319.57,59.3,MODERATE
0.4326,0.277,2223.58,962.0,349.49,1311.49,59.0,MODERATE
0.6101,0.277,2223.58,1356.56,240.18,1596.75,71.8,HIGH
0.5077,0.277,2223.58,1129.0,303.23,1432.22,64.4,MODERATE
0.3693,0.277,2223.58,821.14,388.51,1209.65,54.4,LOW
0.2646,0.277,2223.58,588.45,452.97,1041.42,46.8,LOW
0.4911,0.277,2223.58,1091.97,313.48,1405.45,63.2,MODERATE
0.655,0.277,2223.58,1456.34,212.54,1668.89,75.1,CRITICAL
0.372,0.277,2223.58,827.28,386.81,1214.09,54.6,LOW
0.4019,0.277,2223.58,893.62,368.43,1262.05,56.8,MODERATE
0.4313,0.277,2223.58,959.07,350.3,1309.37,58.9,MODERATE
0.1952,0.277,2223.58,434.04,495.75,929.79,41.8,LOW
0.6177,0.277,2223.58,1373.5,235.49,1608.99,72.4,CRITICAL
0.4737,0.277,2223.58,1053.25,324.21,1377.46,61.9,MODERATE
0.4369,0.277,2223.58,971.48,346.86,1318.34,59.3,MODERATE
0.3568,0.277,2223.58,793.37,396.2,1189.57,53.5,LOW
0.5817,0.277,2223.58,1293.46,257.67,1551.12,69.8,HIGH
0.403,0.277,2223.58,896.03,367.76,1263.79,56.8,MODERATE
0.387,0.277,2223.58,860.44,377.62,1238.06,55.7,MODERATE
0.4474,0.277,2223.58,994.81,340.4,1335.21,60.0,MODERATE
0.5249,0.277,2223.58,1167.17,292.65,1459.82,65.7,HIGH
0.5258,0.277,2223.58,1169.25,292.08,1461.32,65.7,HIGH
0.5059,0.277,2223.58,1124.87,304.37,1429.24,64.3,MODERATE
0.4817,0.277,2223.58,1071.16,319.25,1390.41,62.5,MODERATE
0.4998,0.277,2223.58,1111.42,308.1,1419.51,63.8,MODERATE
0.6162,0.277,2223.58,1370.22,236.4,1606.62,72.3,CRITICAL
0.5627,0.277,2223.58,1251.17,269.38,1520.55,68.4,HIGH
0.4802,0.277,2223.58,1067.86,320.16,1388.02,62.4,MODERATE
0.454,0.277,2223.58,1009.4,336.36,1345.76,60.5,MODERATE
0.7064,0.277,2223.58,1570.82,180.83,1751.65,78.8,CRITICAL
0.3803,0.277,2223.58,845.66,381.72,1227.38,55.2,MODERATE
0.4972,0.277,2223.58,1105.54,309.72,1415.27,63.6,MODERATE
0.6416,0.277,2223.58,1426.74,220.74,1647.49,74.1,CRITICAL
0.5551,0.277,2223.58,1234.39,274.03,1508.42,67.8,HIGH
0.4602,0.277,2223.58,1023.24,332.52,1355.77,61.0,MODERATE
0.6935,0.277,2223.58,1542.06,188.8,1730.86,77.8,CRITICAL
0.4023,0.277,2223.58,894.44,368.2,1262.64,56.8,MODERATE
0.6588,0.277,2223.58,1464.83,210.19,1675.02,75.3,CRITICAL
0.5121,0.277,2223.58,1138.7,300.54,1439.24,64.7,MODERATE
0.5573,0.277,2223.58,1239.12,272.72,1511.84,68.0,HIGH
0.5483,0.277,2223.58,1219.28,278.21,1497.5,67.3,HIGH
0.3278,0.277,2223.58,728.81,414.09,1142.9,51.4,LOW
0.3824,0.277,2223.58,850.25,380.45,1230.7,55.3,MODERATE
0.4478,0.277,2223.58,995.79,340.13,1335.92,60.1,MODERATE
0.4539,0.277,2223.58,1009.22,336.41,1345.63,60.5,MODERATE
0.5467,0.277,2223.58,1215.63,279.23,1494.86,67.2,HIGH
0.5952,0.277,2223.58,1323.47,249.35,1572.83,70.7,HIGH
0.5338,0.277,2223.58,1187.04,287.15,1474.19,66.3,HIGH
0.5414,0.277,2223.58,1203.84,282.49,1486.34,66.8,HIGH
0.3053,0.277,2223.58,678.81,427.94,1106.75,49.8,LOW
0.4809,0.277,2223.58,1069.25,319.78,1389.03,62.5,MODERATE
0.433,0.277,2223.58,962.84,349.26,1312.1,59.0,MODERATE
0.5577,0.277,2223.58,1240.04,272.47,1512.5,68.0,HIGH
0.4187,0.277,2223.58,930.91,358.1,1289.01,58.0,MODERATE
0.435,0.277,2223.58,967.37,348.0,1315.37,59.2,MODERATE
0.5206,0.277,2223.58,1157.57,295.31,1452.88,65.3,HIGH
0.6135,0.277,2223.58,1364.15,238.08,1602.24,72.1,CRITICAL
0.5389,0.277,2223.58,1198.19,284.06,1482.25,66.7,HIGH
0.5604,0.277,2223.58,1246.0,270.81,1516.82,68.2,HIGH
0.561,0.277,2223.58,1247.43,270.42,1517.85,68.3,HIGH
0.6057,0.277,2223.58,1346.8,242.89,1589.69,71.5,HIGH
0.2373,0.277,2223.58,527.7,469.8,997.5,44.9,LOW
0.2812,0.277,2223.58,625.21,442.79,1068.0,48.0,LOW
0.4185,0.277,2223.58,930.53,358.21,1288.74,58.0,MODERATE
0.5321,0.277,2223.58,1183.12,288.23,1471.35,66.2,HIGH
0.2079,0.277,2223.58,462.31,487.92,950.22,42.7,LOW
0.5575,0.277,2223.58,1239.66,272.57,1512.23,68.0,HIGH
0.5787,0.277,2223.58,1286.82,259.51,1546.32,69.5,HIGH
0.2839,0.277,2223.58,631.34,441.09,1072.43,48.2,LOW
0.4125,0.277,2223.58,917.2,361.9,1279.1,57.5,MODERATE
0.6625,0.277,2223.58,1473.09,207.9,1681.0,75.6,CRITICAL
0.5741,0.277,2223.58,1276.52,262.36,1538.88,69.2,HIGH
0.5081,0.277,2223.58,1129.78,303.01,1432.79,64.4,MODERATE
0.5512,0.277,2223.58,1225.56,276.48,1502.04,67.6,HIGH
0.5221,0.277,2223.58,1160.98,294.37,1455.34,65.5,HIGH
0.3511,0.277,2223.58,780.62,399.74,1180.35,53.1,LOW
0.3741,0.277,2223.58,831.87,385.54,1217.41,54.7,LOW
0.5278,0.277,2223.58,1173.6,290.87,1464.47,65.9,HIGH
0.5712,0.277,2223.58,1270.17,264.12,1534.29,69.0,HIGH
0.5127,0.277,2223.58,1140.06,300.16,1440.22,64.8,MODERATE
0.401,0.277,2223.58,891.62,368.98,1260.61,56.7,MODERATE
0.3966,0.277,2223.58,881.91,371.68,1253.59,56.4,MODERATE
0.5938,0.277,2223.58,1320.37,250.21,1570.58,70.6,HIGH
0.5189,0.277,2223.58,1153.89,296.33,1450.22,65.2,HIGH
0.69,0.277,2223.58,1534.31,190.94,1725.26,77.6,CRITICAL
0.521,0.277,2223.58,1158.54,295.04,1453.58,65.4,HIGH
0.4447,0.277,2223.58,988.92,342.03,1330.95,59.9,MODERATE
0.5557,0.277,2223.58,1235.75,273.65,1509.4,67.9,HIGH
0.4723,0.277,2223.58,1050.19,325.06,1375.25,61.8,MODERATE
0.5912,0.277,2223.58,1314.55,251.82,1566.37,70.4,HIGH
0.5524,0.277,2223.58,1228.2,275.74,1503.95,67.6,HIGH
0.4012,0.277,2223.58,892.09,368.85,1260.95,56.7,MODERATE
0.4378,0.277,2223.58,973.42,346.32,1319.75,59.4,MODERATE
0.6422,0.277,2223.58,1428.08,220.37,1648.45,74.1,CRITICAL
0.3796,0.277,2223.58,844.11,382.15,1226.26,55.1,MODERATE
0.5732,0.277,2223.58,1274.62,262.88,1537.51,69.1,HIGH
0.588,0.277,2223.58,1307.53,253.77,1561.3,70.2,HIGH
0.6424,0.277,2223.58,1428.37,220.29,1648.66,74.1,CRITICAL
0.6817,0.277,2223.58,1515.75,196.09,1711.84,77.0,CRITICAL
0.6,0.277,2223.58,1334.13,246.4,1580.53,71.1,HIGH
0.4215,0.277,2223.58,937.35,356.32,1293.67,58.2,MODERATE
0.6462,0.277,2223.58,1436.87,217.94,1654.81,74.4,CRITICAL
0.3949,0.277,2223.58,878.05,372.74,1250.8,56.3,MODERATE
0.3754,0.277,2223.58,834.84,384.71,1219.56,54.8,LOW
0.4604,0.277,2223.58,1023.63,332.42,1356.05,61.0,MODERATE
0.2778,0.277,2223.58,617.72,444.86,1062.58,47.8,LOW
0.4743,0.277,2223.58,1054.67,323.82,1378.49,62.0,MODERATE
0.483,0.277,2223.58,1073.99,318.47,1392.45,62.6,MODERATE
0.3304,0.277,2223.58,734.75,412.44,1147.19,51.6,LOW
0.4978,0.277,2223.58,1106.97,309.33,1416.3,63.7,MODERATE
0.5797,0.277,2223.58,1288.96,258.91,1547.87,69.6,HIGH
0.5372,0.277,2223.58,1194.51,285.08,1479.59,66.5,HIGH
0.5472,0.277,2223.58,1216.7,278.93,1495.63,67.3,HIGH
0.504,0.277,2223.58,1120.59,305.56,1426.15,64.1,MODERATE
0.562,0.277,2223.58,1249.67,269.8,1519.47,68.3,HIGH
0.4243,0.277,2223.58,943.38,354.65,1298.03,58.4,MODERATE
0.4399,0.277,2223.58,978.19,345.0,1323.19,59.5,MODERATE
0.6478,0.277,2223.58,1440.51,216.93,1657.44,74.5,CRITICAL
0.5017,0.277,2223.58,1115.54,306.95,1422.5,64.0,MODERATE
0.447,0.277,2223.58,994.01,340.62,1334.63,60.0,MODERATE
0.4848,0.277,2223.58,1078.08,317.33,1395.41,62.8,MODERATE
0.4872,0.277,2223.58,1083.36,315.87,1399.23,62.9,MODERATE
0.3875,0.277,2223.58,861.64,377.29,1238.93,55.7,MODERATE
0.6947,0.277,2223.58,1544.82,188.03,1732.85,77.9,CRITICAL
0.4316,0.277,2223.58,959.73,350.12,1309.84,58.9,MODERATE
0.3795,0.277,2223.58,843.84,382.22,1226.06,55.1,MODERATE
0.462,0.277,2223.58,1027.26,331.41,1358.67,61.1,MODERATE
0.4737,0.277,2223.58,1053.38,324.17,1377.55,62.0,MODERATE
0.4809,0.277,2223.58,1069.21,319.79,1389.0,62.5,MODERATE
0.6259,0.277,2223.58,1391.66,230.46,1622.12,73.0,CRITICAL
0.6168,0.277,2223.58,1371.58,236.02,1607.61,72.3,CRITICAL
0.414,0.277,2223.58,920.47,360.99,1281.47,57.6,MODERATE
0.4389,0.277,2223.58,975.91,345.64,1321.54,59.4,MODERATE
0.4945,0.277,2223.58,1099.55,311.38,1410.94,63.5,MODERATE
0.4568,0.277,2223.58,1015.83,334.58,1350.4,60.7,MODERATE
0.2249,0.277,2223.58,500.11,477.44,977.55,44.0,LOW
0.5049,0.277,2223.58,1122.64,304.99,1427.63,64.2,MODERATE
0.3886,0.277,2223.58,864.18,376.59,1240.77,55.8,MODERATE
0.6641,0.277,2223.58,1476.57,206.94,1683.51,75.7,CRITICAL
0.4934,0.277,2223.58,1097.12,312.06,1409.18,63.4,MODERATE
0.2895,0.277,2223.58,643.75,437.65,1081.4,48.6,LOW
0.5042,0.277,2223.58,1121.07,305.42,1426.49,64.2,MODERATE
0.4011,0.277,2223.58,891.81,368.93,1260.74,56.7,MODERATE
0.3907,0.277,2223.58,868.66,375.35,1244.0,55.9,MODERATE
0.4196,0.277,2223.58,933.08,357.5,1290.58,58.0,MODERATE
0.4941,0.277,2223.58,1098.66,311.63,1410.29,63.4,MODERATE
0.5426,0.277,2223.58,1206.62,281.72,1488.34,66.9,HIGH
0.4437,0.277,2223.58,986.54,342.69,1329.23,59.8,MODERATE
0.4186,0.277,2223.58,930.78,358.14,1288.92,58.0,MODERATE
0.3666,0.277,2223.58,815.22,390.15,1205.37,54.2,LOW
0.5252,0.277,2223.58,1167.77,292.48,1460.26,65.7,HIGH
0.5514,0.277,2223.58,1226.01,276.35,1502.36,67.6,HIGH
0.4705,0.277,2223.58,1046.13,326.18,1372.31,61.7,MODERATE
0.3118,0.277,2223.58,693.26,423.94,1117.2,50.2,LOW
0.4914,0.277,2223.58,1092.75,313.27,1406.02,63.2,MODERATE
0.4647,0.277,2223.58,1033.34,329.73,1363.06,61.3,MODERATE
0.6753,0.277,2223.58,1501.64,200.0,1701.63,76.5,CRITICAL
0.2724,0.277,2223.58,605.76,448.18,1053.94,47.4,LOW
0.5102,0.277,2223.58,1134.39,301.73,1436.12,64.6,MODERATE
0.4427,0.277,2223.58,984.44,343.27,1327.72,59.7,MODERATE
0.4008,0.277,2223.58,891.3,369.07,1260.38,56.7,MODERATE
0.474,0.277,2223.58,1053.94,324.02,1377.96,62.0,MODERATE
0.4181,0.277,2223.58,929.69,358.44,1288.13,57.9,MODERATE
0.6114,0.277,2223.58,1359.52,239.37,1598.89,71.9,HIGH
0.5068,0.277,2223.58,1126.94,303.79,1430.74,64.3,MODERATE
0.7013,0.277,2223.58,1559.36,184.01,1743.36,78.4,CRITICAL
0.5942,0.277,2223.58,1321.14,250.0,1571.14,70.7,HIGH
0.4038,0.277,2223.58,897.94,367.23,1265.17,56.9,MODERATE
0.4847,0.277,2223.58,1077.88,317.39,1395.27,62.7,MODERATE
0.4715,0.277,2223.58,1048.43,325.55,1373.97,61.8,MODERATE
0.6691,0.277,2223.58,1487.85,203.81,1691.67,76.1,CRITICAL
0.5603,0.277,2223.58,1245.88,270.85,1516.72,68.2,HIGH
0.5228,0.277,2223.58,1162.39,293.98,1456.36,65.5,HIGH
0.2848,0.277,2223.58,633.33,440.54,1073.87,48.3,LOW
0.2439,0.277,2223.58,542.39,465.73,1008.12,45.3,LOW
0.6133,0.277,2223.58,1363.72,238.2,1601.92,72.0,CRITICAL
0.5164,0.277,2223.58,1148.28,297.89,1446.16,65.0,HIGH
0.5337,0.277,2223.58,1186.71,287.24,1473.95,66.3,HIGH
0.5053,0.277,2223.58,1123.65,304.71,1428.36,64.2,MODERATE
0.6662,0.277,2223.58,1481.37,205.61,1686.98,75.9,CRITICAL
0.5874,0.277,2223.58,1306.1,254.17,1560.26,70.2,HIGH
0.3917,0.277,2223.58,871.09,374.67,1245.76,56.0,MODERATE
0.4193,0.277,2223.58,932.34,357.71,1290.04,58.0,MODERATE
0.6375,0.277,2223.58,1417.48,223.31,1640.79,73.8,CRITICAL
0.4432,0.277,2223.58,985.52,342.97,1328.5,59.7,MODERATE
0.5399,0.277,2223.58,1200.44,283.43,1483.88,66.7,HIGH
0.6268,0.277,2223.58,1393.84,229.86,1623.7,73.0,CRITICAL
0.4433,0.277,2223.58,985.6,342.95,1328.55,59.7,MODERATE
0.3631,0.277,2223.58,807.44,392.3,1199.75,54.0,LOW
0.4151,0.277,2223.58,923.0,360.29,1283.29,57.7,MODERATE
0.5521,0.277,2223.58,1227.58,275.92,1503.5,67.6,HIGH
0.4239,0.277,2223.58,942.47,354.9,1297.37,58.3,MODERATE
0.3515,0.277,2223.58,781.64,399.45,1181.09,53.1,LOW
0.4382,0.277,2223.58,974.37,346.06,1320.44,59.4,MODERATE
0.3937,0.277,2223.58,875.36,373.49,1248.85,56.2,MODERATE
0.4905,0.277,2223.58,1090.69,313.84,1404.53,63.2,MODERATE
0.5638,0.277,2223.58,1253.64,268.7,1522.34,68.5,HIGH
0.5558,0.277,2223.58,1235.78,273.65,1509.42,67.9,HIGH
0.5706,0.277,2223.58,1268.68,264.53,1533.21,69.0,HIGH
0.6004,0.277,2223.58,1334.99,246.16,1581.15,71.1,HIGH
0.4324,0.277,2223.58,961.46,349.64,1311.1,59.0,MODERATE
0.3229,0.277,2223.58,718.04,417.07,1135.11,51.0,LOW
0.6343,0.277,2223.58,1410.48,225.25,1635.73,73.6,CRITICAL
0.3979,0.277,2223.58,884.73,370.89,1255.62,56.5,MODERATE
0.4216,0.277,2223.58,937.4,356.3,1293.71,58.2,MODERATE
0.5046,0.277,2223.58,1122.06,305.15,1427.2,64.2,MODERATE
0.2348,0.277,2223.58,522.16,471.33,993.49,44.7,LOW
0.5095,0.277,2223.58,1132.87,302.15,1435.02,64.5,MODERATE
0.465,0.277,2223.58,1033.97,329.55,1363.52,61.3,MODERATE
0.4187,0.277,2223.58,931.06,358.06,1289.12,58.0,MODERATE
0.5248,0.277,2223.58,1167.01,292.69,1459.71,65.6,HIGH
0.4143,0.277,2223.58,921.24,360.78,1282.02,57.7,MODERATE
0.5497,0.277,2223.58,1222.23,277.4,1499.63,67.4,HIGH
0.47,0.277,2223.58,1045.04,326.49,1371.52,61.7,MODERATE
0.5143,0.277,2223.58,1143.61,299.18,1442.79,64.9,MODERATE
0.5941,0.277,2223.58,1321.13,250.0,1571.13,70.7,HIGH
0.5316,0.277,2223.58,1181.97,288.55,1470.52,66.1,HIGH
0.387,0.277,2223.58,860.49,377.61,1238.1,55.7,MODERATE
0.5487,0.277,2223.58,1220.12,277.98,1498.11,67.4,HIGH
0.445,0.277,2223.58,989.55,341.86,1331.4,59.9,MODERATE
0.3676,0.277,2223.58,817.41,389.54,1206.95,54.3,LOW
0.616,0.277,2223.58,1369.71,236.54,1606.25,72.2,CRITICAL
0.6317,0.277,2223.58,1404.68,226.86,1631.53,73.4,CRITICAL
0.3667,0.277,2223.58,815.39,390.1,1205.49,54.2,LOW
0.4486,0.277,2223.58,997.46,339.66,1337.13,60.1,MODERATE
0.463,0.277,2223.58,1029.55,330.78,1360.32,61.2,MODERATE
0.5529,0.277,2223.58,1229.44,275.4,1504.84,67.7,HIGH
0.5361,0.277,2223.58,1192.12,285.74,1477.86,66.5,HIGH
0.3189,0.277,2223.58,709.0,419.58,1128.57,50.8,LOW
0.6287,0.277,2223.58,1398.02,228.7,1626.72,73.2,CRITICAL
0.4808,0.277,2223.58,1069.07,319.83,1388.9,62.5,MODERATE
0.4063,0.277,2223.58,903.36,365.73,1269.09,57.1,MODERATE
0.2168,0.277,2223.58,482.0,482.46,964.46,43.4,LOW
0.5289,0.277,2223.58,1176.08,290.18,1466.26,65.9,HIGH
0.6165,0.277,2223.58,1370.95,236.2,1607.15,72.3,CRITICAL
0.4362,0.277,2223.58,969.84,347.32,1317.16,59.2,MODERATE
0.5177,0.277,2223.58,1151.05,297.12,1448.17,65.1,HIGH
0.4837,0.277,2223.58,1075.64,318.01,1393.65,62.7,MODERATE
0.5835,0.277,2223.58,1297.55,256.53,1554.09,69.9,HIGH
0.2405,0.277,2223.58,534.82,467.83,1002.65,45.1,LOW
0.4625,0.277,2223.58,1028.32,331.12,1359.44,61.1,MODERATE
0.445,0.277,2223.58,989.39,341.9,1331.29,59.9,MODERATE
0.546,0.277,2223.58,1214.12,279.64,1493.77,67.2,HIGH
0.6161,0.277,2223.58,1369.91,236.49,1606.4,72.2,CRITICAL
0.5361,0.277,2223.58,1192.07,285.75,1477.83,66.5,HIGH
0.5644,0.277,2223.58,1255.06,268.3,1523.36,68.5,HIGH
0.4235,0.277,2223.58,941.78,355.09,1296.87,58.3,MODERATE
0.6439,0.277,2223.58,1431.72,219.36,1651.08,74.3,CRITICAL
0.4824,0.277,2223.58,1072.56,318.86,1391.42,62.6,MODERATE
0.4741,0.277,2223.58,1054.25,323.93,1378.19,62.0,MODERATE
0.3942,0.277,2223.58,876.59,373.15,1249.74,56.2,MODERATE
0.4745,0.277,2223.58,1055.03,323.72,1378.75,62.0,MODERATE
0.657,0.277,2223.58,1460.8,211.31,1672.11,75.2,CRITICAL
0.422,0.277,2223.58,938.43,356.02,1294.45,58.2,MODERATE
0.5832,0.277,2223.58,1296.69,256.77,1553.46,69.9,HIGH
0.527,0.277,2223.58,1171.83,291.36,1463.19,65.8,HIGH
0.4715,0.277,2223.58,1048.45,325.54,1373.99,61.8,MODERATE
0.4446,0.277,2223.58,988.55,342.13,1330.69,59.8,MODERATE
0.5156,0.277,2223.58,1146.58,298.35,1444.94,65.0,MODERATE
0.4141,0.277,2223.58,920.82,360.9,1281.72,57.6,MODERATE
0.6719,0.277,2223.58,1493.96,202.12,1696.09,76.3,CRITICAL
0.6226,0.277,2223.58,1384.43,232.47,1616.89,72.7,CRITICAL
0.6457,0.277,2223.58,1435.69,218.27,1653.95,74.4,CRITICAL
0.5541,0.277,2223.58,1232.0,274.69,1506.69,67.8,HIGH
0.6351,0.277,2223.58,1412.18,224.78,1636.96,73.6,CRITICAL
0.4844,0.277,2223.58,1077.14,317.59,1394.73,62.7,MODERATE
0.4304,0.277,2223.58,956.99,350.88,1307.86,58.8,MODERATE
0.5078,0.277,2223.58,1129.19,303.17,1432.37,64.4,MODERATE
0.5456,0.277,2223.58,1213.2,279.9,1493.1,67.1,HIGH
0.5185,0.277,2223.58,1152.99,296.58,1449.57,65.2,HIGH
0.5898,0.277,2223.58,1311.56,252.65,1564.21,70.3,HIGH
0.4066,0.277,2223.58,904.03,365.55,1269.58,57.1,MODERATE
0.6564,0.277,2223.58,1459.47,211.68,1671.15,75.2,CRITICAL
0.5997,0.277,2223.58,1333.4,246.6,1580.0,71.1,HIGH
0.5698,0.277,2223.58,1267.07,264.98,1532.05,68.9,HIGH
0.3797,0.277,2223.58,844.22,382.12,1226.33,55.2,MODERATE
0.5029,0.277,2223.58,1118.33,306.18,1424.51,64.1,MODERATE
0.5795,0.277,2223.58,1288.46,259.05,1547.51,69.6,HIGH
0.3839,0.277,2223.58,853.68,379.49,1233.18,55.5,MODERATE
0.6383,0.277,2223.58,1419.41,222.77,1642.19,73.9,CRITICAL
0.4219,0.277,2223.58,938.13,356.1,1294.23,58.2,MODERATE
0.431,0.277,2223.58,958.42,350.48,1308.9,58.9,MODERATE
0.4078,0.277,2223.58,906.83,364.77,1271.6,57.2,MODERATE
0.3405,0.277,2223.58,757.22,406.22,1163.44,52.3,LOW
0.5314,0.277,2223.58,1181.63,288.65,1470.27,66.1,HIGH
0.4431,0.277,2223.58,985.25,343.05,1328.3,59.7,MODERATE
0.3542,0.277,2223.58,787.68,397.78,1185.46,53.3,LOW
0.5738,0.277,2223.58,1275.97,262.51,1538.48,69.2,HIGH
0.4027,0.277,2223.58,895.45,367.92,1263.37,56.8,MODERATE
0.5704,0.277,2223.58,1268.34,264.63,1532.96,68.9,HIGH
0.6567,0.277,2223.58,1460.23,211.47,1671.7,75.2,CRITICAL
0.4968,0.277,2223.58,1104.59,309.99,1414.57,63.6,MODERATE
0.6251,0.277,2223.58,1389.86,230.96,1620.82,72.9,CRITICAL
0.4854,0.277,2223.58,1079.27,317.0,1396.27,62.8,MODERATE
0.5739,0.277,2223.58,1276.16,262.46,1538.62,69.2,HIGH
0.478,0.277,2223.58,1062.9,321.54,1384.44,62.3,MODERATE
0.4434,0.277,2223.58,985.95,342.85,1328.8,59.8,MODERATE
0.4042,0.277,2223.58,898.88,366.98,1265.85,56.9,MODERATE
0.5965,0.277,2223.58,1326.41,248.54,1574.94,70.8,HIGH
0.4661,0.277,2223.58,1036.51,328.85,1365.36,61.4,MODERATE
0.6917,0.277,2223.58,1538.15,189.88,1728.03,77.7,CRITICAL
0.4152,0.277,2223.58,923.18,360.24,1283.42,57.7,MODERATE
0.5325,0.277,2223.58,1184.11,287.96,1472.07,66.2,HIGH
0.4838,0.277,2223.58,1075.76,317.97,1393.73,62.7,MODERATE
0.4968,0.277,2223.58,1104.65,309.97,1414.62,63.6,MODERATE
0.6197,0.277,2223.58,1377.98,234.25,1612.23,72.5,CRITICAL
0.438,0.277,2223.58,973.89,346.19,1320.09,59.4,MODERATE
0.6024,0.277,2223.58,1339.42,244.93,1584.35,71.3,HIGH
0.4835,0.277,2223.58,1075.02,318.18,1393.2,62.7,MODERATE
0.5386,0.277,2223.58,1197.59,284.23,1481.81,66.6,HIGH
0.38,0.277,2223.58,845.02,381.9,1226.91,55.2,MODERATE
0.4573,0.277,2223.58,1016.76,334.32,1351.08,60.8,MODERATE
0.6631,0.277,2223.58,1474.35,207.55,1681.91,75.6,CRITICAL
0.5778,0.277,2223.58,1284.68,260.1,1544.78,69.5,HIGH
0.5033,0.277,2223.58,1119.13,305.96,1425.09,64.1,MODERATE
0.3021,0.277,2223.58,671.71,429.91,1101.61,49.5,LOW
0.4774,0.277,2223.58,1061.62,321.89,1383.51,62.2,MODERATE
0.6127,0.277,2223.58,1362.48,238.54,1601.03,72.0,CRITICAL
0.4753,0.277,2223.58,1056.79,323.23,1380.02,62.1,MODERATE
0.6485,0.277,2223.58,1441.95,216.53,1658.48,74.6,CRITICAL
0.4728,0.277,2223.58,1051.28,324.75,1376.04,61.9,MODERATE
0.4282,0.277,2223.58,952.18,352.21,1304.39,58.7,MODERATE
0.4633,0.277,2223.58,1030.26,330.58,1360.84,61.2,MODERATE
0.5901,0.277,2223.58,1312.13,252.49,1564.62,70.4,HIGH
0.3096,0.277,2223.58,688.35,425.3,1113.65,50.1,LOW
0.4221,0.277,2223.58,938.65,355.96,1294.6,58.2,MODERATE
0.5304,0.277,2223.58,1179.38,289.27,1468.65,66.0,HIGH
0.6695,0.277,2223.58,1488.73,203.57,1692.3,76.1,CRITICAL
0.3752,0.277,2223.58,834.3,384.87,1219.16,54.8,LOW
0.4525,0.277,2223.58,1006.25,337.23,1343.48,60.4,MODERATE
0.4003,0.277,2223.58,890.08,369.41,1259.49,56.6,MODERATE
0.6438,0.277,2223.58,1431.6,219.4,1651.0,74.2,CRITICAL
0.3809,0.277,2223.58,846.92,381.37,1228.29,55.2,MODERATE
0.5987,0.277,2223.58,1331.15,247.23,1578.37,71.0,HIGH
0.5456,0.277,2223.58,1213.12,279.92,1493.04,67.1,HIGH
0.5398,0.277,2223.58,1200.34,283.46,1483.8,66.7,HIGH
0.5385,0.277,2223.58,1197.47,284.26,1481.73,66.6,HIGH
0.6298,0.277,2223.58,1400.37,228.05,1628.42,73.2,CRITICAL
0.4668,0.277,2223.58,1038.0,328.43,1366.44,61.5,MODERATE
0.5203,0.277,2223.58,1156.83,295.52,1452.35,65.3,HIGH
0.4692,0.277,2223.58,1043.27,326.97,1370.25,61.6,MODERATE
0.4284,0.277,2223.58,952.57,352.1,1304.67,58.7,MODERATE
0.6025,0.277,2223.58,1339.68,244.86,1584.54,71.3,HIGH
0.3845,0.277,2223.58,854.99,379.13,1234.12,55.5,MODERATE
0.4412,0.277,2223.58,981.04,344.22,1325.25,59.6,MODERATE
0.5567,0.277,2223.58,1237.8,273.09,1510.88,67.9,HIGH
0.6038,0.277,2223.58,1342.51,244.08,1586.59,71.4,HIGH
0.398,0.277,2223.58,884.9,370.85,1255.75,56.5,MODERATE
0.5008,0.277,2223.58,1113.57,307.5,1421.07,63.9,MODERATE
0.6285,0.277,2223.58,1397.52,228.84,1626.36,73.1,CRITICAL
0.2554,0.277,2223.58,568.0,458.64,1026.64,46.2,LOW
0.7213,0.277,2223.58,1603.78,171.7,1775.48,79.8,CRITICAL
0.5573,0.277,2223.58,1239.17,272.71,1511.88,68.0,HIGH
0.4293,0.277,2223.58,954.6,351.54,1306.14,58.7,MODERATE
0.5051,0.277,2223.58,1123.22,304.83,1428.05,64.2,MODERATE
0.5167,0.277,2223.58,1148.91,297.71,1446.62,65.1,HIGH
0.497,0.277,2223.58,1105.18,309.83,1415.0,63.6,MODERATE
0.364,0.277,2223.58,809.44,391.75,1201.19,54.0,LOW
0.4803,0.277,2223.58,1068.07,320.1,1388.18,62.4,MODERATE
0.4541,0.277,2223.58,1009.78,336.25,1346.04,60.5,MODERATE
0.4714,0.277,2223.58,1048.1,325.64,1373.74,61.8,MODERATE
0.4746,0.277,2223.58,1055.37,323.62,1378.99,62.0,MODERATE
0.4167,0.277,2223.58,926.51,359.32,1285.83,57.8,MODERATE
0.5065,0.277,2223.58,1126.33,303.97,1430.29,64.3,MODERATE
0.5765,0.277,2223.58,1281.83,260.89,1542.72,69.4,HIGH
0.5059,0.277,2223.58,1125.0,304.33,1429.33,64.3,MODERATE
0.5194,0.277,2223.58,1154.87,296.06,1450.93,65.3,HIGH
0.4049,0.277,2223.58,900.42,366.55,1266.96,57.0,MODERATE
0.5619,0.277,2223.58,1249.4,269.87,1519.27,68.3,HIGH
0.6108,0.277,2223.58,1358.25,239.72,1597.97,71.9,HIGH
0.5344,0.277,2223.58,1188.25,286.81,1475.06,66.3,HIGH
0.4657,0.277,2223.58,1035.63,329.09,1364.72,61.4,MODERATE
0.4714,0.277,2223.58,1048.12,325.63,1373.75,61.8,MODERATE
0.4154,0.277,2223.58,923.62,360.12,1283.74,57.7,MODERATE
0.6883,0.277,2223.58,1530.4,192.03,1722.42,77.5,CRITICAL
0.5431,0.277,2223.58,1207.73,281.41,1489.15,67.0,HIGH
0.5152,0.277,2223.58,1145.56,298.64,1444.2,64.9,MODERATE
0.4509,0.277,2223.58,1002.67,338.22,1340.89,60.3,MODERATE
0.5314,0.277,2223.58,1181.62,288.65,1470.27,66.1,HIGH
0.7491,0.277,2223.58,1665.75,154.53,1820.28,81.9,CRITICAL
0.3754,0.277,2223.58,834.67,384.76,1219.43,54.8,LOW
0.3952,0.277,2223.58,878.69,372.57,1251.26,56.3,MODERATE
0.484,0.277,2223.58,1076.21,317.85,1394.06,62.7,MODERATE
0.6127,0.277,2223.58,1362.49,238.54,1601.03,72.0,CRITICAL
0.5921,0.277,2223.58,1316.59,251.26,1567.85,70.5,HIGH
0.4508,0.277,2223.58,1002.47,338.28,1340.75,60.3,MODERATE
0.4354,0.277,2223.58,968.21,347.77,1315.98,59.2,MODERATE
0.5389,0.277,2223.58,1198.37,284.01,1482.38,66.7,HIGH
0.4148,0.277,2223.58,922.39,360.46,1282.85,57.7,MODERATE
0.4058,0.277,2223.58,902.35,366.01,1268.36,57.0,MODERATE
0.4441,0.277,2223.58,987.57,342.4,1329.98,59.8,MODERATE
0.517,0.277,2223.58,1149.57,297.53,1447.1,65.1,HIGH
0.6099,0.277,2223.58,1356.12,240.31,1596.43,71.8,HIGH
0.5686,0.277,2223.58,1264.24,265.76,1530.0,68.8,HIGH
0.5888,0.277,2223.58,1309.34,253.27,1562.61,70.3,HIGH
0.3544,0.277,2223.58,788.06,397.68,1185.73,53.3,LOW
0.4835,0.277,2223.58,1075.14,318.15,1393.28,62.7,MODERATE
0.4449,0.277,2223.58,989.28,341.93,1331.21,59.9,MODERATE
0.6629,0.277,2223.58,1473.91,207.68,1681.59,75.6,CRITICAL
0.414,0.277,2223.58,920.55,360.97,1281.52,57.6,MODERATE
0.4265,0.277,2223.58,948.42,353.25,1301.67,58.5,MODERATE
0.5702,0.277,2223.58,1267.93,264.74,1532.67,68.9,HIGH
0.625,0.277,2223.58,1389.68,231.01,1620.69,72.9,CRITICAL
0.5013,0.277,2223.58,1114.61,307.21,1421.82,63.9,MODERATE
0.5715,0.277,2223.58,1270.83,263.93,1534.77,69.0,HIGH
0.5324,0.277,2223.58,1183.91,288.01,1471.93,66.2,HIGH
0.3847,0.277,2223.58,855.34,379.04,1234.38,55.5,MODERATE
0.4383,0.277,2223.58,974.67,345.98,1320.65,59.4,MODERATE
0.4829,0.277,2223.58,1073.76,318.53,1392.29,62.6,MODERATE
0.2768,0.277,2223.58,615.57,445.46,1061.03,47.7,LOW
0.4457,0.277,2223.58,991.09,341.43,1332.52,59.9,MODERATE
0.4453,0.277,2223.58,990.13,341.7,1331.82,59.9,MODERATE
0.4173,0.277,2223.58,927.88,358.94,1286.82,57.9,MODERATE
0.5129,0.277,2223.58,1140.4,300.07,1440.47,64.8,MODERATE
0.4474,0.277,2223.58,994.91,340.37,1335.28,60.1,MODERATE
0.4738,0.277,2223.58,1053.64,324.1,1377.74,62.0,MODERATE
0.5656,0.277,2223.58,1257.62,267.6,1525.21,68.6,HIGH
0.5555,0.277,2223.58,1235.27,273.79,1509.06,67.9,HIGH
0.4739,0.277,2223.58,1053.79,324.06,1377.85,62.0,MODERATE
0.3836,0.277,2223.58,852.87,379.72,1232.59,55.4,MODERATE
0.3874,0.277,2223.58,861.49,377.33,1238.82,55.7,MODERATE
0.6377,0.277,2223.58,1417.97,223.17,1641.15,73.8,CRITICAL
0.4016,0.277,2223.58,892.95,368.62,1261.57,56.7,MODERATE
0.4137,0.277,2223.58,919.92,361.14,1281.07,57.6,MODERATE
0.3965,0.277,2223.58,881.6,371.76,1253.36,56.4,MODERATE
0.549,0.277,2223.58,1220.77,277.8,1498.57,67.4,HIGH
0.3781,0.277,2223.58,840.84,383.05,1223.89,55.0,MODERATE
0.4554,0.277,2223.58,1012.71,335.44,1348.15,60.6,MODERATE
0.616,0.277,2223.58,1369.82,236.51,1606.33,72.2,CRITICAL
0.4927,0.277,2223.58,1095.51,312.5,1408.01,63.3,MODERATE
0.5653,0.277,2223.58,1257.1,267.74,1524.84,68.6,HIGH
0.4083,0.277,2223.58,907.81,364.5,1272.31,57.2,MODERATE
0.4171,0.277,2223.58,927.35,359.09,1286.44,57.9,MODERATE
0.4229,0.277,2223.58,940.45,355.46,1295.91,58.3,MODERATE
0.4324,0.277,2223.58,961.45,349.64,1311.09,59.0,MODERATE
0.5446,0.277,2223.58,1211.02,280.5,1491.52,67.1,HIGH
0.5779,0.277,2223.58,1284.92,260.03,1544.95,69.5,HIGH
0.2592,0.277,2223.58,576.37,456.32,1032.68,46.4,LOW
0.5384,0.277,2223.58,1197.15,284.35,1481.5,66.6,HIGH
0.6635,0.277,2223.58,1475.28,207.3,1682.58,75.7,CRITICAL
0.4695,0.277,2223.58,1043.99,326.77,1370.77,61.6,MODERATE
0.5019,0.277,2223.58,1115.92,306.85,1422.77,64.0,MODERATE
0.5987,0.277,2223.58,1331.35,247.17,1578.52,71.0,HIGH
0.4097,0.277,2223.58,911.04,363.61,1274.65,57.3,MODERATE
0.4114,0.277,2223.58,914.88,362.54,1277.42,57.4,MODERATE
0.4591,0.277,2223.58,1020.79,333.2,1353.99,60.9,MODERATE
0.3724,0.277,2223.58,828.06,386.59,1214.66,54.6,LOW
0.5197,0.277,2223.58,1155.65,295.84,1451.49,65.3,HIGH
0.3959,0.277,2223.58,880.4,372.09,1252.49,56.3,MODERATE
0.4369,0.277,2223.58,971.56,346.84,1318.4,59.3,MODERATE
0.6122,0.277,2223.58,1361.27,238.88,1600.15,72.0,HIGH
0.4334,0.277,2223.58,963.59,349.05,1312.64,59.0,MODERATE
0.574,0.277,2223.58,1276.27,262.43,1538.7,69.2,HIGH
0.485,0.277,2223.58,1078.39,317.25,1395.63,62.8,MODERATE
0.4181,0.277,2223.58,929.67,358.44,1288.12,57.9,MODERATE
0.6496,0.277,2223.58,1444.43,215.84,1660.27,74.7,CRITICAL
0.4872,0.277,2223.58,1083.35,315.87,1399.22,62.9,MODERATE
0.5796,0.277,2223.58,1288.87,258.94,1547.81,69.6,HIGH
0.3642,0.277,2223.58,809.73,391.67,1201.4,54.0,LOW
0.5222,0.277,2223.58,1161.05,294.35,1455.4,65.5,HIGH
0.399,0.277,2223.58,887.22,370.2,1257.43,56.5,MODERATE
0.4356,0.277,2223.58,968.61,347.66,1316.27,59.2,MODERATE
0.4143,0.277,2223.58,921.28,360.77,1282.05,57.7,MODERATE
0.4618,0.277,2223.58,1026.74,331.55,1358.29,61.1,MODERATE
0.4151,0.277,2223.58,923.03,360.28,1283.32,57.7,MODERATE
0.5385,0.277,2223.58,1197.46,284.26,1481.72,66.6,HIGH
0.5412,0.277,2223.58,1203.32,282.64,1485.96,66.8,HIGH
0.4711,0.277,2223.58,1047.51,325.8,1373.31,61.8,MODERATE
0.3963,0.277,2223.58,881.31,371.84,1253.15,56.4,MODERATE
0.3823,0.277,2223.58,850.15,380.47,1230.63,55.3,MODERATE
0.4264,0.277,2223.58,948.15,353.32,1301.48,58.5,MODERATE
0.4316,0.277,2223.58,959.8,350.1,1309.9,58.9,MODERATE
0.4793,0.277,2223.58,1065.68,320.77,1386.45,62.4,MODERATE
0.4647,0.277,2223.58,1033.32,329.73,1363.05,61.3,MODERATE
0.5622,0.277,2223.58,1250.03,269.7,1519.73,68.3,HIGH
0.4606,0.277,2223.58,1024.25,332.25,1356.49,61.0,MODERATE
0.5162,0.277,2223.58,1147.77,298.03,1445.8,65.0,HIGH
0.4288,0.277,2223.58,953.53,351.84,1305.36,58.7,MODERATE
0.6994,0.277,2223.58,1555.26,185.14,1740.4,78.3,CRITICAL
0.6537,0.277,2223.58,1453.64,213.29,1666.93,75.0,CRITICAL
0.418,0.277,2223.58,929.43,358.51,1287.94,57.9,MODERATE
0.4318,0.277,2223.58,960.22,349.98,1310.2,58.9,MODERATE
0.6771,0.277,2223.58,1505.65,198.88,1704.54,76.7,CRITICAL
0.5417,0.277,2223.58,1204.52,282.3,1486.83,66.9,HIGH
0.4837,0.277,2223.58,1075.58,318.02,1393.6,62.7,MODERATE
0.4121,0.277,2223.58,916.34,362.14,1278.47,57.5,MODERATE
0.3972,0.277,2223.58,883.25,371.3,1254.56,56.4,MODERATE
0.3121,0.277,2223.58,693.96,423.74,1117.7,50.3,LOW
0.4289,0.277,2223.58,953.8,351.76,1305.56,58.7,MODERATE
0.3176,0.277,2223.58,706.17,420.36,1126.53,50.7,LOW
0.5752,0.277,2223.58,1278.98,261.68,1540.66,69.3,HIGH
0.4064,0.277,2223.58,903.64,365.66,1269.29,57.1,MODERATE
0.5237,0.277,2223.58,1164.59,293.37,1457.96,65.6,HIGH
0.6242,0.277,2223.58,1387.99,231.48,1619.47,72.8,CRITICAL
0.483,0.277,2223.58,1074.01,318.46,1392.47,62.6,MODERATE
0.5517,0.277,2223.58,1226.69,276.16,1502.85,67.6,HIGH
0.4308,0.277,2223.58,957.92,350.62,1308.54,58.8,MODERATE
0.5826,0.277,2223.58,1295.41,257.13,1552.53,69.8,HIGH
0.4537,0.277,2223.58,1008.79,336.53,1345.32,60.5,MODERATE
0.6681,0.277,2223.58,1485.47,204.47,1689.95,76.0,CRITICAL
0.4092,0.277,2223.58,909.94,363.91,1273.85,57.3,MODERATE
0.4452,0.277,2223.58,989.93,341.75,1331.68,59.9,MODERATE
0.5032,0.277,2223.58,1118.82,306.05,1424.86,64.1,MODERATE
0.4351,0.277,2223.58,967.45,347.98,1315.43,59.2,MODERATE
0.421,0.277,2223.58,936.04,356.68,1292.72,58.1,MODERATE
0.5408,0.277,2223.58,1202.43,282.88,1485.32,66.8,HIGH
0.5279,0.277,2223.58,1173.85,290.8,1464.65,65.9,HIGH
0.3411,0.277,2223.58,758.37,405.9,1164.27,52.4,LOW
0.5209,0.277,2223.58,1158.16,295.15,1453.31,65.4,HIGH
0.5441,0.277,2223.58,1209.89,280.82,1490.71,67.0,HIGH
0.5003,0.277,2223.58,1112.56,307.78,1420.34,63.9,MODERATE
0.4038,0.277,2223.58,897.84,367.26,1265.1,56.9,MODERATE
0.3683,0.277,2223.58,818.98,389.11,1208.09,54.3,LOW
0.384,0.277,2223.58,853.76,379.47,1233.23,55.5,MODERATE
0.5446,0.277,2223.58,1210.98,280.52,1491.49,67.1,HIGH
0.5519,0.277,2223.58,1227.2,276.02,1503.22,67.6,HIGH
0.6475,0.277,2223.58,1439.76,217.14,1656.89,74.5,CRITICAL
0.3811,0.277,2223.58,847.38,381.24,1228.62,55.3,MODERATE
0.6433,0.277,2223.58,1430.49,219.7,1650.2,74.2,CRITICAL
0.6291,0.277,2223.58,1398.9,228.46,1627.36,73.2,CRITICAL
0.4555,0.277,2223.58,1012.9,335.39,1348.29,60.6,MODERATE
0.4451,0.277,2223.58,989.68,341.82,1331.5,59.9,MODERATE
0.5419,0.277,2223.58,1204.95,282.18,1487.14,66.9,HIGH
0.3782,0.277,2223.58,841.06,382.99,1224.06,55.0,MODERATE
0.3919,0.277,2223.58,871.44,374.57,1246.02,56.0,MODERATE
0.5372,0.277,2223.58,1194.44,285.1,1479.53,66.5,HIGH
0.5037,0.277,2223.58,1120.13,305.68,1425.81,64.1,MODERATE
0.5499,0.277,2223.58,1222.73,277.26,1499.99,67.5,HIGH
0.5149,0.277,2223.58,1144.82,298.84,1443.67,64.9,MODERATE
0.4862,0.277,2223.58,1081.19,316.47,1397.66,62.9,MODERATE
0.5108,0.277,2223.58,1135.91,301.31,1437.22,64.6,MODERATE
0.3194,0.277,2223.58,710.32,419.21,1129.53,50.8,LOW
0.4955,0.277,2223.58,1101.85,310.75,1412.59,63.5,MODERATE
0.5113,0.277,2223.58,1136.97,301.02,1437.99,64.7,MODERATE
0.4196,0.277,2223.58,932.93,357.54,1290.47,58.0,MODERATE
0.5352,0.277,2223.58,1190.08,286.3,1476.39,66.4,HIGH
0.486,0.277,2223.58,1080.72,316.6,1397.32,62.8,MODERATE
0.4128,0.277,2223.58,917.98,361.68,1279.66,57.5,MODERATE
0.561,0.277,2223.58,1247.4,270.42,1517.83,68.3,HIGH
0.4971,0.277,2223.58,1105.41,309.76,1415.17,63.6,MODERATE
0.5571,0.277,2223.58,1238.77,272.82,1511.59,68.0,HIGH
0.3775,0.277,2223.58,839.43,383.44,1222.87,55.0,LOW
0.6283,0.277,2223.58,1397.15,228.94,1626.09,73.1,CRITICAL
0.3761,0.277,2223.58,836.25,384.32,1220.57,54.9,LOW
0.5691,0.277,2223.58,1265.38,265.45,1530.82,68.8,HIGH
0.4147,0.277,2223.58,922.11,360.54,1282.65,57.7,MODERATE
0.4393,0.277,2223.58,976.91,345.36,1322.27,59.5,MODERATE
0.5855,0.277,2223.58,1301.95,255.32,1557.26,70.0,HIGH
0.6111,0.277,2223.58,1358.82,239.56,1598.38,71.9,HIGH
0.2955,0.277,2223.58,657.11,433.95,1091.06,49.1,LOW
0.7406,0.277,2223.58,1646.88,159.76,1806.64,81.2,CRITICAL
0.3914,0.277,2223.58,870.38,374.87,1245.25,56.0,MODERATE
0.4279,0.277,2223.58,951.38,352.43,1303.81,58.6,MODERATE
0.2819,0.277,2223.58,626.77,442.36,1069.13,48.1,LOW
0.4692,0.277,2223.58,1043.25,326.98,1370.23,61.6,MODERATE
0.3825,0.277,2223.58,850.49,380.38,1230.87,55.4,MODERATE
0.3642,0.277,2223.58,809.87,391.63,1201.5,54.0,LOW
0.4203,0.277,2223.58,934.65,357.07,1291.71,58.1,MODERATE
0.6053,0.277,2223.58,1345.89,243.14,1589.03,71.5,HIGH
0.5121,0.277,2223.58,1138.7,300.54,1439.24,64.7,MODERATE
0.6665,0.277,2223.58,1482.04,205.42,1687.47,75.9,CRITICAL
0.4154,0.277,2223.58,923.61,360.12,1283.73,57.7,MODERATE
0.4084,0.277,2223.58,908.16,364.4,1272.56,57.2,MODERATE
0.5046,0.277,2223.58,1122.11,305.13,1427.24,64.2,MODERATE
0.4687,0.277,2223.58,1042.21,327.27,1369.48,61.6,MODERATE
0.531,0.277,2223.58,1180.78,288.88,1469.66,66.1,HIGH
0.6471,0.277,2223.58,1438.86,217.39,1656.25,74.5,CRITICAL
0.3899,0.277,2223.58,867.07,375.79,1242.85,55.9,MODERATE
0.4799,0.277,2223.58,1066.99,320.4,1387.39,62.4,MODERATE
0.5157,0.277,2223.58,1146.7,298.32,1445.03,65.0,MODERATE
0.6161,0.277,2223.58,1369.95,236.48,1606.43,72.2,CRITICAL
0.472,0.277,2223.58,1049.54,325.24,1374.78,61.8,MODERATE
0.4653,0.277,2223.58,1034.71,329.35,1364.06,61.3,MODERATE
0.4373,0.277,2223.58,972.44,346.6,1319.03,59.3,MODERATE
0.3407,0.277,2223.58,757.5,406.14,1163.64,52.3,LOW
0.4216,0.277,2223.58,937.51,356.27,1293.79,58.2,MODERATE
0.4375,0.277,2223.58,972.89,346.47,1319.36,59.3,MODERATE
0.4307,0.277,2223.58,957.62,350.7,1308.32,58.8,MODERATE
0.2255,0.277,2223.58,501.47,477.07,978.53,44.0,LOW
0.5207,0.277,2223.58,1157.79,295.25,1453.04,65.3,HIGH
0.4151,0.277,2223.58,923.0,360.29,1283.29,57.7,MODERATE
0.5529,0.277,2223.58,1229.43,275.4,1504.84,67.7,HIGH
0.5293,0.277,2223.58,1176.86,289.97,1466.83,66.0,HIGH
0.3433,0.277,2223.58,763.43,404.5,1167.93,52.5,LOW
0.559,0.277,2223.58,1242.89,271.68,1514.57,68.1,HIGH
0.3923,0.277,2223.58,872.39,374.31,1246.7,56.1,MODERATE
0.464,0.277,2223.58,1031.78,330.16,1361.94,61.2,MODERATE
0.5908,0.277,2223.58,1313.68,252.06,1565.74,70.4,HIGH
0.3693,0.277,2223.58,821.21,388.49,1209.7,54.4,LOW
0.4482,0.277,2223.58,996.51,339.93,1336.44,60.1,MODERATE
0.5035,0.277,2223.58,1119.54,305.85,1425.39,64.1,MODERATE
0.569,0.277,2223.58,1265.19,265.5,1530.69,68.8,HIGH
0.6107,0.277,2223.58,1358.02,239.78,1597.8,71.9,HIGH
0.404,0.277,2223.58,898.31,367.13,1265.44,56.9,MODERATE
0.4528,0.277,2223.58,1006.79,337.08,1343.87,60.4,MODERATE
0.3846,0.277,2223.58,855.2,379.08,1234.27,55.5,MODERATE
0.4944,0.277,2223.58,1099.38,311.43,1410.81,63.4,MODERATE
0.4011,0.277,2223.58,891.95,368.89,1260.84,56.7,MODERATE
0.4678,0.277,2223.58,1040.18,327.83,1368.01,61.5,MODERATE
0.4709,0.277,2223.58,1047.01,325.94,1372.95,61.7,MODERATE
0.3277,0.277,2223.58,728.69,414.12,1142.81,51.4,LOW
0.4402,0.277,2223.58,978.81,344.83,1323.64,59.5,MODERATE
0.4932,0.277,2223.58,1096.77,312.15,1408.92,63.4,MODERATE
0.3225,0.277,2223.58,717.18,417.31,1134.49,51.0,LOW
0.5617,0.277,2223.58,1248.89,270.01,1518.91,68.3,HIGH
0.469,0.277,2223.58,1042.84,327.09,1369.93,61.6,MODERATE
0.5689,0.277,2223.58,1265.0,265.55,1530.55,68.8,HIGH
0.5446,0.277,2223.58,1211.03,280.5,1491.53,67.1,HIGH
0.4708,0.277,2223.58,1046.79,326.0,1372.79,61.7,MODERATE
0.4254,0.277,2223.58,945.92,353.94,1299.87,58.5,MODERATE
0.4168,0.277,2223.58,926.75,359.25,1286.0,57.8,MODERATE
0.4441,0.277,2223.58,987.43,342.44,1329.87,59.8,MODERATE
0.3206,0.277,2223.58,712.93,418.49,1131.41,50.9,LOW
0.4881,0.277,2223.58,1085.44,315.29,1400.73,63.0,MODERATE
0.4338,0.277,2223.58,964.66,348.75,1313.41,59.1,MODERATE
0.6294,0.277,2223.58,1399.56,228.27,1627.84,73.2,CRITICAL
0.3927,0.277,2223.58,873.12,374.11,1247.23,56.1,MODERATE
0.4629,0.277,2223.58,1029.24,330.86,1360.1,61.2,MODERATE
0.3383,0.277,2223.58,752.19,407.61,1159.8,52.2,LOW
0.6313,0.277,2223.58,1403.67,227.14,1630.8,73.3,CRITICAL
0.3307,0.277,2223.58,735.36,412.27,1147.63,51.6,LOW
0.499,0.277,2223.58,1109.5,308.63,1418.13,63.8,MODERATE
0.5057,0.277,2223.58,1124.49,304.47,1428.97,64.3,MODERATE
0.5342,0.277,2223.58,1187.89,286.91,1474.8,66.3,HIGH
0.5041,0.277,2223.58,1120.82,305.49,1426.31,64.1,MODERATE
0.5196,0.277,2223.58,1155.41,295.91,1451.32,65.3,HIGH
0.4683,0.277,2223.58,1041.27,327.53,1368.8,61.6,MODERATE
0.5567,0.277,2223.58,1237.78,273.09,1510.87,67.9,HIGH
0.5953,0.277,2223.58,1323.59,249.32,1572.91,70.7,HIGH
0.4189,0.277,2223.58,931.54,357.93,1289.47,58.0,MODERATE
0.3036,0.277,2223.58,675.15,428.95,1104.11,49.7,LOW
0.7069,0.277,2223.58,1571.75,180.57,1752.32,78.8,CRITICAL
0.451,0.277,2223.58,1002.85,338.17,1341.02,60.3,MODERATE
0.5339,0.277,2223.58,1187.21,287.1,1474.31,66.3,HIGH
0.4534,0.277,2223.58,1008.15,336.7,1344.85,60.5,MODERATE
0.6306,0.277,2223.58,1402.15,227.56,1629.71,73.3,CRITICAL
0.3824,0.277,2223.58,850.23,380.45,1230.68,55.3,MODERATE
0.5187,0.277,2223.58,1153.31,296.49,1449.8,65.2,HIGH
0.4344,0.277,2223.58,965.95,348.39,1314.35,59.1,MODERATE
0.5806,0.277,2223.58,1290.95,258.36,1549.31,69.7,HIGH
0.4115,0.277,2223.58,915.01,362.51,1277.52,57.5,MODERATE
0.2904,0.277,2223.58,645.65,437.12,1082.78,48.7,LOW
0.6283,0.277,2223.58,1397.11,228.95,1626.06,73.1,CRITICAL
0.6505,0.277,2223.58,1446.48,215.28,1661.75,74.7,CRITICAL
0.5912,0.277,2223.58,1314.49,251.84,1566.33,70.4,HIGH
0.4319,0.277,2223.58,960.35,349.95,1310.3,58.9,MODERATE
0.4853,0.277,2223.58,1079.07,317.06,1396.12,62.8,MODERATE
0.3958,0.277,2223.58,880.1,372.18,1252.28,56.3,MODERATE
0.5094,0.277,2223.58,1132.74,302.19,1434.93,64.5,MODERATE
0.5794,0.277,2223.58,1288.28,259.1,1547.38,69.6,HIGH
0.4824,0.277,2223.58,1072.57,318.86,1391.43,62.6,MODERATE
0.5768,0.277,2223.58,1282.63,260.67,1543.29,69.4,HIGH
0.397,0.277,2223.58,882.79,371.43,1254.22,56.4,MODERATE
0.559,0.277,2223.58,1242.94,271.66,1514.6,68.1,HIGH
0.6267,0.277,2223.58,1393.63,229.92,1623.55,73.0,CRITICAL
0.47,0.277,2223.58,1045.16,326.45,1371.61,61.7,MODERATE
0.4657,0.277,2223.58,1035.55,329.11,1364.66,61.4,MODERATE
0.46,0.277,2223.58,1022.9,332.62,1355.52,61.0,MODERATE
0.6265,0.277,2223.58,1393.11,230.06,1623.17,73.0,CRITICAL
0.3367,0.277,2223.58,748.62,408.6,1157.22,52.0,LOW
0.5224,0.277,2223.58,1161.51,294.22,1455.73,65.5,HIGH
0.3057,0.277,2223.58,679.8,427.66,1107.47,49.8,LOW
0.5976,0.277,2223.58,1328.79,247.88,1576.67,70.9,HIGH
0.425,0.277,2223.58,944.92,354.22,1299.14,58.4,MODERATE
0.2718,0.277,2223.58,604.33,448.57,1052.9,47.4,LOW
0.4441,0.277,2223.58,987.58,342.4,1329.98,59.8,MODERATE
0.4293,0.277,2223.58,954.69,351.51,1306.2,58.7,MODERATE
0.4128,0.277,2223.58,917.9,361.71,1279.61,57.5,MODERATE
0.4572,0.277,2223.58,1016.62,334.36,1350.98,60.8,MODERATE
0.5219,0.277,2223.58,1160.59,294.47,1455.07,65.4,HIGH
0.426,0.277,2223.58,947.27,353.57,1300.84,58.5,MODERATE
0.3116,0.277,2223.58,692.96,424.02,1116.98,50.2,LOW
0.4549,0.277,2223.58,1011.4,335.8,1347.2,60.6,MODERATE
0.5239,0.277,2223.58,1164.95,293.27,1458.21,65.6,HIGH
0.5475,0.277,2223.58,1217.44,278.73,1496.16,67.3,HIGH
0.4644,0.277,2223.58,1032.69,329.9,1362.6,61.3,MODERATE
0.5285,0.277,2223.58,1175.12,290.45,1465.57,65.9,HIGH
0.4068,0.277,2223.58,904.54,365.41,1269.95,57.1,MODERATE
0.6177,0.277,2223.58,1373.58,235.47,1609.05,72.4,CRITICAL
0.5559,0.277,2223.58,1236.09,273.56,1509.65,67.9,HIGH
0.5367,0.277,2223.58,1193.45,285.37,1478.82,66.5,HIGH
0.5583,0.277,2223.58,1241.53,272.05,1513.58,68.1,HIGH
0.4836,0.277,2223.58,1075.4,318.07,1393.47,62.7,MODERATE
0.5077,0.277,2223.58,1128.99,303.23,1432.22,64.4,MODERATE
0.4056,0.277,2223.58,901.96,366.12,1268.08,57.0,MODERATE
0.4547,0.277,2223.58,1011.04,335.9,1346.94,60.6,MODERATE
0.4245,0.277,2223.58,943.86,354.51,1298.37,58.4,MODERATE
0.473,0.277,2223.58,1051.72,324.63,1376.35,61.9,MODERATE
0.3018,0.277,2223.58,671.18,430.05,1101.23,49.5,LOW
0.358,0.277,2223.58,796.0,395.47,1191.48,53.6,LOW
0.424,0.277,2223.58,942.84,354.8,1297.64,58.4,MODERATE
0.1797,0.277,2223.58,399.54,505.3,904.85,40.7,LOW
0.4573,0.277,2223.58,1016.78,334.31,1351.09,60.8,MODERATE
0.3877,0.277,2223.58,862.16,377.15,1239.31,55.7,MODERATE
0.5065,0.277,2223.58,1126.32,303.97,1430.29,64.3,MODERATE
0.5345,0.277,2223.58,1188.42,286.76,1475.19,66.3,HIGH
0.3176,0.277,2223.58,706.13,420.37,1126.5,50.7,LOW
0.46,0.277,2223.58,1022.89,332.62,1355.51,61.0,MODERATE
0.368,0.277,2223.58,818.28,389.3,1207.59,54.3,LOW
0.5684,0.277,2223.58,1263.84,265.87,1529.71,68.8,HIGH
0.3294,0.277,2223.58,732.44,413.08,1145.52,51.5,LOW
0.4533,0.277,2223.58,1008.05,336.73,1344.78,60.5,MODERATE
0.5406,0.277,2223.58,1201.98,283.01,1484.99,66.8,HIGH
0.5216,0.277,2223.58,1159.78,294.7,1454.48,65.4,HIGH
0.4212,0.277,2223.58,936.6,356.52,1293.13,58.2,MODERATE
0.6176,0.277,2223.58,1373.39,235.52,1608.91,72.4,CRITICAL
0.4155,0.277,2223.58,923.79,360.07,1283.86,57.7,MODERATE
0.5612,0.277,2223.58,1247.97,270.27,1518.23,68.3,HIGH
0.5517,0.277,2223.58,1226.73,276.15,1502.88,67.6,HIGH
0.504,0.277,2223.58,1120.6,305.55,1426.15,64.1,MODERATE
0.2862,0.277,2223.58,636.43,439.68,1076.11,48.4,LOW
0.6021,0.277,2223.58,1338.75,245.12,1583.87,71.2,HIGH
0.4325,0.277,2223.58,961.71,349.57,1311.28,59.0,MODERATE
0.426,0.277,2223.58,947.22,353.58,1300.8,58.5,MODERATE
0.5509,0.277,2223.58,1224.99,276.63,1501.62,67.5,HIGH
0.5766,0.277,2223.58,1282.04,260.83,1542.87,69.4,HIGH
0.4652,0.277,2223.58,1034.35,329.45,1363.79,61.3,MODERATE
0.3057,0.277,2223.58,679.73,427.68,1107.41,49.8,LOW
0.5967,0.277,2223.58,1326.91,248.4,1575.31,70.8,HIGH
0.5495,0.277,2223.58,1221.91,277.49,1499.4,67.4,HIGH
0.4962,0.277,2223.58,1103.25,310.36,1413.61,63.6,MODERATE
0.4343,0.277,2223.58,965.68,348.47,1314.15,59.1,MODERATE
0.4706,0.277,2223.58,1046.34,326.12,1372.46,61.7,MODERATE
0.5305,0.277,2223.58,1179.6,289.21,1468.81,66.1,HIGH
0.5393,0.277,2223.58,1199.14,283.8,1482.93,66.7,HIGH
0.5253,0.277,2223.58,1168.15,292.38,1460.53,65.7,HIGH
0.381,0.277,2223.58,847.16,381.3,1228.46,55.2,MODERATE
0.5566,0.277,2223.58,1237.66,273.13,1510.78,67.9,HIGH
0.2795,0.277,2223.58,621.58,443.79,1065.37,47.9,LOW
0.484,0.277,2223.58,1076.14,317.87,1394.01,62.7,MODERATE
0.4703,0.277,2223.58,1045.86,326.26,1372.11,61.7,MODERATE
0.5207,0.277,2223.58,1157.78,295.25,1453.03,65.3,HIGH
0.4911,0.277,2223.58,1092.01,313.47,1405.49,63.2,MODERATE
0.5246,0.277,2223.58,1166.41,292.86,1459.27,65.6,HIGH
0.3073,0.277,2223.58,683.26,426.71,1109.96,49.9,LOW
0.4748,0.277,2223.58,1055.65,323.54,1379.2,62.0,MODERATE
0.5887,0.277,2223.58,1308.97,253.37,1562.34,70.3,HIGH
0.1759,0.277,2223.58,391.08,507.65,898.73,40.4,LOW
0.5183,0.277,2223.58,1152.44,296.73,1449.17,65.2,HIGH
0.5122,0.277,2223.58,1138.92,300.48,1439.4,64.7,MODERATE
0.555,0.277,2223.58,1234.1,274.11,1508.21,67.8,HIGH
0.3731,0.277,2223.58,829.52,386.19,1215.71,54.7,LOW
0.5994,0.277,2223.58,1332.8,246.77,1579.57,71.0,HIGH
0.6754,0.277,2223.58,1501.77,199.96,1701.73,76.5,CRITICAL
0.5396,0.277,2223.58,1199.78,283.62,1483.4,66.7,HIGH
0.6895,0.277,2223.58,1533.06,191.29,1724.35,77.5,CRITICAL
0.4656,0.277,2223.58,1035.2,329.21,1364.41,61.4,MODERATE
0.5009,0.277,2223.58,1113.87,307.42,1421.29,63.9,MODERATE
0.6744,0.277,2223.58,1499.6,200.56,1700.16,76.5,CRITICAL
0.6382,0.277,2223.58,1419.09,222.86,1641.96,73.8,CRITICAL
0.5165,0.277,2223.58,1148.51,297.82,1446.33,65.0,HIGH
0.4273,0.277,2223.58,950.06,352.8,1302.85,58.6,MODERATE
0.507,0.277,2223.58,1127.46,303.65,1431.11,64.4,MODERATE
0.4126,0.277,2223.58,917.49,361.82,1279.31,57.5,MODERATE
0.412,0.277,2223.58,916.21,362.17,1278.38,57.5,MODERATE
0.4251,0.277,2223.58,945.32,354.11,1299.43,58.4,MODERATE
0.4884,0.277,2223.58,1086.01,315.13,1401.15,63.0,MODERATE
0.6205,0.277,2223.58,1379.76,233.76,1613.52,72.6,CRITICAL
0.4581,0.277,2223.58,1018.59,333.81,1352.4,60.8,MODERATE
0.4776,0.277,2223.58,1061.93,321.81,1383.73,62.2,MODERATE
0.6233,0.277,2223.58,1385.94,232.05,1617.99,72.8,CRITICAL
0.5512,0.277,2223.58,1225.66,276.45,1502.11,67.6,HIGH
0.5542,0.277,2223.58,1232.32,274.6,1506.93,67.8,HIGH
0.5763,0.277,2223.58,1281.51,260.98,1542.49,69.4,HIGH
0.4622,0.277,2223.58,1027.84,331.25,1359.09,61.1,MODERATE
0.6304,0.277,2223.58,1401.66,227.69,1629.35,73.3,CRITICAL
0.4602,0.277,2223.58,1023.24,332.52,1355.76,61.0,MODERATE
0.5342,0.277,2223.58,1187.75,286.95,1474.7,66.3,HIGH
0.5383,0.277,2223.58,1196.94,284.4,1481.35,66.6,HIGH
0.3915,0.277,2223.58,870.58,374.81,1245.39,56.0,MODERATE
0.4575,0.277,2223.58,1017.24,334.19,1351.43,60.8,MODERATE
0.417,0.277,2223.58,927.33,359.09,1286.43,57.9,MODERATE
0.5863,0.277,2223.58,1303.59,254.86,1558.45,70.1,HIGH
0.4174,0.277,2223.58,928.1,358.88,1286.98,57.9,MODERATE
0.5023,0.277,2223.58,1116.97,306.56,1423.53,64.0,MODERATE
0.5906,0.277,2223.58,1313.21,252.19,1565.41,70.4,HIGH
0.4701,0.277,2223.58,1045.39,326.39,1371.77,61.7,MODERATE
0.6381,0.277,2223.58,1418.95,222.9,1641.85,73.8,CRITICAL
0.3759,0.277,2223.58,835.91,384.42,1220.33,54.9,LOW
0.4535,0.277,2223.58,1008.34,336.65,1344.99,60.5,MODERATE
0.4491,0.277,2223.58,998.56,339.36,1337.92,60.2,MODERATE
0.5243,0.277,2223.58,1165.76,293.04,1458.8,65.6,HIGH
0.1918,0.277,2223.58,426.56,497.82,924.38,41.6,LOW
0.4496,0.277,2223.58,999.77,339.03,1338.8,60.2,MODERATE
0.509,0.277,2223.58,1131.69,302.48,1434.17,64.5,MODERATE
0.6471,0.277,2223.58,1438.78,217.41,1656.19,74.5,CRITICAL
0.525,0.277,2223.58,1167.32,292.61,1459.93,65.7,HIGH
0.534,0.277,2223.58,1187.5,287.02,1474.52,66.3,HIGH
0.3775,0.277,2223.58,839.43,383.44,1222.87,55.0,LOW
0.4152,0.277,2223.58,923.17,360.25,1283.42,57.7,MODERATE
0.6488,0.277,2223.58,1442.63,216.34,1658.97,74.6,CRITICAL
0.4897,0.277,2223.58,1088.83,314.35,1403.18,63.1,MODERATE
0.5026,0.277,2223.58,1117.56,306.39,1423.96,64.0,MODERATE
0.6182,0.277,2223.58,1374.6,235.19,1609.78,72.4,CRITICAL
0.4676,0.277,2223.58,1039.65,327.98,1367.63,61.5,MODERATE
0.5398,0.277,2223.58,1200.39,283.45,1483.84,66.7,HIGH
0.6022,0.277,2223.58,1338.99,245.05,1584.05,71.2,HIGH
0.4959,0.277,2223.58,1102.6,310.54,1413.14,63.6,MODERATE
0.4904,0.277,2223.58,1090.55,313.88,1404.43,63.2,MODERATE
0.3517,0.277,2223.58,782.1,399.32,1181.43,53.1,LOW
0.3371,0.277,2223.58,749.63,408.32,1157.95,52.1,LOW
0.2816,0.277,2223.58,626.06,442.55,1068.61,48.1,LOW
0.5293,0.277,2223.58,1176.85,289.97,1466.82,66.0,HIGH
0.5084,0.277,2223.58,1130.55,302.8,1433.35,64.5,MODERATE
0.6924,0.277,2223.58,1539.65,189.46,1729.12,77.8,CRITICAL
0.4307,0.277,2223.58,957.65,350.69,1308.34,58.8,MODERATE
0.6624,0.277,2223.58,1472.98,207.93,1680.92,75.6,CRITICAL
0.6987,0.277,2223.58,1553.54,185.62,1739.16,78.2,CRITICAL
0.4367,0.277,2223.58,971.14,346.96,1318.1,59.3,MODERATE
0.5704,0.277,2223.58,1268.23,264.65,1532.89,68.9,HIGH
0.4262,0.277,2223.58,947.77,353.43,1301.2,58.5,MODERATE
0.4138,0.277,2223.58,920.17,361.08,1281.25,57.6,MODERATE
0.3067,0.277,2223.58,681.94,427.07,1109.01,49.9,LOW
0.4441,0.277,2223.58,987.45,342.44,1329.89,59.8,MODERATE
0.3902,0.277,2223.58,867.61,375.64,1243.25,55.9,MODERATE
0.5134,0.277,2223.58,1141.68,299.71,1441.39,64.8,MODERATE
0.4405,0.277,2223.58,979.49,344.64,1324.14,59.5,MODERATE
0.3652,0.277,2223.58,812.06,391.03,1203.09,54.1,LOW
0.5137,0.277,2223.58,1142.19,299.57,1441.76,64.8,MODERATE
0.4537,0.277,2223.58,1008.83,336.52,1345.34,60.5,MODERATE
0.3329,0.277,2223.58,740.3,410.9,1151.21,51.8,LOW
0.4788,0.277,2223.58,1064.58,321.07,1385.65,62.3,MODERATE
0.621,0.277,2223.58,1380.79,233.47,1614.27,72.6,CRITICAL
0.4376,0.277,2223.58,973.07,346.42,1319.49,59.3,MODERATE
0.5647,0.277,2223.58,1255.72,268.12,1523.84,68.5,HIGH
0.3965,0.277,2223.58,881.64,371.75,1253.39,56.4,MODERATE
0.5664,0.277,2223.58,1259.52,267.07,1526.59,68.7,HIGH
0.2143,0.277,2223.58,476.6,483.95,960.56,43.2,LOW
0.6179,0.277,2223.58,1373.99,235.36,1609.34,72.4,CRITICAL
0.4418,0.277,2223.58,982.36,343.85,1326.21,59.6,MODERATE
0.5468,0.277,2223.58,1215.88,279.16,1495.04,67.2,HIGH
0.3939,0.277,2223.58,875.94,373.33,1249.27,56.2,MODERATE
0.6395,0.277,2223.58,1421.97,222.07,1644.04,73.9,CRITICAL
0.4695,0.277,2223.58,1044.02,326.77,1370.79,61.6,MODERATE
0.507,0.277,2223.58,1127.33,303.69,1431.02,64.4,MODERATE
0.6839,0.277,2223.58,1520.61,194.74,1715.35,77.1,CRITICAL
0.5036,0.277,2223.58,1119.85,305.76,1425.61,64.1,MODERATE
0.4705,0.277,2223.58,1046.2,326.16,1372.37,61.7,MODERATE
0.5304,0.277,2223.58,1179.42,289.26,1468.68,66.1,HIGH
0.6685,0.277,2223.58,1486.46,204.2,1690.66,76.0,CRITICAL
0.566,0.277,2223.58,1258.47,267.36,1525.83,68.6,HIGH
0.417,0.277,2223.58,927.23,359.12,1286.35,57.9,MODERATE
0.3457,0.277,2223.58,768.59,403.07,1171.65,52.7,LOW
0.3205,0.277,2223.58,712.72,418.55,1131.26,50.9,LOW
0.3106,0.277,2223.58,690.61,424.67,1115.28,50.2,LOW
0.4556,0.277,2223.58,1012.97,335.37,1348.34,60.6,MODERATE
0.5137,0.277,2223.58,1142.16,299.58,1441.74,64.8,MODERATE
0.5417,0.277,2223.58,1204.58,282.29,1486.87,66.9,HIGH
0.4451,0.277,2223.58,989.68,341.82,1331.5,59.9,MODERATE
0.5895,0.277,2223.58,1310.71,252.89,1563.6,70.3,HIGH
0.4819,0.277,2223.58,1071.55,319.14,1390.69,62.5,MODERATE
0.3819,0.277,2223.58,849.07,380.77,1229.85,55.3,MODERATE
0.4288,0.277,2223.58,953.52,351.84,1305.36,58.7,MODERATE
0.5144,0.277,2223.58,1143.88,299.1,1442.99,64.9,MODERATE
0.3897,0.277,2223.58,866.58,375.92,1242.5,55.9,MODERATE
0.4441,0.277,2223.58,987.54,342.41,1329.95,59.8,MODERATE
0.584,0.277,2223.58,1298.47,256.28,1554.75,69.9,HIGH
0.5114,0.277,2223.58,1137.08,300.99,1438.07,64.7,MODERATE
0.4087,0.277,2223.58,908.68,364.26,1272.94,57.2,MODERATE
0.5077,0.277,2223.58,1128.83,303.27,1432.1,64.4,MODERATE
0.4963,0.277,2223.58,1103.67,310.24,1413.91,63.6,MODERATE
0.4191,0.277,2223.58,932.01,357.8,1289.81,58.0,MODERATE
0.6355,0.277,2223.58,1413.15,224.51,1637.66,73.6,CRITICAL
0.4685,0.277,2223.58,1041.67,327.42,1369.09,61.6,MODERATE
0.5594,0.277,2223.58,1243.91,271.39,1515.3,68.1,HIGH
0.5991,0.277,2223.58,1332.25,246.92,1579.17,71.0,HIGH
0.5164,0.277,2223.58,1148.18,297.91,1446.09,65.0,HIGH
0.371,0.277,2223.58,824.91,387.47,1212.38,54.5,LOW
0.4462,0.277,2223.58,992.22,341.12,1333.34,60.0,MODERATE
0.4317,0.277,2223.58,959.94,350.06,1310.0,58.9,MODERATE
0.5436,0.277,2223.58,1208.75,281.13,1489.88,67.0,HIGH
0.4635,0.277,2223.58,1030.62,330.48,1361.1,61.2,MODERATE
0.5907,0.277,2223.58,1313.53,252.1,1565.64,70.4,HIGH
0.5502,0.277,2223.58,1223.49,277.05,1500.54,67.5,HIGH
0.5156,0.277,2223.58,1146.57,298.36,1444.93,65.0,MODERATE
0.3954,0.277,2223.58,879.21,372.42,1251.63,56.3,MODERATE
0.4768,0.277,2223.58,1060.28,322.26,1382.54,62.2,MODERATE
0.5437,0.277,2223.58,1208.88,281.1,1489.98,67.0,HIGH
0.589,0.277,2223.58,1309.68,253.17,1562.86,70.3,HIGH
0.4938,0.277,2223.58,1097.97,311.82,1409.79,63.4,MODERATE
0.507,0.277,2223.58,1127.44,303.66,1431.1,64.4,MODERATE
0.5701,0.277,2223.58,1267.64,264.82,1532.46,68.9,HIGH
0.607,0.277,2223.58,1349.71,242.08,1591.79,71.6,HIGH
0.4891,0.277,2223.58,1087.54,314.71,1402.25,63.1,MODERATE
0.3132,0.277,2223.58,696.43,423.06,1119.49,50.3,LOW
0.6873,0.277,2223.58,1528.31,192.61,1720.92,77.4,CRITICAL
0.4762,0.277,2223.58,1058.84,322.66,1381.5,62.1,MODERATE
0.5014,0.277,2223.58,1114.97,307.11,1422.08,64.0,MODERATE
0.5167,0.277,2223.58,1148.95,297.7,1446.65,65.1,HIGH
0.6007,0.277,2223.58,1335.76,245.95,1581.71,71.1,HIGH
0.6818,0.277,2223.58,1515.98,196.02,1712.01,77.0,CRITICAL
0.3823,0.277,2223.58,850.15,380.47,1230.63,55.3,MODERATE
0.3719,0.277,2223.58,826.86,386.92,1213.79,54.6,LOW
0.5566,0.277,2223.58,1237.57,273.15,1510.72,67.9,HIGH
0.2995,0.277,2223.58,666.04,431.48,1097.52,49.4,LOW
0.6105,0.277,2223.58,1357.47,239.93,1597.4,71.8,HIGH
0.624,0.277,2223.58,1387.49,231.62,1619.11,72.8,CRITICAL
0.4349,0.277,2223.58,967.11,348.07,1315.18,59.1,MODERATE
0.3654,0.277,2223.58,812.52,390.9,1203.42,54.1,LOW
0.495,0.277,2223.58,1100.69,311.07,1411.76,63.5,MODERATE
0.4221,0.277,2223.58,938.64,355.96,1294.6,58.2,MODERATE
0.3367,0.277,2223.58,748.78,408.55,1157.34,52.0,LOW
0.5385,0.277,2223.58,1197.48,284.25,1481.74,66.6,HIGH
0.1888,0.277,2223.58,419.91,499.66,919.57,41.4,LOW
0.6216,0.277,2223.58,1382.21,233.08,1615.29,72.6,CRITICAL
0.4144,0.277,2223.58,921.4,360.74,1282.14,57.7,MODERATE
0.3542,0.277,2223.58,787.51,397.83,1185.34,53.3,LOW
0.509,0.277,2223.58,1131.88,302.43,1434.31,64.5,MODERATE
0.6535,0.277,2223.58,1453.05,213.46,1666.51,74.9,CRITICAL
0.614,0.277,2223.58,1365.23,237.78,1603.02,72.1,CRITICAL
0.4374,0.277,2223.58,972.53,346.57,1319.1,59.3,MODERATE
0.5098,0.277,2223.58,1133.54,301.97,1435.51,64.6,MODERATE
0.4743,0.277,2223.58,1054.75,323.79,1378.55,62.0,MODERATE
0.3869,0.277,2223.58,860.36,377.65,1238.01,55.7,MODERATE
0.5892,0.277,2223.58,1310.13,253.05,1563.18,70.3,HIGH
0.5368,0.277,2223.58,1193.61,285.33,1478.94,66.5,HIGH
0.5201,0.277,2223.58,1156.52,295.6,1452.12,65.3,HIGH
0.4205,0.277,2223.58,935.06,356.95,1292.01,58.1,MODERATE
0.5237,0.277,2223.58,1164.4,293.42,1457.82,65.6,HIGH
0.6081,0.277,2223.58,1352.2,241.39,1593.59,71.7,HIGH
0.5646,0.277,2223.58,1255.48,268.19,1523.67,68.5,HIGH
0.4225,0.277,2223.58,939.53,355.71,1295.24,58.3,MODERATE
0.6085,0.277,2223.58,1353.15,241.13,1594.28,71.7,HIGH
0.3857,0.277,2223.58,857.56,378.42,1235.98,55.6,MODERATE
0.6962,0.277,2223.58,1548.14,187.11,1735.25,78.0,CRITICAL
0.4918,0.277,2223.58,1093.51,313.06,1406.56,63.3,MODERATE
0.4471,0.277,2223.58,994.15,340.58,1334.73,60.0,MODERATE
0.5206,0.277,2223.58,1157.54,295.32,1452.86,65.3,HIGH
0.4119,0.277,2223.58,915.84,362.28,1278.11,57.5,MODERATE
0.4188,0.277,2223.58,931.21,358.02,1289.22,58.0,MODERATE
0.3341,0.277,2223.58,742.82,410.21,1153.02,51.9,LOW
0.4403,0.277,2223.58,978.98,344.78,1323.77,59.5,MODERATE
0.4526,0.277,2223.58,1006.48,337.17,1343.64,60.4,MODERATE
0.4648,0.277,2223.58,1033.45,329.69,1363.15,61.3,MODERATE
0.4812,0.277,2223.58,1070.07,319.55,1389.62,62.5,MODERATE
0.5073,0.277,2223.58,1128.01,303.5,1431.51,64.4,MODERATE
0.4575,0.277,2223.58,1017.26,334.18,1351.44,60.8,MODERATE
0.5477,0.277,2223.58,1217.96,278.58,1496.54,67.3,HIGH
0.5758,0.277,2223.58,1280.45,261.27,1541.72,69.3,HIGH
0.352,0.277,2223.58,782.76,399.14,1181.9,53.2,LOW
